year,county_name,housing_occupancy_total_housing_units,housing_occupancy_total_housing_units_occupied_hou,housing_occupancy_total_housing_units_vacant_housi,housing_occupancy_total_housing_units_homeowner_va,housing_occupancy_total_housing_units_rental_vacan,units_in_structure_total_housing_units,units_in_structure_total_housing_units_1_unit_deta,units_in_structure_total_housing_units_1_unit_atta,units_in_structure_total_housing_units_2_units,units_in_structure_total_housing_units_3_or_4_unit,units_in_structure_total_housing_units_5_to_9_unit,units_in_structure_total_housing_units_10_to_19_un,units_in_structure_total_housing_units_20_or_more_,units_in_structure_total_housing_units_mobile_home,units_in_structure_total_housing_units_boat_rv_van,year_structure_built_total_housing_units,year_structure_built_total_housing_units_built_201,year_structure_built_total_housing_units_built_201,year_structure_built_total_housing_units_built_200,year_structure_built_total_housing_units_built_199,year_structure_built_total_housing_units_built_198,year_structure_built_total_housing_units_built_197,year_structure_built_total_housing_units_built_196,year_structure_built_total_housing_units_built_195,year_structure_built_total_housing_units_built_194,year_structure_built_total_housing_units_built_193,rooms_total_housing_units,rooms_total_housing_units_1_room,rooms_total_housing_units_2_rooms,rooms_total_housing_units_3_rooms,rooms_total_housing_units_4_rooms,rooms_total_housing_units_5_rooms,rooms_total_housing_units_6_rooms,rooms_total_housing_units_7_rooms,rooms_total_housing_units_8_rooms,state_fips,county_fips,rooms_total_housing_units_9_rooms_or_more,rooms_total_housing_units_median_rooms,bedrooms_total_housing_units,bedrooms_total_housing_units_no_bedroom,bedrooms_total_housing_units_1_bedroom,bedrooms_total_housing_units_2_bedrooms,bedrooms_total_housing_units_3_bedrooms,bedrooms_total_housing_units_4_bedrooms,bedrooms_total_housing_units_5_or_more_bedrooms,housing_tenure_occupied_housing_units,housing_tenure_occupied_housing_units_owner_occupi,housing_tenure_occupied_housing_units_renter_occup,housing_tenure_occupied_housing_units_average_hous,housing_tenure_occupied_housing_units_average_hous,year_householder_moved_into_unit_occupied_housing_,year_householder_moved_into_unit_occupied_housing_,year_householder_moved_into_unit_occupied_housing_,year_householder_moved_into_unit_occupied_housing_,year_householder_moved_into_unit_occupied_housing_,year_householder_moved_into_unit_occupied_housing_,year_householder_moved_into_unit_occupied_housing_,vehicles_available_occupied_housing_units,vehicles_available_occupied_housing_units_no_vehic,vehicles_available_occupied_housing_units_1_vehicl,vehicles_available_occupied_housing_units_2_vehicl,vehicles_available_occupied_housing_units_3_or_mor,house_heating_fuel_occupied_housing_units,house_heating_fuel_occupied_housing_units_utility_,house_heating_fuel_occupied_housing_units_bottled_,house_heating_fuel_occupied_housing_units_electric,house_heating_fuel_occupied_housing_units_fuel_oil,house_heating_fuel_occupied_housing_units_coal_or_,house_heating_fuel_occupied_housing_units_wood,house_heating_fuel_occupied_housing_units_solar_en,house_heating_fuel_occupied_housing_units_other_fu,house_heating_fuel_occupied_housing_units_no_fuel_,selected_characteristics_occupied_housing_units,selected_characteristics_occupied_housing_units_la,selected_characteristics_occupied_housing_units_la,selected_characteristics_occupied_housing_units_no,occupants_per_room_occupied_housing_units,occupants_per_room_occupied_housing_units_1.00_or_,occupants_per_room_occupied_housing_units_1.01_to_,occupants_per_room_occupied_housing_units_1.51_or_,value_owner_occupied_units,value_owner_occupied_units_less_than_50000,value_owner_occupied_units_50000_to_99999,value_owner_occupied_units_100000_to_149999,value_owner_occupied_units_150000_to_199999,value_owner_occupied_units_200000_to_299999,value_owner_occupied_units_300000_to_499999,value_owner_occupied_units_500000_to_999999,value_owner_occupied_units_1000000_or_more,value_owner_occupied_units_median_dollars,mortgage_status_owner_occupied_units,mortgage_status_owner_occupied_units_housing_units,mortgage_status_owner_occupied_units_housing_units,selected_monthly_owner_costs_smoc_housing_units_wi,selected_monthly_owner_costs_smoc_housing_units_wi,selected_monthly_owner_costs_smoc_housing_units_wi,selected_monthly_owner_costs_smoc_housing_units_wi,selected_monthly_owner_costs_smoc_housing_units_wi,selected_monthly_owner_costs_smoc_housing_units_wi,selected_monthly_owner_costs_smoc_housing_units_wi,selected_monthly_owner_costs_smoc_housing_units_wi,selected_monthly_owner_costs_smoc_housing_units_wi,selected_monthly_owner_costs_smoc_housing_units_wi,selected_monthly_owner_costs_smoc_housing_units_wi,selected_monthly_owner_costs_smoc_housing_units_wi,selected_monthly_owner_costs_smoc_housing_units_wi,selected_monthly_owner_costs_smoc_housing_units_wi,selected_monthly_owner_costs_smoc_housing_units_wi,selected_monthly_owner_costs_smoc_housing_units_wi,selected_monthly_owner_costs_smoc_housing_units_wi,selected_monthly_owner_costs_as_a_percentage_of_ho,selected_monthly_owner_costs_as_a_percentage_of_ho,selected_monthly_owner_costs_as_a_percentage_of_ho,selected_monthly_owner_costs_as_a_percentage_of_ho,selected_monthly_owner_costs_as_a_percentage_of_ho,selected_monthly_owner_costs_as_a_percentage_of_ho,selected_monthly_owner_costs_as_a_percentage_of_ho,selected_monthly_owner_costs_as_a_percentage_of_ho,selected_monthly_owner_costs_as_a_percentage_of_ho,selected_monthly_owner_costs_as_a_percentage_of_ho,selected_monthly_owner_costs_as_a_percentage_of_ho,selected_monthly_owner_costs_as_a_percentage_of_ho,selected_monthly_owner_costs_as_a_percentage_of_ho,selected_monthly_owner_costs_as_a_percentage_of_ho,selected_monthly_owner_costs_as_a_percentage_of_ho,selected_monthly_owner_costs_as_a_percentage_of_ho,gross_rent_occupied_units_paying_rent,gross_rent_occupied_units_paying_rent_less_than_50,gross_rent_occupied_units_paying_rent_500_to_999,gross_rent_occupied_units_paying_rent_1000_to_1499,gross_rent_occupied_units_paying_rent_1500_to_1999,gross_rent_occupied_units_paying_rent_2000_to_2499,gross_rent_occupied_units_paying_rent_2500_to_2999,gross_rent_occupied_units_paying_rent_3000_or_more,gross_rent_occupied_units_paying_rent_median_dolla,gross_rent_occupied_units_paying_rent_no_rent_paid,gross_rent_as_a_percentage_of_household_income_gra,gross_rent_as_a_percentage_of_household_income_gra,gross_rent_as_a_percentage_of_household_income_gra,gross_rent_as_a_percentage_of_household_income_gra,gross_rent_as_a_percentage_of_household_income_gra,gross_rent_as_a_percentage_of_household_income_gra,gross_rent_as_a_percentage_of_household_income_gra,gross_rent_as_a_percentage_of_household_income_gra
2017,Sherburne County; Minnesota,33249,31181,2068,1.0,5.0,33249,27585,1912,151,188,155,1033,1714,491,20,33249,367,689,9674,8264,4454,4422,2057,1414,379,1529,33249,220,555,1394,3822,4179,4917,5425,4645,27,141,8092,6.8,33249,276,1484,7065,11223,10555,2646,31181,25920,5261,2.94,2.61,31181,2420,8572,10954,5831,1971,1433,31181,954,5210,14021,10996,31181,21969,3465,4299,223,0,840,0,270,115,31181,47,99,423,31181,30674,445,62,25920,720,863,3886,7103,8269,4298,665,116,204100,25920,20360,5560,20360,246,2113,7118,5761,3216,1057,849,1554,5560,355,996,2515,1001,455,238,503,20317,9900,3841,2235,1430,2911,43,5522,2772,1146,515,433,150,116,390,38,5016,481,2237,1507,642,133,16,0,963,245,4952,765,741,547,490,353,2056,309
2017,Wadena County; Minnesota,7050,5704,1346,0.9,10.8,7050,5479,60,96,171,94,154,241,753,2,7050,35,51,815,874,751,1311,784,642,468,1319,7050,95,220,441,1072,1219,1416,762,754,27,159,1071,5.8,7050,102,745,1863,2714,1204,422,5704,4427,1277,2.41,1.98,5704,485,1583,1648,911,400,677,5704,320,1696,2167,1521,5704,1934,1050,1563,344,0,697,0,104,12,5704,42,13,114,5704,5592,92,20,4427,492,1193,1168,693,657,191,24,9,118900,4427,2381,2046,2381,80,994,854,320,65,43,25,1052,2046,317,698,623,256,114,38,402,2371,1063,391,271,139,507,10,2033,784,444,290,157,103,58,197,13,1147,302,728,117,0,0,0,0,635,130,1103,105,212,120,152,82,432,174
2017,Benton County; Minnesota,16733,16005,728,0.5,4.0,16733,11010,300,502,203,267,1082,2334,1032,3,16733,118,352,3127,2577,2743,2983,1207,848,643,2135,16733,304,596,1565,2716,2434,2691,2103,1642,27,009,2682,5.8,16733,331,1616,4534,5859,3433,960,16005,10998,5007,2.60,1.97,16005,1807,5332,4462,1963,1081,1360,16005,1242,4379,6495,3889,16005,8753,1894,3898,313,0,633,0,242,272,16005,65,15,305,16005,15616,205,184,10998,869,900,2808,2985,2252,964,188,32,162600,10998,7507,3491,7507,135,1259,3366,1664,641,240,202,1351,3491,222,889,1338,724,219,99,477,7463,3059,1344,947,594,1519,44,3479,1596,523,397,291,178,74,420,12,4870,687,3210,813,118,22,8,12,687,137,4853,537,574,613,573,632,1924,154
2017,Carver County; Minnesota,36955,35342,1613,1.2,4.3,36955,26123,4702,431,455,828,609,2942,849,16,36955,607,1622,10225,8567,5080,4103,1749,1159,567,3276,36955,401,518,1819,3590,4242,5066,5283,4680,27,019,11356,7.0,36955,434,2255,7261,11513,10821,4671,35342,28695,6647,2.90,2.20,35342,3261,10749,11369,5957,1944,2062,35342,1317,7510,16899,9616,35342,27125,2646,4523,403,29,277,8,214,117,35342,63,226,527,35342,34888,385,69,28695,1236,642,1702,3953,7864,9035,3633,630,287200,28695,22047,6648,22047,255,1477,4277,5776,4328,2730,3204,1931,6648,327,942,2195,1706,728,750,587,22010,11135,4176,2414,1320,2965,37,6612,3212,1260,625,506,283,131,595,36,6340,576,2577,1924,943,181,106,33,1003,307,6316,892,1077,929,939,511,1968,331
2017,Freeborn County; Minnesota,14291,12958,1333,0.9,6.5,14291,10961,530,440,239,292,447,983,399,0,14291,31,131,896,824,1053,1975,1641,2665,1133,3942,14291,188,434,1045,2013,2659,2358,2071,1379,27,047,2144,5.8,14291,220,1560,3785,5693,2419,614,12958,9958,3000,2.39,2.07,12958,1045,3299,3450,2103,1045,2016,12958,746,4069,4946,3197,12958,8446,2339,1452,162,2,250,40,127,140,12958,6,107,237,12958,12724,209,25,9958,1348,3396,2067,1348,1029,491,203,76,105100,9958,5484,4474,5484,186,2594,1678,611,210,109,96,992,4474,612,1675,1462,517,118,90,396,5469,2929,901,480,278,881,15,4426,2157,952,461,353,135,100,268,48,2790,807,1675,142,72,39,24,31,642,210,2741,425,438,375,322,327,854,259
2017,Itasca County; Minnesota,27476,19356,8120,1.6,5.3,27476,22355,318,300,406,360,405,949,2369,14,27476,210,577,4395,3983,3094,4772,2520,2983,1684,3258,27476,894,1000,2768,4826,5190,4157,3403,2132,27,061,3106,5.3,27476,906,3092,8097,10867,3593,921,19356,15559,3797,2.33,2.06,19356,1258,5262,5622,3351,1732,2131,19356,873,5184,7856,5443,19356,6338,5500,3595,1573,0,2142,1,137,70,19356,151,191,404,19356,18894,318,144,15559,1473,2875,2975,2827,3206,1644,522,37,156100,15559,8906,6653,8906,161,2801,3336,1601,565,238,204,1201,6653,1051,2116,2150,761,391,184,412,8870,3945,1451,904,784,1786,36,6541,2747,1440,812,441,313,244,544,112,3454,968,1957,454,52,23,0,0,655,343,3419,546,463,384,420,291,1315,378
2017,McLeod County; Minnesota,15811,14760,1051,1.2,5.8,15811,11623,894,281,315,573,448,1055,618,4,15811,84,80,2060,2324,1863,2229,1734,1562,686,3189,15811,90,237,1137,2038,2428,2636,2283,1610,27,085,3352,6.2,15811,93,1409,3827,6291,3308,883,14760,11558,3202,2.53,1.95,14760,1319,3859,4577,2247,1243,1515,14760,630,4046,6173,3911,14760,8869,2386,2278,671,0,332,0,120,104,14760,27,39,218,14760,14595,134,31,11558,839,1681,3236,2467,2020,1010,238,67,150400,11558,7517,4041,7517,163,2051,3016,1458,477,174,178,1220,4041,213,1047,1753,644,200,184,484,7511,3641,1170,657,588,1455,6,4016,1842,802,462,329,157,89,335,25,2985,639,1764,446,100,36,0,0,777,217,2983,509,437,432,262,298,1045,219
2017,Pope County; Minnesota,6571,4898,1673,1.1,1.1,6571,5497,177,74,153,121,99,100,345,5,6571,47,165,1043,740,414,1057,537,552,357,1659,6571,49,94,489,714,1076,1124,990,734,27,121,1301,6.3,6571,53,446,1707,2581,1378,406,4898,3881,1017,2.31,1.74,4898,387,1367,1477,713,364,590,4898,209,1304,1833,1552,4898,1940,1655,785,186,1,221,0,74,36,4898,26,19,143,4898,4847,20,31,3881,242,698,801,565,808,530,182,55,163600,3881,2326,1555,2326,37,767,744,459,167,83,69,1234,1555,145,400,564,278,100,68,474,2313,1065,431,249,172,396,13,1545,677,318,123,134,98,65,130,10,888,289,482,99,16,2,0,0,659,129,858,200,107,76,106,94,275,159
2017,Ramsey County; Minnesota,218928,208504,10424,1.0,3.6,218928,116677,16797,9256,6432,7440,13560,45793,2914,59,218928,1117,2759,14790,15883,26967,31395,25429,30892,12130,57566,218928,6307,8476,27078,35382,32017,32505,25849,20421,27,123,30893,5.5,218928,7156,38107,63390,66670,33990,9615,208504,123722,84782,2.62,2.34,208504,26141,71010,50099,28507,16100,16647,208504,22232,77012,78422,30838,208504,159390,2670,40377,1041,37,369,19,2510,2091,208504,535,1260,4541,208504,199854,5826,2824,123722,5003,8053,18053,26809,37525,20999,6671,609,208700,123722,83571,40151,83571,556,10245,27818,23940,10699,4972,5341,1558,40151,1598,6224,15834,9146,3821,3528,556,83421,39146,13948,9861,5641,14825,150,39927,18385,7358,4912,2767,1577,985,3943,224,82851,9559,38376,24608,7733,1667,373,535,934,1931,81827,9533,10754,11059,9656,7583,33242,2955
2017,Stevens County; Minnesota,4204,3630,574,0.6,11.3,4204,3103,95,122,85,164,161,354,120,0,4204,13,68,524,359,450,544,565,473,194,1014,4204,43,188,306,574,656,529,438,566,27,149,904,6.1,4204,43,479,913,1480,963,326,3630,2413,1217,2.77,2.20,3630,519,1048,981,450,245,387,3630,259,1093,1355,923,3630,1743,701,872,224,7,40,0,39,4,3630,4,15,58,3630,3588,40,2,2413,214,603,379,495,467,182,54,19,150800,2413,1361,1052,1361,34,464,495,223,87,27,31,1187,1052,83,266,430,183,64,26,475,1361,893,203,85,39,141,0,1048,599,190,87,50,34,20,68,4,1110,276,596,112,126,0,0,0,689,107,1066,176,76,103,77,29,605,151
2017,Swift County; Minnesota,4848,4217,631,2.3,5.2,4848,3859,123,74,135,110,174,240,133,0,4848,14,27,334,393,354,705,494,639,469,1419,4848,97,98,265,577,846,839,684,597,27,151,845,6.1,4848,103,378,1158,1983,964,262,4217,2917,1300,2.35,1.87,4217,344,1003,999,819,395,657,4217,261,1167,1708,1081,4217,1633,1247,977,202,0,63,0,66,29,4217,9,12,143,4217,4162,50,5,2917,529,899,575,408,301,122,53,30,102100,2917,1369,1548,1369,40,666,435,176,28,7,17,983,1548,203,552,485,209,57,42,408,1367,787,173,135,105,167,2,1536,763,247,197,112,58,41,118,12,1165,406,638,120,0,1,0,0,615,135,1131,234,176,197,113,65,346,169
2017,Winona County; Minnesota,21106,19228,1878,0.9,6.3,21106,14578,513,772,1115,752,964,1489,922,1,21106,80,374,2414,2557,2034,2745,1755,1448,990,6709,21106,661,556,1632,2733,3523,3059,2879,2113,27,169,3950,6.0,21106,786,2247,5473,7082,4127,1391,19228,13462,5766,2.58,2.10,19228,2135,5613,5403,2608,1551,1918,19228,1527,5688,7763,4250,19228,10329,2897,4572,411,8,696,1,202,112,19228,168,473,586,19228,19016,156,56,13462,1031,1738,3402,2671,2707,1380,455,78,158400,13462,8338,5124,8338,159,2472,2811,1689,719,223,265,1236,5124,650,1554,1943,593,233,151,430,8324,3995,1543,831,564,1391,14,5093,2397,1112,474,313,314,103,380,31,5421,1412,3328,553,96,5,0,27,647,345,5381,819,651,754,520,443,2194,385
2017,Cottonwood County; Minnesota,5426,4837,589,0.8,3.7,5426,4605,172,97,150,79,61,232,30,0,5426,11,42,211,341,366,939,584,908,487,1537,5426,35,126,240,841,839,922,777,580,27,033,1066,6.2,5426,35,525,1537,1950,1096,283,4837,3743,1094,2.34,2.18,4837,284,1480,1105,831,319,818,4837,245,1492,1832,1268,4837,2748,973,706,193,10,86,4,70,47,4837,3,25,74,4837,4700,120,17,3743,637,1485,631,414,349,171,26,30,89400,3743,1837,1906,1837,66,937,473,241,61,50,9,950,1906,322,602,597,290,67,28,407,1837,1054,209,171,79,324,0,1889,917,362,227,99,68,70,146,17,987,369,515,71,12,20,0,0,616,107,970,186,150,134,134,87,279,124
2017,Scott County; Minnesota,49914,47864,2050,0.8,4.6,49914,35768,8418,334,616,552,644,2865,685,32,49914,642,2018,15610,11469,6943,5400,2916,1878,628,2410,49914,204,554,2408,4654,6315,6290,7365,7028,27,139,15096,7.1,49914,227,2323,9462,16022,16170,5710,47864,39719,8145,3.01,2.47,47864,4317,13425,17630,7427,2763,2302,47864,1606,9718,23276,13264,47864,39689,1837,5518,112,1,230,26,278,173,47864,64,74,917,47864,46942,630,292,39719,1213,557,2781,5862,12865,12129,3796,516,272000,39719,31079,8640,31079,223,2175,6470,9074,5881,3566,3690,1866,8640,270,1302,3515,2285,707,561,556,31014,14979,5518,3448,2242,4827,65,8580,4364,1585,740,496,327,250,818,60,7834,607,2443,3092,1222,273,92,105,1130,311,7782,684,1064,1402,1011,712,2909,363
2017,Dodge County; Minnesota,8163,7690,473,0.9,2.0,8163,6596,264,81,145,167,203,333,366,8,8163,35,179,1381,1254,708,1272,519,603,358,1854,8163,88,182,399,742,1064,1129,1391,1251,27,039,1917,6.8,8163,91,642,1458,3014,2380,578,7690,6342,1348,2.72,2.30,7690,792,1936,2387,1314,524,737,7690,229,1725,3031,2705,7690,4525,1881,814,80,0,240,0,62,88,7690,31,19,141,7690,7591,85,14,6342,411,723,1407,1499,1246,892,125,39,167900,6342,4243,2099,4243,23,841,1390,1224,439,218,108,1450,2099,144,493,847,384,157,74,498,4216,2017,809,492,326,572,27,2087,962,539,170,112,76,62,166,12,1188,244,674,234,33,3,0,0,639,160,1183,267,218,193,149,75,281,165
2017,Wabasha County; Minnesota,10135,8867,1268,1.7,8.4,10135,7900,286,233,156,207,211,235,891,16,10135,19,222,1629,1303,1057,1287,833,674,512,2599,10135,62,248,521,1503,1344,1684,1424,1264,27,157,2085,6.3,10135,72,783,2731,3879,2065,605,8867,7177,1690,2.47,2.05,8867,598,2309,2800,1475,733,952,8867,371,2249,3673,2574,8867,3998,2882,1110,114,3,553,0,187,20,8867,48,88,232,8867,8793,53,21,7177,576,811,1573,1416,1453,889,346,113,167300,7177,4249,2928,4249,57,976,1577,878,396,189,176,1341,2928,225,770,1220,383,185,145,468,4229,1922,799,497,241,770,20,2915,1282,613,360,174,144,84,258,13,1524,302,938,208,18,44,0,14,694,166,1506,265,257,206,254,71,453,184
2017,Pipestone County; Minnesota,4488,4019,469,1.8,8.8,4488,3652,76,59,91,92,175,231,109,3,4488,39,56,324,239,246,511,471,616,339,1647,4488,46,104,290,634,726,665,594,500,27,117,929,6.2,4488,51,399,1162,1598,944,334,4019,3009,1010,2.33,2.03,4019,395,1091,1069,503,446,515,4019,265,1200,1452,1102,4019,1760,1195,662,249,8,53,0,64,28,4019,25,62,85,4019,3931,50,38,3009,727,870,466,375,278,139,127,27,91200,3009,1435,1574,1435,33,688,414,156,52,21,71,998,1574,329,574,411,169,59,32,372,1435,755,199,117,78,286,0,1538,799,286,126,96,71,43,117,36,907,329,478,36,28,21,15,0,594,103,879,173,116,188,69,59,274,131
2017,Crow Wing County; Minnesota,41355,26314,15041,2.1,5.3,41355,33316,1133,693,665,602,582,2009,2352,3,41355,426,983,9381,6600,4699,5502,3614,3295,2526,4329,41355,788,1553,4619,7405,7775,6135,4541,3523,27,035,5016,5.3,41355,937,4307,12528,14497,6742,2344,26314,19920,6394,2.47,2.11,26314,2358,7688,8826,3972,1717,1753,26314,1609,7765,10432,6508,26314,13870,4318,5331,512,8,1725,5,347,198,26314,79,93,600,26314,26084,172,58,19920,1162,2490,3364,3696,4426,3373,1151,258,188100,19920,12539,7381,12539,305,3449,4464,2342,986,455,538,1249,7381,915,2353,2541,916,421,235,428,12504,5450,2134,1239,992,2689,35,7271,3183,1495,846,549,308,224,666,110,6007,1148,3496,1156,148,32,14,13,781,387,5909,725,818,761,721,593,2291,485
2017,Norman County; Minnesota,3424,2733,691,1.0,16.5,3424,2788,12,36,29,80,183,107,188,1,3424,25,56,183,256,224,680,372,322,281,1025,3424,19,50,240,451,478,577,612,388,27,107,609,6.3,3424,27,391,756,1242,798,210,2733,2212,521,2.45,1.96,2733,221,614,672,420,295,511,2733,141,675,1031,886,2733,564,653,984,359,3,142,0,18,10,2733,18,23,45,2733,2658,49,26,2212,520,732,440,269,155,73,15,8,88500,2212,989,1223,989,39,413,365,123,29,13,7,1045,1223,173,369,434,171,46,30,432,985,588,145,77,54,121,4,1206,534,236,105,91,76,25,139,17,414,173,182,42,9,3,2,3,555,107,407,81,74,40,29,46,137,114
2017,Wright County; Minnesota,50705,46568,4137,0.7,2.6,50705,38977,4623,365,430,547,935,2651,2177,0,50705,425,1248,15363,10532,5507,7567,2517,2413,1108,4025,50705,314,723,2861,5847,7139,7490,7785,7331,27,171,11215,6.6,50705,352,2697,10886,18810,14400,3560,46568,38387,8181,2.88,2.36,46568,3928,12885,16663,7053,3272,2767,46568,1787,9593,20370,14818,46568,31398,6131,6391,706,4,1086,10,607,235,46568,131,190,825,46568,45719,672,177,38387,2299,1764,4466,9077,12456,6442,1630,253,211500,38387,28373,10014,28373,267,3334,9911,8269,3923,1619,1050,1536,10014,582,2071,4406,2059,559,337,509,28315,13692,4872,3328,1805,4618,58,9940,4900,1856,1008,745,266,287,878,74,7619,985,3669,2074,712,162,0,17,924,562,7564,1012,1175,1176,966,771,2464,617
2017,Nicollet County; Minnesota,13330,12662,668,0.4,4.3,13330,9172,734,393,420,449,649,816,697,0,13330,118,309,2359,1850,1328,2141,1237,1020,536,2432,13330,91,353,639,1960,2203,1736,1768,1574,27,103,3006,6.3,13330,112,1094,3508,4448,3233,935,12662,9218,3444,2.54,2.07,12662,1254,3722,3756,1817,990,1123,12662,855,3512,5657,2638,12662,8394,1872,1802,243,0,203,1,84,63,12662,24,70,235,12662,12575,79,8,9218,568,622,1757,2738,2340,1022,139,32,178000,9218,5879,3339,5879,65,1002,2535,1384,561,181,151,1356,3339,221,811,1404,632,166,105,486,5830,2738,943,820,347,982,49,3274,1593,814,316,141,63,63,284,65,3286,459,1990,539,133,100,8,57,829,158,3279,515,497,447,442,272,1106,165
2017,Douglas County; Minnesota,20769,16175,4594,1.1,7.6,20769,15778,694,296,387,269,742,1580,1020,3,20769,186,820,4225,2883,2960,3153,1500,1425,778,2839,20769,363,574,1683,2478,3027,3250,2678,2219,27,041,4497,6.2,20769,401,1832,4867,7380,4654,1635,16175,12149,4026,2.41,1.74,16175,1785,4784,4722,2488,1212,1184,16175,755,4310,6846,4264,16175,6242,4174,4110,544,0,758,0,170,177,16175,43,182,279,16175,16057,55,63,12149,577,1104,1981,2552,2760,2367,763,45,197200,12149,7547,4602,7547,106,1628,2811,1574,766,381,281,1334,4602,246,1205,1890,746,353,162,491,7533,3394,1228,857,663,1391,14,4542,1935,917,600,358,210,125,397,60,3806,536,2228,697,250,6,0,89,737,220,3798,596,470,345,515,333,1539,228
2017,Grant County; Minnesota,3305,2536,769,1.5,2.7,3305,2747,46,57,30,49,78,87,211,0,3305,20,41,424,296,318,483,201,312,291,919,3305,24,59,227,365,560,621,478,438,27,051,533,6.2,3305,26,247,889,1320,617,206,2536,2011,525,2.40,1.92,2536,248,569,876,352,192,299,2536,97,650,962,827,2536,45,1244,790,373,0,52,2,16,14,2536,17,21,65,2536,2523,11,2,2011,379,583,323,274,243,160,38,11,104900,2011,1166,845,1166,28,435,408,178,67,24,26,1118,845,78,220,266,178,63,40,484,1166,564,195,101,99,207,0,839,382,130,101,82,30,23,91,6,468,203,200,46,6,13,0,0,580,57,464,88,50,66,62,37,161,61
2017,Kittson County; Minnesota,2617,1891,726,1.5,10.2,2617,2116,14,2,10,88,68,104,215,0,2617,0,23,175,224,286,524,202,280,250,653,2617,25,22,205,398,517,439,332,294,27,069,385,5.8,2617,28,253,725,1041,419,151,1891,1520,371,2.29,1.90,1891,109,445,463,345,214,315,1891,92,535,716,548,1891,446,514,521,234,0,140,5,15,16,1891,8,28,17,1891,1874,17,0,1520,518,483,223,145,101,32,18,0,71800,1520,574,946,574,23,232,240,41,11,6,21,1058,946,171,361,271,108,31,4,380,574,331,101,48,32,62,0,942,531,179,55,44,42,8,83,4,325,143,152,18,4,8,0,0,554,46,323,84,59,21,27,43,89,48
2017,Le Sueur County; Minnesota,12583,10844,1739,1.3,7.1,12583,10350,615,127,232,209,188,472,390,0,12583,48,215,2577,1430,984,1727,1067,1187,642,2706,12583,97,162,669,1633,1813,2091,1823,1462,27,079,2833,6.4,12583,100,758,2960,4856,2915,994,10844,8878,1966,2.60,2.21,10844,917,2514,3396,1679,995,1343,10844,445,2480,4182,3737,10844,6876,2071,1260,116,0,394,8,96,23,10844,57,118,253,10844,10682,126,36,8878,411,1006,1768,1519,2087,1661,339,87,190700,8878,5713,3165,5713,61,999,2055,1361,717,283,237,1438,3165,193,765,1312,579,193,123,476,5706,2610,985,712,479,920,7,3138,1392,614,343,225,146,121,297,27,1737,310,1039,282,70,30,1,5,779,229,1730,292,223,256,232,153,574,236
2017,Mahnomen County; Minnesota,2777,1947,830,1.3,8.3,2777,2143,34,50,39,37,93,85,296,0,2777,15,63,342,340,324,443,358,299,184,409,2777,33,32,177,460,600,435,343,279,27,087,418,5.7,2777,34,200,852,1107,444,140,1947,1355,592,2.67,3.08,1947,163,529,496,280,194,285,1947,183,587,710,467,1947,144,711,590,261,5,199,4,29,4,1947,16,9,120,1947,1888,45,14,1355,287,401,257,179,156,61,9,5,97300,1355,582,773,582,19,244,196,79,31,5,8,1056,773,125,241,228,111,49,19,414,572,283,90,61,30,108,10,772,297,148,104,71,42,19,91,1,543,209,246,83,5,0,0,0,567,49,536,116,60,68,48,47,197,56
2017,Chisago County; Minnesota,21622,19871,1751,1.5,1.6,21622,18057,1026,119,315,158,367,721,853,6,21622,176,393,5435,4791,2678,3267,1196,822,486,2378,21622,167,315,1211,2530,3197,3900,3555,2865,27,025,3882,6.4,21622,174,1335,4414,9307,5295,1097,19871,16975,2896,2.72,2.14,19871,1530,5254,6514,3941,1450,1182,19871,955,4147,7484,7285,19871,13151,2970,2206,268,12,971,4,184,105,19871,43,31,507,19871,19675,179,17,16975,785,652,2461,4160,5742,2671,459,45,206400,16975,12575,4400,12575,53,1358,4030,3694,2250,644,546,1596,4400,122,746,1914,1099,405,114,537,12543,5348,2608,1393,863,2331,32,4388,1836,955,524,385,228,117,343,12,2711,484,1231,604,309,9,9,65,844,185,2688,316,322,404,420,292,934,208
2017,Redwood County; Minnesota,7319,6310,1009,2.3,17.0,7319,5984,130,92,145,139,207,395,227,0,7319,22,49,441,521,571,1128,772,904,596,2315,7319,73,86,459,724,948,1192,1134,968,27,127,1735,6.7,7319,82,542,1672,2709,1743,571,6310,4871,1439,2.41,2.31,6310,540,1536,1621,1030,669,914,6310,355,1865,2438,1652,6310,2352,1950,1283,439,0,179,0,81,26,6310,14,28,159,6310,6261,44,5,4871,1008,1477,819,626,510,298,100,33,97400,4871,2265,2606,2265,131,1006,684,280,116,28,20,998,2606,375,848,811,396,113,63,417,2258,1258,330,233,110,327,7,2574,1301,500,257,134,105,82,195,32,1249,436,696,84,9,24,0,0,617,190,1234,311,170,141,143,86,383,205
2017,Yellow Medicine County; Minnesota,4771,4157,614,0.6,7.9,4771,4140,32,69,48,124,148,122,88,0,4771,9,34,237,310,264,788,391,588,444,1706,4771,27,105,242,424,667,887,801,494,27,173,1124,6.5,4771,27,377,1183,1802,1139,243,4157,3238,919,2.42,1.98,4157,223,1044,1133,592,397,768,4157,233,1039,1639,1246,4157,1738,1103,971,136,0,97,0,87,25,4157,2,18,81,4157,4110,35,12,3238,575,1060,592,381,347,216,41,26,99100,3238,1671,1567,1671,54,728,517,266,45,25,36,1042,1567,202,529,458,212,110,56,417,1657,854,227,144,115,317,14,1553,753,395,161,49,49,29,117,14,773,297,424,32,20,0,0,0,603,146,768,168,132,39,85,79,265,151
2017,Todd County; Minnesota,13098,9777,3321,2.2,3.1,13098,10759,181,134,169,89,209,202,1337,18,13098,89,274,2205,1357,1175,2084,1233,1032,767,2882,13098,171,335,990,1956,2474,2154,1747,1302,27,153,1969,5.8,13098,195,1096,3812,5036,2286,673,9777,7996,1781,2.54,2.13,9777,603,2161,3334,1700,906,1073,9777,497,2554,3659,3067,9777,2862,2812,1862,532,4,1392,20,207,86,9777,231,227,285,9777,9463,248,66,7996,948,1779,1510,1263,1443,775,238,40,141000,7996,4327,3669,4327,123,1491,1477,776,288,116,56,1148,3669,466,1244,1181,553,140,85,417,4303,1830,640,522,291,1020,24,3646,1411,767,551,259,123,94,441,23,1519,482,916,103,16,0,2,0,630,262,1503,308,195,209,295,162,334,278
2017,Beltrami County; Minnesota,21185,17076,4109,1.0,7.7,21185,14791,714,418,436,481,556,1437,2332,20,21185,257,847,4112,3174,2913,3363,1776,1382,1209,2152,21185,507,523,1837,3678,4486,3436,2193,1910,27,007,2615,5.4,21185,528,2248,5899,7994,3353,1163,17076,11648,5428,2.59,2.46,17076,2125,4914,5124,2436,1228,1249,17076,1341,5373,6368,3994,17076,5316,4399,4797,646,0,1534,10,243,131,17076,97,115,324,17076,16708,246,122,11648,1485,1879,2293,2391,2321,937,282,60,153100,11648,6767,4881,6767,241,1839,2697,1306,327,157,200,1207,4881,716,1405,1728,691,234,107,435,6746,3096,1119,766,365,1400,21,4794,2062,984,566,391,231,145,415,87,5161,1333,2885,752,144,31,0,16,689,267,5103,632,692,541,563,515,2160,325
2017,Blue Earth County; Minnesota,27707,25558,2149,1.0,6.7,27707,16775,1434,940,1099,1748,1722,2723,1264,2,27707,257,849,4783,2967,2933,3717,2344,2727,978,6152,27707,428,850,2287,4937,4088,4235,3536,2969,27,013,4377,5.8,27707,501,2800,7273,9677,5772,1684,25558,15848,9710,2.53,2.25,25558,3846,8426,6773,2964,1618,1931,25558,1803,7109,10284,6362,25558,17933,3313,3323,222,0,332,12,285,138,25558,102,275,605,25558,25290,149,119,15848,1146,1311,3570,3922,3746,1697,399,57,170800,15848,10138,5710,10138,120,2170,4213,2335,704,311,285,1310,5710,455,1522,2444,846,245,198,462,10136,5036,1769,1119,693,1519,2,5645,2747,1043,540,390,180,200,545,65,9371,1433,4710,2011,892,180,90,55,815,339,9122,1307,1041,1003,1081,885,3805,588
2017,Houston County; Minnesota,8693,8114,579,0.8,3.6,8693,7065,200,146,270,257,184,128,437,6,8693,54,111,928,1184,1009,1194,763,877,397,2176,8693,44,118,416,974,1405,1453,1240,1087,27,055,1956,6.5,8693,47,544,1986,3744,1864,508,8114,6514,1600,2.35,1.97,8114,505,1873,2424,1457,834,1021,8114,356,2214,3220,2324,8114,4129,1938,928,329,0,715,0,62,13,8114,31,47,115,8114,8053,47,14,6514,489,989,1291,1451,1329,688,220,57,164200,6514,3615,2899,3615,48,1042,1234,768,359,76,88,1235,2899,268,632,1149,569,177,104,479,3608,1771,526,400,250,661,7,2885,1207,553,374,198,183,45,325,14,1442,413,798,200,28,3,0,0,677,158,1432,242,240,174,145,226,405,168
2017,Lac qui Parle County; Minnesota,3685,3171,514,2.2,4.2,3685,3203,33,50,41,28,82,141,107,0,3685,12,29,164,208,273,492,285,359,420,1443,3685,25,97,130,309,498,609,544,556,27,073,917,6.8,3685,25,259,811,1383,918,289,3171,2552,619,2.19,1.77,3171,212,761,768,532,379,519,3171,135,807,1226,1003,3171,1206,863,893,104,0,43,1,44,17,3171,5,11,47,3171,3136,19,16,2552,706,794,421,283,217,85,34,12,81100,2552,1123,1429,1123,82,539,310,116,46,13,17,944,1429,304,506,413,137,50,19,373,1119,614,159,101,52,193,4,1410,755,245,133,110,64,38,65,19,475,178,274,20,3,0,0,0,560,144,475,129,49,61,53,21,162,144
2017,Lake of the Woods County; Minnesota,3750,1533,2217,1.7,13.4,3750,2378,4,10,22,19,70,82,1159,6,3750,0,63,586,755,697,659,262,268,248,212,3750,4,196,160,842,972,666,391,199,27,077,320,5.2,3750,4,419,1324,1477,466,60,1533,1251,282,2.65,1.64,1533,104,355,473,281,138,182,1533,46,456,618,413,1533,376,640,338,0,0,167,0,12,0,1533,0,0,80,1533,1501,23,9,1251,176,343,173,256,207,67,29,0,128400,1251,719,532,719,46,321,216,106,22,8,0,995,532,65,95,192,126,36,18,492,719,340,92,75,69,143,0,532,182,155,64,35,23,15,58,0,260,86,138,33,3,0,0,0,623,22,260,7,75,43,17,34,84,22
2017,Otter Tail County; Minnesota,35966,24300,11666,1.5,2.8,35966,28376,586,374,616,778,604,1509,3093,30,35966,261,911,6455,4875,3860,5062,3404,3042,2025,6071,35966,378,1127,3181,5180,5895,5424,4466,3613,27,111,6702,5.9,35966,416,3229,9747,13614,6606,2354,24300,19152,5148,2.46,1.86,24300,1909,6333,8204,3874,1968,2012,24300,1498,6157,9382,7263,24300,7355,6448,6726,1284,2,1738,8,515,224,24300,120,332,472,24300,23898,312,90,19152,1359,3215,3481,3045,3767,2984,1121,180,170900,19152,10978,8174,10978,212,3614,3463,1983,906,427,373,1217,8174,992,2405,2921,1153,472,231,441,10954,5468,1698,1012,762,2014,24,8111,3639,1721,876,465,379,291,740,63,4499,1281,2523,604,36,49,4,2,656,649,4455,772,644,525,463,412,1639,693
2017,Waseca County; Minnesota,7948,7375,573,1.0,4.4,7948,6321,156,128,147,216,258,455,267,0,7948,28,63,783,757,882,1557,571,618,462,2227,7948,39,189,473,839,1220,1459,1040,1085,27,161,1604,6.3,7948,63,698,1727,3246,1846,368,7375,5738,1637,2.55,1.88,7375,648,1977,1992,1185,545,1028,7375,392,1980,2839,2164,7375,4555,1532,897,103,5,166,0,67,50,7375,16,78,201,7375,7253,106,16,5738,370,1119,1431,1108,1169,417,96,28,147800,5738,3456,2282,3456,24,910,1398,799,242,48,35,1251,2282,260,749,825,283,105,60,424,3453,1794,473,393,179,614,3,2233,1030,428,266,155,72,74,208,49,1532,463,825,210,8,8,18,0,611,105,1532,241,140,274,192,204,481,105
2017,St. Louis County; Minnesota,104113,85662,18451,1.5,5.6,104113,76785,1768,4069,3087,2063,2341,9276,4706,18,104113,485,1180,9570,9077,7567,15100,9082,15215,7646,29191,104113,4390,4230,10622,16274,20385,18236,11543,8184,27,137,10249,5.3,104113,4692,13736,30922,38305,12727,3731,85662,60738,24924,2.34,1.97,85662,8727,23284,22642,13036,7110,10863,85662,7900,26822,31424,19516,85662,39882,12475,15895,9023,106,4010,10,3245,1016,85662,724,1201,2315,85662,84331,698,633,60738,5171,13271,12685,11099,10685,6011,1563,253,146700,60738,35610,25128,35610,1136,10929,12703,6210,2628,1082,922,1199,25128,3476,7594,8400,3703,1140,815,430,35497,17566,5700,3799,2056,6376,113,24990,11349,4956,3275,1637,1046,678,2049,138,23660,6031,11878,3692,1310,471,152,126,730,1264,23235,2964,2586,2893,2844,2622,9326,1689
2017,Anoka County; Minnesota,130250,126072,4178,0.9,3.3,130250,93368,14788,1272,1278,2020,3037,10363,4086,38,130250,1226,2684,21170,26542,23329,21142,15801,12109,2679,3568,130250,1247,1719,7335,15226,19186,20220,18261,18738,27,003,28318,6.5,130250,1415,8421,29692,46717,34665,9340,126072,100959,25113,2.78,2.43,126072,10793,34176,36342,23647,11390,9724,126072,6027,31420,54079,34546,126072,107495,2797,12914,588,15,768,9,724,762,126072,347,429,2225,126072,123623,1824,625,100959,5064,3150,14026,26192,33169,16437,2611,310,205000,100959,74686,26273,74686,491,9598,25391,22510,9617,4230,2849,1536,26273,1392,5628,11988,5344,1191,730,495,74460,36293,13175,8644,5395,10953,226,26095,13245,4925,2781,1627,1027,549,1941,178,24209,1209,10163,8560,3484,510,110,173,1034,904,23956,2462,3495,3200,3302,2393,9104,1157
2017,Stearns County; Minnesota,63619,58657,4962,1.3,2.8,63619,45591,2356,758,833,1590,2773,8064,1622,32,63619,541,1533,11622,10731,9171,9219,5879,4605,2208,8110,63619,1141,1849,5875,8615,8870,9025,7903,7609,27,145,12732,6.1,63619,1227,5680,16510,20796,15114,4292,58657,40293,18364,2.61,2.29,58657,7279,17169,16156,8625,4586,4842,58657,3407,16550,24764,13936,58657,31303,7752,14652,1403,0,1937,22,947,641,58657,81,258,1338,58657,56961,1098,598,40293,1634,3798,9428,10307,8337,5160,1337,292,171300,40293,25528,14765,25528,355,5097,10255,5766,2314,863,878,1350,14765,959,3870,6191,2491,697,557,470,25384,12564,4431,2509,1861,4019,144,14637,6954,2885,1549,882,547,442,1378,128,17562,2611,10928,3517,442,27,26,11,774,802,17280,2959,2520,2530,1865,1539,5867,1084
2017,Dakota County; Minnesota,163779,158777,5002,0.6,3.5,163779,94421,29785,1335,2916,2606,4325,24578,3789,24,163779,1462,3712,27337,34443,34445,27345,16100,8739,2303,7893,163779,1593,2423,11683,23571,22030,21600,20763,20628,27,037,39488,6.5,163779,1755,14036,42178,52050,41164,12596,158777,118058,40719,2.69,2.33,158777,15433,46292,49897,26462,11865,8828,158777,6805,45865,70763,35344,158777,132385,4333,18527,443,81,461,19,1364,1164,158777,272,717,2375,158777,156547,1594,636,118058,4815,4012,11911,21510,39675,29337,6128,670,238000,118058,87319,30739,87319,948,8908,25424,24685,14187,7130,6037,1656,30739,1202,4876,12343,7426,3115,1777,550,87089,44581,15605,8484,5414,13005,230,30487,16088,5673,2920,1711,1073,806,2216,252,39546,2432,15153,14704,5594,1292,219,152,1063,1173,39283,4633,5383,6307,5398,3465,14097,1436
2017,Lincoln County; Minnesota,3136,2484,652,0.8,13.7,3136,2750,26,26,26,125,74,32,76,1,3136,23,50,226,171,167,596,280,299,256,1068,3136,28,74,161,449,463,508,407,353,27,081,693,6.3,3136,28,254,765,1118,723,248,2484,1959,525,2.32,1.90,2484,255,485,702,457,213,372,2484,90,717,814,863,2484,766,785,695,145,0,32,0,49,12,2484,4,12,24,2484,2469,8,7,1959,404,600,280,220,230,155,37,33,95300,1959,890,1069,890,28,328,286,137,90,4,17,1112,1069,126,389,326,155,39,34,408,890,453,128,66,58,185,0,1057,460,202,130,72,28,41,124,12,463,137,292,19,7,8,0,0,596,62,460,139,50,55,48,16,152,65
2017,Lyon County; Minnesota,11219,10060,1159,1.6,11.5,11219,7989,282,223,517,436,580,841,351,0,11219,23,147,1136,1022,1385,1998,1209,1108,820,2371,11219,131,316,959,1568,1351,1639,1378,1333,27,083,2544,6.3,11219,138,1118,2697,3804,2624,838,10060,6862,3198,2.63,2.03,10060,1122,2833,2808,1544,787,966,10060,564,2794,4205,2497,10060,3884,2083,3438,279,0,86,0,155,135,10060,21,47,172,10060,9826,180,54,6862,738,1426,1744,1091,1174,578,77,34,135900,6862,4136,2726,4136,142,1412,1464,757,187,82,92,1148,2726,206,741,1061,444,214,60,467,4136,2347,589,435,216,549,0,2715,1434,540,220,99,138,84,200,11,3008,977,1659,273,62,22,3,12,621,190,3001,503,590,307,299,314,988,197
2017,Marshall County; Minnesota,4807,3953,854,1.1,7.9,4807,3609,49,53,32,179,77,191,617,0,4807,35,54,352,372,475,1088,494,423,266,1248,4807,81,162,241,618,1029,703,614,524,27,089,835,5.9,4807,93,490,1087,2008,884,245,3953,3204,749,2.49,1.77,3953,248,887,1083,646,397,692,3953,196,906,1538,1313,3953,938,1138,1154,387,4,248,0,59,25,3953,29,14,78,3953,3920,17,16,3204,564,960,653,468,386,122,41,10,104500,3204,1470,1734,1470,69,578,578,173,44,23,5,1066,1734,182,520,637,251,69,75,449,1463,872,201,132,66,192,7,1722,823,350,159,133,58,42,157,12,621,265,281,54,11,7,0,3,565,128,617,142,93,108,35,26,213,132
2017,Mille Lacs County; Minnesota,12849,10116,2733,1.4,5.1,12849,9506,537,159,212,334,347,493,1225,36,12849,80,153,2775,1972,1437,1798,999,841,479,2315,12849,337,417,1047,2037,2374,2140,1525,1366,27,095,1606,5.6,12849,369,1172,3874,4953,1990,491,10116,7474,2642,2.54,2.32,10116,851,3119,3140,1553,690,763,10116,647,2556,3567,3346,10116,3724,3246,1686,335,10,931,6,127,51,10116,51,65,236,10116,9891,160,65,7474,475,1184,2013,1679,1375,580,141,27,151400,7474,4860,2614,4860,50,1303,1880,1000,353,182,92,1287,2614,229,600,1244,317,166,58,468,4850,1902,914,615,351,1068,10,2601,919,621,350,164,78,97,372,13,2403,628,1025,545,101,44,58,2,735,239,2388,383,272,335,372,193,833,254
2017,Renville County; Minnesota,7347,6219,1128,2.8,11.5,7347,6272,31,81,57,175,209,206,316,0,7347,17,77,475,550,514,1002,724,984,577,2427,7347,141,68,286,759,1063,1365,1216,899,27,129,1550,6.5,7347,154,432,1613,3106,1549,493,6219,4944,1275,2.41,2.00,6219,479,1364,1721,997,612,1046,6219,333,1520,2609,1757,6219,2762,1608,1279,322,3,157,2,61,25,6219,6,21,142,6219,6153,56,10,4944,750,1719,934,659,486,294,72,30,100100,4944,2339,2605,2339,36,929,823,334,137,25,55,1102,2605,245,961,902,300,121,76,417,2322,1254,380,203,141,344,17,2572,1356,434,230,194,109,66,183,33,1069,330,550,137,27,9,8,8,599,206,1048,267,88,112,102,126,353,227
2017,Washington County; Minnesota,96467,92005,4462,0.8,2.1,96467,66403,16393,710,1683,1887,1144,6827,1406,14,96467,912,3154,20141,23346,14167,14249,7656,4970,1593,6279,96467,480,964,5106,9396,13381,13843,14403,13076,27,163,25818,6.9,96467,576,5289,22112,33550,26074,8866,92005,74764,17241,2.77,2.31,92005,6999,25676,28890,16619,7562,6259,92005,2752,22762,42643,23848,92005,75329,1944,12600,820,28,490,55,346,393,92005,114,385,1243,92005,90797,1018,190,74764,2366,1493,6015,12366,22601,22014,7102,807,264300,74764,54617,20147,54617,268,4854,13592,15173,9611,5666,5453,1780,20147,780,3509,7413,5066,1811,1568,556,54451,26969,9458,6183,3556,8285,166,20014,10769,3822,2032,1003,924,395,1069,133,16710,1246,4029,6691,3153,936,365,290,1246,531,16499,2092,2366,2476,1877,1469,6219,742
2017,Carlton County; Minnesota,15923,13413,2510,2.4,2.5,15923,12962,198,244,319,127,284,495,1290,4,15923,131,218,2517,1865,1604,2454,1444,1842,1108,2740,15923,472,457,1229,2603,3275,2796,1899,1407,27,017,1785,5.5,15923,493,1536,4266,6587,2414,627,13413,10687,2726,2.59,2.11,13413,956,3647,4211,2053,1043,1503,13413,682,3490,5426,3815,13413,4938,3889,2261,1008,0,1146,5,123,43,13413,73,120,232,13413,13131,186,96,10687,647,1264,2655,2504,2507,1007,88,15,162800,10687,6795,3892,6795,48,1674,2543,1580,619,212,119,1308,3892,344,1132,1611,479,264,62,452,6764,3096,1295,696,349,1328,31,3833,1608,774,570,232,178,126,345,59,2520,552,1452,370,112,9,4,21,710,206,2452,495,286,379,188,179,925,274
2017,Cook County; Minnesota,5968,2700,3268,3.8,6.8,5968,5120,213,65,82,47,71,177,193,0,5968,78,94,1277,1147,672,802,428,509,365,596,5968,450,609,1137,1061,1036,602,468,267,27,031,338,4.2,5968,450,1241,1960,1634,553,130,2700,2025,675,2.03,1.62,2700,277,704,843,446,225,205,2700,285,836,902,677,2700,145,1152,913,123,0,314,0,49,4,2700,60,38,33,2700,2571,104,25,2025,138,110,222,300,494,514,221,26,241400,2025,1036,989,1036,7,188,349,271,113,55,53,1450,989,187,219,307,172,61,43,451,1032,287,212,143,49,341,4,987,463,222,54,59,48,36,105,2,605,200,291,71,43,0,0,0,690,70,598,185,91,79,70,23,150,77
2017,Kanabec County; Minnesota,7880,6353,1527,2.5,2.2,7880,5986,170,104,58,56,115,259,1117,15,7880,18,80,1427,1310,1000,1403,553,671,368,1050,7880,201,198,721,1418,1584,1206,939,661,27,065,952,5.4,7880,213,802,2421,3003,1089,352,6353,5177,1176,2.50,2.35,6353,439,1614,2035,1110,598,557,6353,304,1608,2257,2184,6353,1514,2750,729,164,6,951,8,196,35,6353,73,47,193,6353,6241,34,78,5177,494,930,1227,1119,938,388,80,1,147200,5177,3178,1999,3178,39,725,1329,705,201,95,84,1294,1999,225,560,703,368,96,47,449,3174,1268,531,379,218,778,4,1979,664,410,260,132,148,106,259,20,1021,196,562,238,25,0,0,0,789,155,1019,144,111,98,161,184,321,157
2017,Koochiching County; Minnesota,7903,5629,2274,5.5,1.8,7903,6134,76,139,250,80,153,219,844,8,7903,18,98,748,981,892,1430,1119,950,664,1003,7903,307,463,1051,1395,1600,1330,613,386,27,071,758,5.0,7903,307,1008,2697,2937,789,165,5629,4429,1200,2.29,1.93,5629,377,1267,1673,1063,529,720,5629,370,1785,2250,1224,5629,2588,1008,1187,228,5,456,0,75,82,5629,25,22,98,5629,5578,45,6,4429,724,1252,1062,629,399,276,87,0,108300,4429,2336,2093,2336,217,934,666,309,120,55,35,1012,2093,417,794,672,93,87,30,372,2322,1163,372,238,110,439,14,2062,1103,303,211,133,96,67,149,31,1071,355,529,137,48,2,0,0,595,129,1040,128,87,84,128,140,473,160
2017,Meeker County; Minnesota,10795,9164,1631,1.3,4.5,10795,8878,122,206,240,157,211,377,602,2,10795,38,188,1532,1353,964,1566,1039,1207,547,2361,10795,75,232,641,1174,1809,1817,1483,1423,27,093,2141,6.3,10795,78,902,2471,4416,2337,591,9164,7211,1953,2.62,1.98,9164,675,2293,2858,1600,761,977,9164,451,2159,3606,2948,9164,3401,2488,2380,311,0,460,0,107,17,9164,13,13,249,9164,8958,151,55,7211,482,1232,1512,1307,1521,872,243,42,161600,7211,4277,2934,4277,78,1071,1540,934,399,173,82,1304,2934,162,873,1138,526,151,84,465,4267,1954,712,548,346,707,10,2906,1216,611,325,243,152,76,283,28,1741,391,1077,220,44,0,0,9,714,212,1738,313,345,179,128,131,642,215
2017,Morrison County; Minnesota,16053,13327,2726,1.1,3.3,16053,12654,487,252,209,210,278,780,1181,2,16053,75,292,2810,2103,1992,2268,1285,1272,810,3146,16053,242,393,1298,2149,2812,2717,2275,1541,27,097,2626,5.9,16053,254,1305,3878,6348,3346,922,13327,10571,2756,2.52,2.06,13327,933,3204,4105,2342,1345,1398,13327,843,3275,4717,4492,13327,4743,3128,2145,999,2,1996,12,246,56,13327,36,45,277,13327,13118,167,42,10571,585,1664,2511,2251,2099,1180,227,54,159100,10571,6134,4437,6134,119,1696,2364,1168,469,213,105,1242,4437,529,1356,1625,642,163,122,434,6108,2689,1016,727,449,1227,26,4421,1865,827,577,348,194,151,459,16,2501,822,1314,332,33,0,0,0,689,255,2491,320,332,409,289,260,881,265
2017,Pennington County; Minnesota,6441,5883,558,1.0,11.0,6441,4340,56,195,129,183,157,554,827,0,6441,106,148,715,743,523,1219,676,487,502,1322,6441,171,165,491,931,1314,1111,705,529,27,113,1024,5.6,6441,179,738,1723,2417,1066,318,5883,4330,1553,2.54,1.89,5883,494,1769,1649,872,505,594,5883,477,1794,2012,1600,5883,2633,1125,1579,169,0,184,0,149,44,5883,17,32,216,5883,5815,65,3,4330,609,947,858,843,733,272,33,35,133300,4330,2447,1883,2447,56,916,877,464,93,33,8,1142,1883,244,638,601,226,106,68,417,2447,1282,352,281,177,355,0,1847,890,365,184,179,27,55,147,36,1418,451,864,65,30,8,0,0,627,135,1418,286,202,164,305,114,347,135
2017,Rice County; Minnesota,24788,22899,1889,1.0,3.6,24788,17528,1598,580,654,725,838,1780,1078,7,24788,149,543,4584,3150,2855,3609,1839,2135,954,4970,24788,154,463,1999,2905,3988,3434,3674,2910,27,131,5261,6.3,24788,195,2465,5358,9542,5684,1544,22899,17012,5887,2.57,2.26,22899,2104,6459,6661,3695,1955,2025,22899,1518,6210,9258,5913,22899,15385,3175,3303,163,4,480,4,204,181,22899,37,102,405,22899,22485,299,115,17012,1110,1094,3279,3859,3836,3034,719,81,188400,17012,11209,5803,11209,53,1855,3770,3148,1354,606,423,1491,5803,398,1355,2219,1123,381,327,493,11205,4518,2331,1570,806,1980,4,5766,2715,1117,693,377,267,94,503,37,5576,985,3054,1054,227,149,40,67,796,311,5520,567,671,864,658,480,2280,367
2017,Steele County; Minnesota,15503,14450,1053,1.5,5.4,15503,11658,735,440,253,261,578,1012,566,0,15503,38,235,2256,1928,1197,2528,1649,1997,573,3102,15503,302,241,881,1885,2679,2468,1722,2108,27,147,3217,6.2,15503,304,1246,3369,6309,3231,1044,14450,11050,3400,2.62,2.10,14450,1273,3682,4590,2254,1257,1394,14450,924,3929,6004,3593,14450,10288,1920,1605,110,0,229,5,70,223,14450,37,201,247,14450,14123,295,32,11050,696,1425,3147,2492,2305,726,230,29,154300,11050,6937,4113,6937,111,1542,2671,1655,650,159,149,1322,4113,253,1076,1871,625,171,117,468,6932,3485,1265,647,417,1118,5,4086,1805,971,339,276,208,123,364,27,3234,555,1702,774,86,50,64,3,758,166,3179,451,468,376,338,197,1349,221
2017,Wilkin County; Minnesota,3094,2852,242,0.5,1.9,3094,2423,24,14,150,113,67,157,146,0,3094,36,44,314,343,194,383,400,365,286,729,3094,10,41,265,311,607,448,379,400,27,167,633,6.2,3094,10,266,785,1090,724,219,2852,2168,684,2.38,1.58,2852,199,852,698,510,245,348,2852,183,744,1175,750,2852,880,709,887,230,5,63,0,60,18,2852,0,3,27,2852,2818,30,4,2168,274,664,416,371,275,127,22,19,114400,2168,1181,987,1181,21,444,435,199,51,14,17,1124,987,129,386,333,87,29,23,389,1181,639,212,103,73,154,0,983,507,217,103,28,34,34,60,4,587,299,207,61,1,0,19,0,496,97,587,73,92,89,45,60,228,97
2017,Red Lake County; Minnesota,1944,1718,226,0.5,9.0,1944,1535,12,53,9,24,76,59,175,1,1944,4,25,223,206,123,421,166,120,139,517,1944,31,41,124,167,331,439,242,237,27,125,332,6.1,1944,31,163,359,867,441,83,1718,1409,309,2.43,1.83,1718,83,436,500,251,130,318,1718,106,520,525,567,1718,114,557,585,301,0,125,1,32,3,1718,12,19,56,1718,1703,12,3,1409,235,407,334,207,135,75,14,2,107300,1409,672,737,672,6,291,241,111,11,2,10,1091,737,89,231,244,117,47,9,436,660,372,100,63,20,105,12,727,354,131,88,47,34,15,58,10,277,140,106,26,3,0,2,0,495,32,277,35,27,41,66,26,82,32
2017,Aitkin County; Minnesota,16478,7709,8769,2.6,5.7,16478,13279,232,93,171,241,149,259,2041,13,16478,92,278,3278,2560,2074,2986,1440,1263,844,1663,16478,511,600,1681,3091,3519,2617,1721,1433,27,001,1305,5.2,16478,542,1775,6084,5911,1679,487,7709,6364,1345,2.04,1.91,7709,412,1779,2837,1427,639,615,7709,406,2297,3014,1992,7709,1079,3767,1310,254,0,1169,2,100,28,7709,76,90,196,7709,7535,87,87,6364,483,999,1144,1132,1429,953,187,37,169300,6364,3290,3074,3290,73,993,1122,692,272,88,50,1203,3074,479,1001,1007,402,119,66,410,3278,1053,491,385,301,1048,12,3027,1242,571,419,235,135,93,332,47,1130,388,528,202,9,3,0,0,638,215,1126,136,146,123,146,91,484,219
2017,Clay County; Minnesota,25587,23453,2134,0.5,6.3,25587,15923,1926,428,766,760,2115,2879,781,9,25587,569,908,4628,3083,1897,4596,2658,3342,908,2998,25587,340,737,2253,3675,3644,3730,3211,3184,27,027,4813,6.1,25587,347,2510,6863,8032,5838,1997,23453,16114,7339,2.66,2.08,23453,3080,7895,6632,2882,1264,1700,23453,1570,6812,9984,5087,23453,10765,2210,8531,1078,39,349,8,262,211,23453,25,220,687,23453,23031,308,114,16114,784,1435,3601,4068,4020,1780,381,45,173100,16114,11209,4905,11209,67,2180,4317,3148,940,325,232,1382,4905,291,1108,2152,785,437,132,495,11207,5650,2067,1292,705,1493,2,4891,2259,1036,590,267,195,128,416,14,6947,1136,4091,972,569,119,52,8,771,392,6669,891,608,785,673,642,3070,670
2017,Faribault County; Minnesota,7062,6245,817,2.4,4.9,7062,6077,95,66,129,208,173,217,94,3,7062,8,31,269,231,418,1073,504,1141,642,2745,7062,44,73,444,790,1255,1397,1029,764,27,043,1266,6.2,7062,54,576,1784,3051,1311,286,6245,4743,1502,2.30,1.83,6245,478,1637,1609,906,688,927,6245,340,2033,2357,1515,6245,2919,2204,646,253,0,124,0,65,34,6245,27,58,179,6245,6208,35,2,4743,1126,1628,861,528,333,210,31,26,86500,4743,2326,2417,2326,132,1283,561,246,64,22,18,915,2417,312,935,767,256,101,46,394,2326,1318,303,241,99,365,0,2397,1160,472,268,164,109,79,145,20,1352,541,722,54,35,0,0,0,585,150,1301,356,182,155,93,59,456,201
2017,Murray County; Minnesota,4630,3713,917,2.5,6.2,4630,4117,42,45,30,21,108,121,144,2,4630,20,62,422,512,294,589,436,520,381,1394,4630,37,60,251,480,864,842,626,544,27,101,926,6.2,4630,43,358,1180,1671,991,387,3713,3020,693,2.30,1.85,3713,255,773,972,753,391,569,3713,178,987,1347,1201,3713,927,1651,531,475,0,64,0,39,26,3713,5,29,81,3713,3694,19,0,3020,540,869,517,327,378,251,103,35,107700,3020,1342,1678,1342,50,581,426,130,92,42,21,1045,1678,249,563,574,194,65,33,408,1342,765,177,99,58,243,0,1671,795,377,179,107,36,45,132,7,569,202,281,73,13,0,0,0,601,124,564,128,98,68,47,24,199,129
2017,Fillmore County; Minnesota,9934,8614,1320,1.1,5.4,9934,8170,188,248,187,259,266,161,449,6,9934,25,196,1652,1021,595,1073,717,719,426,3510,9934,121,232,523,989,1448,1693,1514,1307,27,045,2107,6.5,9934,125,810,2240,4072,2013,674,8614,6873,1741,2.48,1.93,8614,681,2052,2763,1412,728,978,8614,529,2092,3277,2716,8614,4111,2382,1163,112,0,737,8,74,27,8614,154,212,277,8614,8462,135,17,6873,478,1501,1500,1113,1188,696,290,107,148300,6873,4143,2730,4143,119,1215,1477,764,334,127,107,1229,2730,261,784,1100,384,139,62,453,4130,1924,729,383,301,793,13,2712,1221,566,333,172,118,66,236,18,1496,448,880,133,9,16,10,0,606,245,1459,333,195,162,145,139,485,282
2017,Kandiyohi County; Minnesota,19755,16765,2990,1.6,3.1,19755,15179,781,542,493,386,550,1208,608,8,19755,228,472,2478,2619,2383,3332,2042,1942,1008,3251,19755,260,382,1077,2406,3039,2995,2855,2441,27,067,4300,6.4,19755,274,1401,4922,7179,4682,1297,16765,12381,4384,2.53,2.31,16765,1556,4898,4595,2666,1545,1505,16765,899,4752,6934,4180,16765,7984,3820,3520,456,11,416,1,419,138,16765,21,41,441,16765,16421,232,112,12381,690,2027,2490,2244,2540,1766,518,106,167000,12381,7732,4649,7732,50,1936,3072,1557,557,271,289,1275,4649,330,1019,1821,910,303,266,501,7721,3534,1402,891,522,1372,11,4618,1853,1099,558,381,170,101,456,31,4109,841,2447,694,96,17,14,0,709,275,4083,680,555,406,618,296,1528,301
2017,Lake County; Minnesota,7621,5082,2539,2.3,10.7,7621,6662,163,91,96,125,48,181,255,0,7621,37,107,1079,658,743,894,789,1342,486,1486,7621,357,338,788,1369,1545,1281,632,543,27,075,768,5.1,7621,367,916,2440,2841,877,180,5082,4259,823,2.09,1.70,5082,376,1363,1493,758,470,622,5082,314,1327,2002,1439,5082,2303,1051,851,282,0,478,0,97,20,5082,74,73,169,5082,4974,46,62,4259,153,758,783,965,727,516,322,35,165800,4259,2316,1943,2316,68,742,866,322,126,76,116,1180,1943,225,644,597,256,141,80,429,2315,974,506,264,145,426,1,1914,941,351,254,128,42,53,145,29,745,185,380,162,5,3,10,0,644,78,706,134,106,46,66,107,247,117
2017,Polk County; Minnesota,14833,12609,2224,1.3,6.9,14833,10848,357,221,233,275,737,1146,1014,2,14833,68,221,1578,1926,1370,2633,1435,1657,805,3140,14833,178,392,1290,1870,2414,2446,2081,1557,27,119,2605,6.0,14833,187,1627,3646,5355,3077,941,12609,9243,3366,2.56,1.95,12609,1158,3544,3287,1826,1156,1638,12609,862,3717,4804,3226,12609,4688,2382,3995,972,8,393,0,106,65,12609,57,79,544,12609,12472,103,34,9243,1037,1706,1763,1793,1968,784,161,31,152600,9243,4980,4263,4980,113,1271,2033,986,345,133,99,1245,4263,353,1200,1434,829,320,127,480,4963,2602,826,555,301,679,17,4217,1809,909,474,279,138,106,502,46,3142,908,1696,367,99,69,0,3,689,224,3096,587,365,218,423,267,1236,270
2017,Rock County; Minnesota,4270,3985,285,1.3,6.0,4270,3497,123,103,111,99,34,212,91,0,4270,7,71,363,356,224,560,454,548,378,1309,4270,2,112,280,444,647,720,518,545,27,133,1002,6.4,4270,2,381,945,1596,1029,317,3985,2967,1018,2.41,1.99,3985,488,1010,1110,559,310,508,3985,116,1087,1554,1228,3985,1536,1275,915,110,0,43,4,46,56,3985,2,10,51,3985,3910,73,2,2967,293,738,589,629,443,215,33,27,133600,2967,1662,1305,1662,49,602,610,282,55,27,37,1117,1305,169,361,549,121,46,59,435,1661,842,298,171,91,259,1,1294,619,266,138,84,63,26,98,11,905,251,567,77,2,4,4,0,631,113,902,328,70,131,59,44,270,116
2017,Roseau County; Minnesota,7541,6123,1418,0.4,5.4,7541,5160,55,69,143,146,267,351,1350,0,7541,34,92,1108,1284,1118,1537,428,464,414,1062,7541,71,154,350,1128,1821,1334,904,756,27,135,1023,5.7,7541,71,662,1928,3294,1263,323,6123,4817,1306,2.64,1.98,6123,477,1487,1850,1018,597,694,6123,272,1563,2330,1958,6123,1538,1777,1774,246,3,588,0,116,81,6123,64,92,151,6123,5968,111,44,4817,824,1059,1168,844,654,184,55,29,118500,4817,2537,2280,2537,43,783,974,535,140,42,20,1203,2280,297,576,864,302,170,71,454,2529,1233,418,284,242,352,8,2267,1110,427,279,140,74,61,176,13,1164,344,632,129,31,24,0,4,650,142,1150,222,180,164,182,70,332,156
2017,Sibley County; Minnesota,6565,5993,572,1.6,4.8,6565,5551,162,96,124,90,130,199,212,1,6565,17,100,683,637,566,761,537,681,313,2270,6565,10,118,370,610,967,1288,1053,760,27,143,1389,6.4,6565,10,466,1353,2678,1606,452,5993,4688,1305,2.48,2.31,5993,482,1265,1709,976,605,956,5993,222,1351,2320,2100,5993,2787,1760,645,385,2,309,6,66,33,5993,8,29,86,5993,5905,48,40,4688,379,1003,1097,819,740,462,137,51,142800,4688,2686,2002,2686,46,756,990,506,241,83,64,1250,2002,103,577,769,321,130,102,467,2659,1339,416,242,153,509,27,1991,934,404,205,99,94,93,162,11,1095,238,674,139,15,7,0,22,679,210,1075,310,104,128,130,105,298,230
2017,Traverse County; Minnesota,2086,1576,510,2.9,6.7,2086,1815,10,16,5,50,56,38,96,0,2086,3,39,118,149,164,274,196,237,165,741,2086,1,59,77,251,349,345,297,243,27,155,464,6.4,2086,1,144,572,764,435,170,1576,1267,309,2.12,1.85,1576,127,364,439,209,168,269,1576,107,457,585,427,1576,55,837,407,209,0,33,0,14,21,1576,7,15,15,1576,1561,14,1,1267,435,386,109,127,99,79,15,17,79800,1267,457,810,457,5,255,110,66,15,0,6,930,810,135,241,255,92,46,41,419,452,221,34,34,54,109,5,804,419,148,75,69,27,26,40,6,252,75,137,40,0,0,0,0,607,57,252,64,44,27,18,8,91,57
2017,Watonwan County; Minnesota,5039,4327,712,2.7,0.6,5039,4112,30,200,87,155,128,155,172,0,5039,8,35,408,267,430,489,364,587,424,2027,5039,43,36,245,796,716,980,812,584,27,165,827,6.2,5039,50,286,1393,2040,1052,218,4327,3181,1146,2.49,2.49,4327,304,1208,1149,552,413,701,4327,178,1472,1603,1074,4327,2435,1069,599,88,0,58,2,56,20,4327,9,27,169,4327,4265,57,5,3181,546,1178,559,389,279,176,44,10,94500,3181,1816,1365,1816,59,991,382,199,61,32,92,921,1365,223,553,409,97,61,22,383,1816,1001,245,146,163,261,0,1363,632,254,145,99,78,42,113,2,1078,317,677,64,11,9,0,0,616,68,1035,226,269,108,104,67,261,111
2017,Becker County; Minnesota,19396,13489,5907,0.6,5.0,19396,15418,343,142,294,234,366,853,1737,9,19396,193,446,3401,2301,2062,3361,2324,1836,1016,2456,19396,119,516,1413,2641,3178,2753,2579,2150,27,005,4047,6.2,19396,132,1663,5249,7425,3432,1495,13489,10538,2951,2.52,2.23,13489,1056,3846,4284,1955,1164,1184,13489,822,3486,5287,3894,13489,3398,3515,4230,648,2,1354,7,249,86,13489,124,116,364,13489,13297,158,34,10538,846,1334,1727,1935,2207,1762,641,86,182100,10538,6123,4415,6123,159,1465,2221,1314,530,223,211,1313,4415,622,1300,1397,609,258,229,436,6117,2702,958,730,480,1247,6,4367,1959,818,552,284,179,134,441,48,2670,711,1398,433,80,18,4,26,700,281,2635,465,472,310,248,114,1026,316
2017,Hennepin County; Minnesota,525186,499104,26082,1.3,3.3,525186,284090,45666,18485,12584,13561,26315,122764,1643,78,525186,5065,9700,49592,47621,73502,80155,59825,70838,29126,99762,525186,14384,22615,64070,75601,67082,68139,60087,51425,27,053,101783,5.8,525186,16787,94451,136812,148146,96515,32475,499104,311517,187587,2.53,2.19,499104,62193,166590,128624,72003,35676,34018,499104,50265,177391,194602,76846,499104,393367,8245,84596,1865,151,1024,127,5465,4264,499104,1277,2721,11651,499104,485898,9039,4167,311517,7175,11744,31807,57598,89794,73382,32761,7256,245400,311517,223341,88176,223341,1744,19939,60378,58934,36384,18523,27439,1732,88176,3061,10212,31069,22023,9818,11993,599,222683,108066,36895,24539,13926,39257,658,87297,38935,16721,9854,5832,3748,2663,9544,879,183485,18636,68541,60845,25289,6721,2112,1341,1031,4102,181379,23550,25229,25147,21680,17377,68396,6208
2017,Big Stone County; Minnesota,3134,2264,870,0.9,8.8,3134,2591,42,73,0,79,75,130,144,0,3134,10,33,323,186,256,367,309,361,217,1072,3134,40,71,207,476,498,470,369,418,27,011,585,6.1,3134,41,211,865,1134,685,198,2264,1747,517,2.26,1.84,2264,183,560,634,303,252,332,2264,179,632,818,635,2264,596,818,598,134,0,39,8,56,15,2264,22,48,24,2264,2256,8,0,1747,267,640,267,216,220,78,34,25,97000,1747,870,877,870,25,416,234,125,31,18,21,993,877,125,298,277,108,38,31,409,870,483,120,84,54,129,0,874,396,171,119,48,52,15,73,3,435,220,144,49,22,0,0,0,498,82,435,58,66,97,59,8,147,82
2017,Brown County; Minnesota,11647,10668,979,1.9,5.0,11647,9335,157,220,261,420,307,656,291,0,11647,74,179,777,1058,834,1725,1349,1249,670,3732,11647,117,255,676,1333,1526,1730,2100,1427,27,015,2483,6.6,11647,122,1066,2604,4713,2619,523,10668,8304,2364,2.38,1.81,10668,640,3077,2675,1673,1053,1550,10668,554,2919,4267,2928,10668,6684,1927,1271,324,0,266,4,145,47,10668,26,26,135,10668,10529,128,11,8304,737,1779,2219,1673,1287,468,94,47,135300,8304,4502,3802,4502,145,1590,1790,602,222,87,66,1116,3802,396,1120,1516,498,164,108,438,4502,2500,737,461,292,512,0,3781,1799,844,430,168,156,90,294,21,2194,699,1297,163,14,0,21,0,592,170,2194,352,307,385,318,137,695,170
2017,Chippewa County; Minnesota,5693,5019,674,2.2,6.4,5693,4499,59,203,169,92,228,320,123,0,5693,15,41,376,469,361,763,714,1038,373,1543,5693,124,146,278,668,1038,863,809,630,27,023,1137,6.2,5693,124,336,1671,2235,994,333,5019,3526,1493,2.39,2.25,5019,677,1145,1169,856,480,692,5019,209,1524,1873,1413,5019,2585,932,900,354,0,76,1,144,27,5019,10,52,115,5019,4969,21,29,3526,402,1298,631,536,449,148,45,17,104500,3526,1931,1595,1931,24,920,534,285,117,21,30,1019,1595,162,548,511,228,119,27,430,1931,1051,332,125,94,329,0,1590,800,328,139,94,88,22,119,5,1360,506,743,92,6,13,0,0,594,133,1360,377,252,70,223,70,368,133
2017,Cass County; Minnesota,25422,12965,12457,1.6,2.1,25422,21748,608,107,153,188,162,281,2164,11,25422,219,523,5743,4657,3566,3910,2211,1725,1234,1634,25422,383,1034,2827,4532,4763,4233,2719,2054,27,021,2877,5.3,25422,456,2163,8252,9590,3609,1352,12965,10464,2501,2.20,2.17,12965,1049,3154,4457,2437,1008,860,12965,759,3500,5324,3382,12965,2054,5047,3395,438,6,1789,23,129,84,12965,110,78,253,12965,12620,258,87,10464,947,1427,1723,1667,2042,1734,798,126,178700,10464,5729,4735,5729,188,1675,2025,1008,406,206,221,1218,4735,797,1577,1448,550,219,144,400,5718,2354,930,636,383,1415,11,4697,2121,874,547,338,213,114,490,38,2135,648,1182,272,28,0,3,2,692,366,2072,478,273,226,215,210,670,429
2017,Clearwater County; Minnesota,4784,3428,1356,1.3,4.6,4784,3631,13,23,48,56,106,135,770,2,4784,19,105,888,620,530,797,432,345,279,769,4784,124,92,390,839,1078,802,507,415,27,029,537,5.4,4784,124,542,1433,1852,649,184,3428,2727,701,2.59,2.36,3428,194,882,1108,544,297,403,3428,271,908,1197,1052,3428,564,1043,941,293,0,537,0,38,12,3428,51,60,101,3428,3322,76,30,2727,465,654,466,559,335,215,27,6,122800,2727,1403,1324,1403,42,476,513,221,82,40,29,1140,1324,216,349,492,186,54,27,436,1391,610,257,98,106,320,12,1318,537,242,160,79,62,54,184,6,598,242,281,59,8,8,0,0,612,103,588,92,51,72,89,28,256,113
2017,Goodhue County; Minnesota,20458,19345,1113,1.6,2.6,20458,14749,1049,583,668,384,538,1507,978,2,20458,96,312,3103,2629,2024,2977,1782,1267,812,5456,20458,157,428,1428,2522,2643,3228,2634,2572,27,049,4846,6.4,20458,185,1858,4925,7805,4305,1380,19345,14435,4910,2.48,1.91,19345,1967,5023,5798,3152,1608,1797,19345,995,5187,7460,5703,19345,11074,4117,2898,285,3,689,9,146,124,19345,25,77,390,19345,18976,214,155,14435,907,1060,2607,3082,3666,2254,715,144,191400,14435,9122,5313,9122,77,1661,2947,2330,1212,445,450,1479,5313,292,1138,1959,1170,457,297,525,9076,4546,1438,927,658,1507,46,5288,2196,1201,524,443,203,156,565,25,4611,915,2426,882,295,39,11,43,779,299,4514,577,668,532,715,433,1589,396
2017,Hubbard County; Minnesota,14760,8758,6002,1.2,1.7,14760,12249,136,95,148,70,179,373,1507,3,14760,77,299,3353,2644,1812,2317,1298,1006,759,1195,14760,337,627,1341,2425,2785,2051,1562,1412,27,057,2220,5.5,14760,389,1308,4463,5533,2230,837,8758,7212,1546,2.37,2.25,8758,577,2195,3091,1575,659,661,8758,357,2067,3656,2678,8758,1279,2840,2909,286,2,1266,4,146,26,8758,83,66,114,8758,8560,135,63,7212,498,1008,1293,1165,1594,1267,338,49,182700,7212,4268,2944,4268,51,1302,1500,812,346,126,131,1227,2944,276,919,1028,419,195,107,449,4253,1741,671,532,371,938,15,2915,1162,635,371,221,161,96,269,29,1339,452,698,120,26,27,12,4,648,207,1331,226,168,202,194,64,477,215
2017,Isanti County; Minnesota,15656,14571,1085,0.6,0.5,15656,12855,616,179,223,118,262,883,520,0,15656,146,157,3759,2766,2142,2791,1006,667,506,1716,15656,134,375,970,2173,2412,2976,2207,1843,27,059,2566,6.1,15656,138,1149,3960,6213,3423,773,14571,11889,2682,2.69,2.25,14571,1398,3891,4437,2430,1078,1337,14571,601,3289,5551,5130,14571,6420,4482,2002,323,16,1002,6,211,109,14571,82,62,278,14571,14318,166,87,11889,492,973,2731,3197,2851,1381,219,45,172900,11889,8655,3234,8655,83,1455,3303,2336,912,361,205,1420,3234,208,825,1289,629,194,89,475,8634,3884,1373,896,743,1738,21,3216,1279,794,411,234,142,68,288,18,2463,214,1188,853,150,44,0,14,914,219,2442,308,265,367,366,298,838,240
2017,Jackson County; Minnesota,5051,4350,701,3.3,11.0,5051,4406,109,23,76,151,36,186,64,0,5051,50,69,275,326,335,818,417,666,455,1640,5051,51,126,152,637,709,968,689,640,27,063,1079,6.4,5051,51,348,1218,1969,1118,347,4350,3426,924,2.35,2.10,4350,244,999,1310,653,446,698,4350,160,1009,1816,1365,4350,2165,1236,698,152,0,68,0,24,7,4350,10,34,55,4350,4303,36,11,3426,429,1034,636,547,465,234,65,16,114100,3426,1764,1662,1764,107,729,655,207,42,14,10,1032,1662,271,553,535,179,72,52,402,1753,1097,133,149,109,265,11,1653,815,321,218,99,41,34,125,9,760,270,421,62,3,0,4,0,629,164,756,233,119,48,50,73,233,168
2017,Martin County; Minnesota,9989,8685,1304,2.2,11.3,9989,7872,289,219,281,260,233,584,249,2,9989,18,40,592,531,906,1452,870,1408,976,3196,9989,147,240,785,1077,1574,1882,1381,1118,27,091,1785,6.1,9989,149,1149,2451,4026,1717,497,8685,6478,2207,2.39,1.94,8685,803,2071,2296,1422,789,1304,8685,616,2742,3180,2147,8685,5387,1840,1102,139,0,112,1,76,28,8685,69,172,198,8685,8595,44,46,6478,857,2017,1190,947,908,421,110,28,112400,6478,3567,2911,3567,64,1532,1105,556,138,95,77,1068,2911,368,1108,944,319,113,59,398,3566,2064,624,203,186,489,1,2872,1412,681,210,139,129,54,247,39,2049,606,1200,194,4,14,31,0,593,158,1977,457,286,121,250,307,556,230
2017,Mower County; Minnesota,17058,15524,1534,1.5,6.6,17058,13362,521,508,256,429,429,1152,401,0,17058,38,157,1439,1036,1112,1720,1305,3946,1965,4340,17058,213,335,1564,1904,2945,3268,2279,1714,27,099,2836,6.0,17058,227,1833,4572,6542,2912,972,15524,11374,4150,2.53,2.39,15524,1471,4159,4387,2304,1304,1899,15524,1138,4615,5946,3825,15524,10529,2377,2153,58,0,243,2,60,102,15524,22,76,296,15524,15232,173,119,11374,1036,3914,2329,1500,1442,846,259,48,114700,11374,6646,4728,6646,198,2619,1964,1032,498,168,167,1109,4728,799,1768,1244,534,232,151,384,6640,3638,965,461,480,1096,6,4685,2446,784,509,436,114,90,306,43,3962,887,2278,657,91,45,0,4,704,188,3948,518,355,706,485,220,1664,202
2017,Nobles County; Minnesota,8616,7917,699,2.5,3.4,8616,6855,299,109,279,241,274,439,120,0,8616,9,138,628,744,566,1342,1042,1263,647,2237,8616,113,323,737,1165,1472,1379,1231,819,27,105,1377,5.9,8616,117,892,2145,3320,1639,503,7917,5632,2285,2.70,2.73,7917,653,2168,2177,1192,766,961,7917,617,2186,3174,1940,7917,3594,2482,1370,245,2,57,0,112,55,7917,21,42,147,7917,7576,201,140,5632,763,1556,1113,998,735,359,74,34,118300,5632,2639,2993,2639,71,964,1013,345,146,27,73,1123,2993,475,883,1048,391,121,75,423,2637,1298,456,232,168,483,2,2966,1523,549,288,225,82,88,211,27,2083,572,1318,126,30,0,0,37,690,202,2062,503,214,258,171,179,737,223
2017,Pine County; Minnesota,17427,10752,6675,2.1,8.3,17427,13026,200,177,203,170,285,393,2907,66,17427,153,231,3150,3730,2740,2841,1110,838,555,2079,17427,739,931,2042,3640,3207,2353,1838,1100,27,115,1577,4.9,17427,766,2861,5595,5555,2085,565,10752,8434,2318,2.64,2.19,10752,694,2753,3835,1909,743,818,10752,589,3065,3998,3100,10752,3181,4279,1567,269,0,1217,8,138,93,10752,170,150,433,10752,10586,99,67,8434,736,1653,1758,1768,1563,823,114,19,151600,8434,5101,3333,5101,97,1393,1903,1089,413,141,65,1249,3333,491,916,1173,518,140,95,440,5031,1793,845,591,505,1297,70,3300,1193,673,401,293,181,120,439,33,1994,517,1097,296,39,12,9,24,713,324,1960,242,254,254,248,181,781,358
2017,Olmsted County; Minnesota,63111,59804,3307,1.5,4.1,63111,41771,5347,1194,2713,1800,1794,6376,2105,11,63111,1051,1962,12291,9997,8763,8987,6852,5420,2053,5735,63111,834,1814,5539,7622,7155,8349,7982,7913,27,109,15903,6.5,63111,968,5430,15182,18799,17352,5380,59804,44164,15640,2.62,2.14,59804,6460,18204,18079,8830,4435,3796,59804,3854,18437,25166,12347,59804,43523,4988,9472,301,11,679,17,549,264,59804,144,361,954,59804,58349,1152,303,44164,2331,2661,8442,10762,10100,7629,1860,379,188300,44164,29930,14234,29930,334,5171,10667,6783,3561,1504,1910,1444,14234,708,2822,6250,2696,1022,736,514,29828,16424,4823,3085,1554,3942,102,14112,7393,2746,1319,866,467,388,933,122,15071,1713,7247,4175,1424,282,57,173,884,569,14764,2094,1823,2139,1859,1386,5463,876
