year,county_name,housing_occupancy_total_housing_units,housing_occupancy_total_housing_units_occupied_hou,housing_occupancy_total_housing_units_vacant_housi,housing_occupancy_homeowner_vacancy_rate,housing_occupancy_rental_vacancy_rate,units_in_structure_total_housing_units,units_in_structure_total_housing_units_1_unit_deta,units_in_structure_total_housing_units_1_unit_atta,units_in_structure_total_housing_units_2_units,units_in_structure_total_housing_units_3_or_4_unit,units_in_structure_total_housing_units_5_to_9_unit,units_in_structure_total_housing_units_10_to_19_un,units_in_structure_total_housing_units_20_or_more_,units_in_structure_total_housing_units_mobile_home,units_in_structure_total_housing_units_boat_rv_van,year_structure_built_total_housing_units,year_structure_built_total_housing_units_built_201,year_structure_built_total_housing_units_built_200,year_structure_built_total_housing_units_built_199,year_structure_built_total_housing_units_built_198,year_structure_built_total_housing_units_built_197,year_structure_built_total_housing_units_built_196,year_structure_built_total_housing_units_built_195,year_structure_built_total_housing_units_built_194,year_structure_built_total_housing_units_built_193,rooms_total_housing_units,rooms_total_housing_units_1_room,rooms_total_housing_units_2_rooms,rooms_total_housing_units_3_rooms,rooms_total_housing_units_4_rooms,rooms_total_housing_units_5_rooms,rooms_total_housing_units_6_rooms,rooms_total_housing_units_7_rooms,rooms_total_housing_units_8_rooms,rooms_total_housing_units_9_rooms_or_more,rooms_total_housing_units_median_rooms,bedrooms_total_housing_units,bedrooms_total_housing_units_no_bedroom,bedrooms_total_housing_units_1_bedroom,bedrooms_total_housing_units_2_bedrooms,bedrooms_total_housing_units_3_bedrooms,bedrooms_total_housing_units_4_bedrooms,bedrooms_total_housing_units_5_or_more_bedrooms,housing_tenure_occupied_housing_units,housing_tenure_occupied_housing_units_owner_occupi,state_fips,county_fips,housing_tenure_occupied_housing_units_renter_occup,housing_tenure_average_household_size_of_owner_occ,housing_tenure_average_household_size_of_renter_oc,year_householder_moved_into_unit_occupied_housing_,year_householder_moved_into_unit_occupied_housing_,year_householder_moved_into_unit_occupied_housing_,year_householder_moved_into_unit_occupied_housing_,year_householder_moved_into_unit_occupied_housing_,year_householder_moved_into_unit_occupied_housing_,year_householder_moved_into_unit_occupied_housing_,vehicles_available_occupied_housing_units,vehicles_available_occupied_housing_units_no_vehic,vehicles_available_occupied_housing_units_1_vehicl,vehicles_available_occupied_housing_units_2_vehicl,vehicles_available_occupied_housing_units_3_or_mor,house_heating_fuel_occupied_housing_units,house_heating_fuel_occupied_housing_units_utility_,house_heating_fuel_occupied_housing_units_bottled_,house_heating_fuel_occupied_housing_units_electric,house_heating_fuel_occupied_housing_units_fuel_oil,house_heating_fuel_occupied_housing_units_coal_or_,house_heating_fuel_occupied_housing_units_wood,house_heating_fuel_occupied_housing_units_solar_en,house_heating_fuel_occupied_housing_units_other_fu,house_heating_fuel_occupied_housing_units_no_fuel_,selected_characteristics_occupied_housing_units,selected_characteristics_occupied_housing_units_la,selected_characteristics_occupied_housing_units_la,selected_characteristics_occupied_housing_units_no,occupants_per_room_occupied_housing_units,occupants_per_room_occupied_housing_units_1.00_or_,occupants_per_room_occupied_housing_units_1.01_to_,occupants_per_room_occupied_housing_units_1.51_or_,value_owner_occupied_units,value_owner_occupied_units_less_than_50000,value_owner_occupied_units_50000_to_99999,value_owner_occupied_units_100000_to_149999,value_owner_occupied_units_150000_to_199999,value_owner_occupied_units_200000_to_299999,value_owner_occupied_units_300000_to_499999,value_owner_occupied_units_500000_to_999999,value_owner_occupied_units_1000000_or_more,value_owner_occupied_units_median_dollars,mortgage_status_owner_occupied_units,mortgage_status_owner_occupied_units_housing_units,mortgage_status_owner_occupied_units_housing_units,selected_monthly_owner_costs_smoc_housing_units_wi,selected_monthly_owner_costs_smoc_housing_units_wi,selected_monthly_owner_costs_smoc_housing_units_wi,selected_monthly_owner_costs_smoc_housing_units_wi,selected_monthly_owner_costs_smoc_housing_units_wi,selected_monthly_owner_costs_smoc_housing_units_wi,selected_monthly_owner_costs_smoc_housing_units_wi,selected_monthly_owner_costs_smoc_housing_units_wi,selected_monthly_owner_costs_smoc_housing_units_wi,selected_monthly_owner_costs_smoc_housing_units_wi,selected_monthly_owner_costs_smoc_housing_units_wi,selected_monthly_owner_costs_smoc_housing_units_wi,selected_monthly_owner_costs_smoc_housing_units_wi,selected_monthly_owner_costs_smoc_housing_units_wi,selected_monthly_owner_costs_smoc_housing_units_wi,selected_monthly_owner_costs_smoc_housing_units_wi,selected_monthly_owner_costs_as_a_percentage_of_ho,selected_monthly_owner_costs_as_a_percentage_of_ho,selected_monthly_owner_costs_as_a_percentage_of_ho,selected_monthly_owner_costs_as_a_percentage_of_ho,selected_monthly_owner_costs_as_a_percentage_of_ho,selected_monthly_owner_costs_as_a_percentage_of_ho,selected_monthly_owner_costs_as_a_percentage_of_ho,selected_monthly_owner_costs_as_a_percentage_of_ho,selected_monthly_owner_costs_as_a_percentage_of_ho,selected_monthly_owner_costs_as_a_percentage_of_ho,selected_monthly_owner_costs_as_a_percentage_of_ho,selected_monthly_owner_costs_as_a_percentage_of_ho,selected_monthly_owner_costs_as_a_percentage_of_ho,selected_monthly_owner_costs_as_a_percentage_of_ho,selected_monthly_owner_costs_as_a_percentage_of_ho,selected_monthly_owner_costs_as_a_percentage_of_ho,gross_rent_occupied_units_paying_rent,gross_rent_occupied_units_paying_rent_less_than_20,gross_rent_occupied_units_paying_rent_200_to_299,gross_rent_occupied_units_paying_rent_300_to_499,gross_rent_occupied_units_paying_rent_500_to_749,gross_rent_occupied_units_paying_rent_750_to_999,gross_rent_occupied_units_paying_rent_1000_to_1499,gross_rent_occupied_units_paying_rent_1500_or_more,gross_rent_occupied_units_paying_rent_median_dolla,gross_rent_no_rent_paid,gross_rent_as_a_percentage_of_household_income_gra,gross_rent_as_a_percentage_of_household_income_gra
2014,Clay County; Arkansas,8024,6729,1295,1.6,9.3,8024,6456,96,84,266,146,75,83,816,2,8024,65,394,738,1083,1875,1497,1209,476,687,8024,93,116,536,1475,2104,1663,1078,442,517,5.4,8024,93,706,2582,3908,625,110,6729,4985,05,021,1744,2.31,2.25,6729,1381,2482,1257,675,648,286,6729,350,2520,2646,1213,6729,2999,1356,1894,6,0,443,0,27,4,6729,50,83,279,6729,6589,82,58,4985,1792,2094,502,276,170,121,27,3,64100,4985,2097,2888,2097,19,187,702,626,474,67,22,753,2888,61,551,794,632,850,305,2095,1082,258,233,179,343,2,2862,1202,521,315,302,130,79,313,26,1401,19,151,472,602,104,38,15,513,343,1377,119
2014,Drew County; Arkansas,8456,7344,1112,1.3,7.9,8456,5028,31,96,281,233,317,268,2202,0,8456,146,1236,1670,1544,1779,816,446,380,439,8456,169,86,750,1588,2158,1744,926,491,544,5.3,8456,169,523,2463,4270,890,141,7344,4511,05,043,2833,2.46,2.35,7344,1808,2823,1429,639,345,300,7344,442,2335,3235,1332,7344,2029,978,3978,0,0,294,9,48,8,7344,6,15,348,7344,7151,51,142,4511,1439,1063,795,537,506,74,72,25,87400,4511,2064,2447,2064,0,74,369,679,624,248,70,940,2447,64,252,434,800,897,355,2004,1020,221,226,213,324,60,2430,993,440,321,182,165,80,249,17,2391,32,80,623,1178,287,162,29,600,442,2138,265
2014,Saline County; Arkansas,45922,41702,4220,2.9,7.6,45922,33533,298,510,782,932,739,855,8198,75,45922,1603,13039,11024,6673,6566,2863,2328,1019,807,45922,235,301,2081,6399,12540,10655,6321,3595,3795,5.6,45922,280,1767,9599,26788,6440,1048,41702,32389,05,125,9313,2.66,2.59,41702,9197,19365,6809,3181,1868,1282,41702,1631,11135,19202,9734,41702,18212,1366,21027,0,0,958,0,52,87,41702,228,493,1551,41702,41085,529,88,32389,3996,6195,7737,6214,5187,2385,585,90,139300,32389,20892,11497,20892,5,428,1765,5508,8154,3081,1951,1153,11497,170,883,2599,3066,4779,369,20659,10101,3493,2211,1183,3671,233,11434,5743,2753,1194,658,337,215,534,63,8485,12,91,651,2927,2686,1698,420,791,828,8380,1338
2014,Boone County; Arkansas,16884,14855,2029,3.8,4.4,16884,12822,223,288,449,413,348,36,2299,6,16884,114,2518,3062,2185,3974,1739,1075,699,1518,16884,73,375,1099,3089,4358,3351,2012,1234,1293,5.4,16884,76,1311,4990,8155,1763,589,14855,10719,05,009,4136,2.47,2.47,14855,3491,6390,2518,1109,713,634,14855,902,4418,6506,3029,14855,5053,2221,6185,3,0,1358,0,23,12,14855,91,87,355,14855,14465,296,94,10719,1675,3252,2408,1427,1252,550,124,31,109000,10719,6040,4679,6040,36,447,998,2192,1533,473,361,897,4679,74,834,1358,1161,1252,306,6007,2761,926,634,550,1136,33,4638,2167,1043,538,288,182,61,359,41,3442,88,167,668,1614,595,295,15,596,694,3296,507
2014,Desha County; Arkansas,6265,5166,1099,2.2,9.1,6265,4424,72,315,373,230,16,51,784,0,6265,12,317,667,1287,1693,993,535,262,499,6265,35,154,403,1015,2009,1251,718,279,401,5.3,6265,46,512,1635,3349,606,117,5166,2961,05,041,2205,2.46,2.36,5166,946,2247,789,490,301,393,5166,631,2030,1728,777,5166,2298,492,2317,8,0,34,0,10,7,5166,19,25,266,5166,5066,80,20,2961,1264,1064,389,118,83,37,6,0,56900,2961,1216,1745,1216,1,79,252,439,385,60,0,911,1745,26,218,408,442,651,347,1213,689,143,148,37,196,3,1718,703,375,229,104,79,25,203,27,1624,68,172,428,693,260,3,0,551,581,1565,165
2014,Garland County; Arkansas,50552,39876,10676,3.6,11.1,50552,32866,1174,1267,2295,1978,1167,1921,7876,8,50552,338,8685,8384,9007,9671,4744,4104,2302,3317,50552,896,1152,3950,10383,12841,9095,5764,3506,2965,5.2,50552,1011,4089,16034,23616,5264,538,39876,27022,05,051,12854,2.36,2.40,39876,10809,17533,6136,2693,1703,1002,39876,2861,14839,15728,6448,39876,12803,1475,24183,52,0,1195,0,90,78,39876,141,443,1188,39876,38765,806,305,27022,4398,5896,5418,3918,4102,2141,916,233,130200,27022,14960,12062,14960,71,520,2304,4351,4666,1823,1225,1022,12062,190,1689,3336,3211,3636,321,14781,6599,1793,1608,1020,3761,179,11880,5879,2149,1507,754,394,351,846,182,11657,264,580,1419,4445,2985,1618,346,709,1197,11435,1642
2014,Pope County; Arkansas,25725,22776,2949,1.7,10.8,25725,18240,205,829,1324,725,681,343,3252,126,25725,475,4467,5666,5643,4434,2272,1188,555,1025,25725,597,419,1340,4634,7301,5234,2683,1614,1903,5.3,25725,667,1481,6489,13129,3253,706,22776,15715,05,115,7061,2.66,2.51,22776,6099,9283,4398,1613,865,518,22776,1206,7097,9292,5181,22776,6848,564,14093,8,0,985,0,155,123,22776,61,168,727,22776,22086,449,241,15715,2175,4385,3845,2686,1647,777,185,15,115900,15715,9195,6520,9195,48,452,1503,3064,2537,1029,562,948,6520,34,968,2150,1686,1682,306,9174,4159,1698,892,715,1710,21,6460,3419,1286,551,450,248,143,363,60,6320,106,233,985,2963,1597,403,33,634,741,6204,682
2014,Woodruff County; Arkansas,3889,3055,834,0.8,8.4,3889,2797,25,247,97,74,32,44,573,0,3889,53,295,489,414,1170,467,412,269,320,3889,71,30,175,619,1372,790,461,178,193,5.3,3889,71,261,1110,2074,304,69,3055,1903,05,147,1152,2.31,2.22,3055,581,1094,517,385,322,156,3055,430,1164,1038,423,3055,1328,278,1338,0,0,90,0,21,0,3055,38,8,146,3055,2987,47,21,1903,815,718,222,65,55,22,6,0,57600,1903,676,1227,676,0,78,237,226,94,24,17,715,1227,8,151,365,314,389,331,676,346,75,50,55,150,0,1200,499,173,113,139,79,48,149,27,982,53,148,343,337,83,18,0,456,170,957,146
2014,Jackson County; Arkansas,7613,6402,1211,2.9,8.2,7613,5723,82,442,183,141,72,51,850,69,7613,42,538,746,919,2372,1320,764,409,503,7613,103,69,390,1322,2237,1617,971,490,414,5.4,7613,111,510,2238,4126,530,98,6402,4336,05,067,2066,2.20,2.39,6402,1368,2353,979,691,656,355,6402,557,2486,2189,1170,6402,3310,633,2192,23,6,228,0,3,7,6402,77,58,155,6402,6251,68,83,4336,1840,1642,396,226,191,25,8,8,58200,4336,1961,2375,1961,7,270,702,548,333,60,41,701,2375,75,388,709,688,515,302,1961,953,324,257,136,291,0,2336,984,483,314,154,49,103,249,39,1773,130,177,316,880,231,23,16,537,293,1682,292
2014,Stone County; Arkansas,6742,5267,1475,0.7,2.3,6742,4822,70,115,15,54,31,68,1560,7,6742,50,1243,1222,1421,1270,503,350,438,245,6742,297,237,392,1447,1726,965,813,439,426,5.1,6742,305,476,2007,3185,680,89,5267,4056,05,137,1211,2.43,2.08,5267,937,2219,877,625,436,173,5267,309,1797,1939,1222,5267,427,1954,1755,21,0,1110,0,0,0,5267,108,72,100,5267,5094,87,86,4056,1005,1135,630,380,673,192,27,14,91200,4056,1584,2472,1584,0,119,381,529,422,98,35,875,2472,92,551,757,439,633,265,1567,395,249,204,139,580,17,2465,1135,494,310,208,60,55,203,7,880,75,95,289,296,84,41,0,489,331,848,100
2014,Baxter County; Arkansas,22606,18237,4369,3.0,7.7,22606,16321,584,450,632,411,237,340,3578,53,22606,286,4521,4294,3700,5759,1868,760,510,908,22606,333,407,1390,4893,5842,4442,2246,1593,1460,5.2,22606,351,1476,9036,9558,1856,329,18237,13919,05,005,4318,2.24,2.19,18237,3808,8121,3823,1536,746,203,18237,821,6444,7601,3371,18237,5428,2109,9094,25,0,1441,12,50,78,18237,34,149,400,18237,18024,151,62,13919,2065,3342,3356,2071,1911,869,222,83,119700,13919,7085,6834,7085,0,390,1029,2613,2060,484,509,943,6834,137,781,2388,1975,1553,305,7064,2562,1330,702,471,1999,21,6730,2646,1672,941,552,227,221,471,104,3745,69,244,780,1574,817,203,58,611,573,3722,492
2014,Greene County; Arkansas,18181,16610,1571,1.0,1.9,18181,13292,150,684,831,561,328,143,2192,0,18181,524,3534,3585,2700,3342,1586,1280,655,975,18181,82,186,1018,3221,4920,3873,2362,1126,1393,5.4,18181,90,765,5703,9296,2037,290,16610,10790,05,055,5820,2.61,2.44,16610,4660,6751,2837,1165,716,481,16610,674,5945,6803,3188,16610,2799,1525,11491,99,31,603,0,18,44,16610,37,108,482,16610,16424,148,38,10790,2318,2983,2524,1599,1040,272,54,0,101700,10790,6172,4618,6172,0,271,916,2065,1989,651,280,974,4618,42,688,1205,1069,1614,332,6166,3054,1031,469,377,1235,6,4494,1954,786,600,450,281,114,309,124,5102,79,229,748,2352,1384,303,7,662,718,4915,633
2014,Phillips County; Arkansas,10131,8291,1840,3.3,5.4,10131,7206,76,973,396,96,170,122,1092,0,10131,77,591,1183,1145,2640,2141,1291,515,548,10131,13,41,653,1957,2852,2182,1068,781,584,5.3,10131,13,843,2654,5373,1020,228,8291,4318,05,107,3973,2.36,2.63,8291,2015,3387,1276,608,553,452,8291,1149,3581,2215,1346,8291,4622,729,2861,0,0,71,0,0,8,8291,105,122,292,8291,8034,188,69,4318,1694,1362,546,243,281,178,14,0,63500,4318,1900,2418,1900,65,116,333,641,459,205,81,927,2418,20,244,684,577,893,342,1886,790,240,217,74,565,14,2386,1059,515,285,222,87,47,171,32,3418,163,237,867,1296,731,124,0,586,555,3329,416
2014,Yell County; Arkansas,9741,7825,1916,3.1,6.3,9741,7200,109,241,239,356,99,75,1400,22,9741,121,1557,1723,1536,1746,1317,633,392,716,9741,218,197,609,1849,2752,2227,1134,326,429,5.2,9741,233,545,2644,5148,1076,95,7825,5273,05,149,2552,2.76,2.75,7825,1673,3193,1632,599,392,336,7825,431,2574,2865,1955,7825,1887,674,4651,0,0,569,0,28,16,7825,42,65,268,7825,7452,152,221,5273,856,1929,795,784,728,135,30,16,94300,5273,2668,2605,2668,21,146,642,865,669,226,99,888,2605,74,450,741,645,695,306,2638,1244,384,218,124,668,30,2546,1197,555,338,245,8,14,189,59,2152,14,202,581,976,213,141,25,539,400,2138,401
2014,Clark County; Arkansas,10393,8467,1926,1.8,8.4,10393,6480,54,158,249,554,366,249,2283,0,10393,53,1022,1960,2015,2064,1256,860,407,756,10393,129,243,579,1827,2596,2324,1320,789,586,5.4,10393,135,884,3321,4745,1119,189,8467,5378,05,019,3089,2.45,2.17,8467,2242,3309,1434,700,468,314,8467,474,3141,3236,1616,8467,3159,541,4199,0,0,522,0,44,2,8467,21,74,116,8467,8377,53,37,5378,1674,1613,900,392,474,181,77,67,84300,5378,2432,2946,2432,0,149,324,904,716,183,156,945,2946,56,385,1044,767,694,299,2432,1305,319,158,172,478,0,2929,1330,621,394,186,222,28,148,17,2746,106,178,605,1216,521,96,24,604,343,2656,310
2014,Monroe County; Arkansas,4446,3374,1072,5.2,7.0,4446,3220,7,334,98,179,28,76,504,0,4446,46,197,507,711,992,643,658,323,369,4446,27,27,422,748,1236,987,392,364,243,5.3,4446,27,418,1261,2216,481,43,3374,2133,05,095,1241,2.28,2.34,3374,601,1169,765,369,280,190,3374,601,1164,1079,530,3374,1442,402,1485,15,0,20,0,5,5,3374,11,9,193,3374,3312,59,3,2133,1021,689,231,104,58,26,4,0,54100,2133,838,1295,838,1,59,253,328,175,10,12,796,1295,8,174,312,469,332,328,838,458,65,100,40,175,0,1253,487,266,190,60,128,23,99,42,985,56,164,257,383,109,16,0,514,256,979,124
2014,Ouachita County; Arkansas,13101,10502,2599,0.3,7.4,13101,9812,147,332,364,322,175,135,1814,0,13101,106,766,1267,2535,2690,2283,1675,1088,691,13101,76,179,570,1863,3569,3220,1957,1020,647,5.6,13101,100,830,4187,6518,1265,201,10502,7162,05,103,3340,2.33,2.50,10502,2035,3805,2113,1068,703,778,10502,1064,3749,3501,2188,10502,5263,863,3865,0,0,437,0,53,21,10502,16,114,253,10502,10328,128,46,7162,2570,2521,882,705,367,41,76,0,67800,7162,2987,4175,2987,0,236,610,1094,641,250,156,846,4175,100,560,1251,1118,1146,313,2949,1529,322,256,165,677,38,4133,1812,657,518,324,259,118,445,42,2807,130,334,625,1056,511,136,15,570,533,2697,358
2014,Arkansas County; Arkansas,9429,7787,1642,0.8,10.8,9429,6760,80,234,185,304,145,139,1560,22,9429,150,783,812,1172,2291,1570,1276,675,700,9429,68,93,554,1318,2852,1953,1261,583,747,5.4,9429,81,543,2572,5165,963,105,7787,5289,05,001,2498,2.34,2.48,7787,1888,2732,1312,908,612,335,7787,602,2753,3136,1296,7787,3087,506,4040,16,0,108,0,12,18,7787,4,15,215,7787,7748,37,2,5289,1550,2078,668,382,266,285,48,12,74800,5289,2599,2690,2599,0,84,642,965,538,203,167,885,2690,10,259,723,729,969,343,2589,1223,399,352,151,464,10,2670,1270,390,370,159,182,122,177,20,2026,104,83,389,861,479,95,15,639,472,1905,269
2014,Carroll County; Arkansas,13560,11069,2491,3.0,9.0,13560,9921,285,413,530,188,68,70,2069,16,13560,110,2189,2590,2407,2062,1227,730,402,1843,13560,335,272,1195,2160,3371,2230,1571,1158,1268,5.3,13560,376,1208,4103,6178,1367,328,11069,8182,05,015,2887,2.39,2.69,11069,2653,4664,2226,752,529,245,11069,580,3642,4414,2433,11069,3200,2414,4315,14,0,1006,38,45,37,11069,182,214,216,11069,10773,214,82,8182,1550,2127,1462,1070,1273,577,113,10,114300,8182,4260,3922,4260,9,269,799,1254,1319,344,266,949,3922,160,663,1043,870,1186,312,4231,1549,628,646,235,1173,29,3875,1912,582,605,208,157,64,347,47,2618,31,181,479,1119,647,82,79,638,269,2593,483
2014,Pulaski County; Arkansas,178659,153323,25336,4.1,15.3,178659,118118,3346,5182,6576,8856,11351,14761,10388,81,178659,2405,24360,24270,31591,38446,24356,16790,7361,9080,178659,2661,3272,13799,32972,42345,35648,20381,13073,14508,5.4,178659,2965,18271,49561,81098,23102,3662,153323,92448,05,119,60875,2.59,2.35,153323,44456,63576,22375,10427,7422,5067,153323,10918,60501,57086,24818,153323,87821,2754,61376,128,0,934,22,43,245,153323,433,970,4937,153323,150983,1826,514,92448,8971,20972,19378,16927,13796,8630,2891,883,141600,92448,61448,31000,61448,68,1493,4243,14427,20801,10343,10073,1217,31000,328,2001,6058,7786,14827,392,60966,28510,8981,6568,4368,12539,482,30522,14058,6181,3681,1879,991,819,2913,478,58221,601,1689,5212,18653,19384,10770,1912,779,2654,56122,6468
2014,Nevada County; Arkansas,4549,3596,953,2.2,7.0,4549,3131,24,39,98,128,0,10,1114,5,4549,58,352,834,699,630,748,735,128,365,4549,49,52,370,725,1313,1007,538,318,177,5.3,4549,49,350,1323,2422,353,52,3596,2619,05,099,977,2.40,2.45,3596,635,1295,864,210,317,275,3596,379,1271,1198,748,3596,1494,379,1432,33,0,256,0,2,0,3596,29,47,115,3596,3519,70,7,2619,932,1036,298,150,171,2,30,0,64300,2619,1147,1472,1147,1,38,281,408,398,19,2,817,1472,11,221,477,484,279,305,1147,519,142,76,78,332,0,1470,684,254,159,55,65,64,189,2,641,106,59,109,251,95,9,12,545,336,641,91
2014,Cross County; Arkansas,7870,6882,988,0.4,12.9,7870,5531,29,396,336,121,34,17,1397,9,7870,67,1183,1166,1040,1493,1133,719,480,589,7870,51,40,316,1370,2215,1575,1274,460,569,5.5,7870,62,367,2119,4234,942,146,6882,4372,05,037,2510,2.61,2.37,6882,1559,2793,1233,465,445,387,6882,562,2377,2574,1369,6882,2001,1122,3621,33,0,96,0,0,9,6882,17,29,233,6882,6810,57,15,4372,1186,1417,811,457,342,122,27,10,81000,4372,2377,1995,2377,0,45,446,860,656,214,156,956,1995,20,186,542,482,765,342,2377,1219,413,181,95,469,0,1989,808,430,264,218,63,29,177,6,2068,60,218,400,825,449,116,0,644,442,1995,153
2014,Dallas County; Arkansas,4300,3322,978,0.6,5.4,4300,3213,8,27,145,83,100,24,700,0,4300,18,251,391,711,1121,687,506,288,327,4300,88,96,262,615,1199,1083,575,212,170,5.4,4300,107,327,1266,2198,366,36,3322,2197,05,039,1125,2.33,2.10,3322,656,1127,587,382,402,168,3322,455,1038,1207,622,3322,1165,364,1452,0,0,289,0,21,31,3322,86,85,68,3322,3302,15,5,2197,942,745,251,83,137,18,15,6,59700,2197,838,1359,838,0,76,184,322,220,25,11,853,1359,32,181,507,323,316,294,836,490,76,76,46,148,2,1356,674,278,144,62,77,51,70,3,889,0,65,372,380,72,0,0,504,236,840,121
2014,Columbia County; Arkansas,11573,9509,2064,3.8,8.6,11573,8079,81,119,248,181,493,358,2014,0,11573,68,1773,1469,1772,2055,1200,1409,788,1039,11573,235,130,667,1978,2787,2764,1458,807,747,5.5,11573,251,747,3161,5463,1725,226,9509,6476,05,027,3033,2.45,2.30,9509,2020,3959,1350,975,717,488,9509,746,2913,3540,2310,9509,4099,539,4573,0,0,272,0,15,11,9509,15,94,314,9509,9307,189,13,6476,2021,1975,780,564,822,206,87,21,78500,6476,2755,3721,2755,0,128,475,988,643,243,278,933,3721,21,414,1175,867,1244,329,2754,1510,438,145,190,471,1,3672,1855,451,440,299,154,167,306,49,2358,86,221,640,871,435,95,10,604,675,2257,314
2014,Randolph County; Arkansas,8518,7293,1225,0.9,4.0,8518,6669,32,299,294,77,15,39,1076,17,8518,73,805,1258,1395,2215,975,794,538,465,8518,134,84,562,1590,1829,2137,1045,658,479,5.5,8518,143,528,2554,4304,792,197,7293,5464,05,121,1829,2.41,2.33,7293,1658,2642,1227,893,572,301,7293,595,2181,2577,1940,7293,2345,1649,1881,67,0,1301,0,27,23,7293,45,48,275,7293,7172,95,26,5464,1878,1583,1108,339,346,210,0,0,70000,5464,2651,2813,2651,20,454,650,791,577,110,49,785,2813,129,474,946,651,613,284,2649,1412,520,250,154,313,2,2741,1436,488,264,180,110,100,163,72,1542,142,108,539,646,97,10,0,491,287,1479,190
2014,Van Buren County; Arkansas,10345,7077,3268,6.0,7.3,10345,6965,109,78,229,290,281,74,2239,80,10345,104,1792,1697,1979,2422,949,436,438,528,10345,438,273,688,2298,2993,1896,986,509,264,5.0,10345,438,950,3232,4985,539,201,7077,5286,05,141,1791,2.36,2.46,7077,1300,3211,1337,594,363,272,7077,363,2560,2945,1209,7077,768,1188,3572,3,0,1111,0,432,3,7077,76,93,152,7077,6878,132,67,5286,1385,1622,920,563,455,226,76,39,86000,5286,2089,3197,2089,8,166,404,728,468,197,118,851,3197,72,525,1052,740,808,296,2065,842,272,269,126,556,24,3130,1253,628,354,313,125,99,358,67,1253,0,124,207,594,238,90,0,593,538,1250,113
2014,Izard County; Arkansas,7216,5656,1560,2.0,14.3,7216,5481,41,67,103,67,21,24,1385,27,7216,7,822,1548,1044,1985,756,304,216,534,7216,73,95,415,1645,2347,1219,764,362,296,5.1,7216,84,402,2567,3479,553,131,5656,4519,05,065,1137,2.26,2.22,5656,1103,2602,1110,456,255,130,5656,270,2082,2035,1269,5656,615,1724,2444,16,0,832,0,5,20,5656,73,105,94,5656,5515,119,22,4519,1354,1594,544,557,337,128,5,0,74000,4519,2099,2420,2099,0,221,558,724,418,134,44,795,2420,12,347,974,630,457,287,2067,787,396,233,112,539,32,2405,956,596,374,219,44,44,172,15,873,10,83,286,403,91,0,0,547,264,834,122
2014,Independence County; Arkansas,16205,14405,1800,2.1,5.7,16205,11661,48,298,260,101,146,284,3367,40,16205,227,2547,2657,2824,3635,1843,1037,545,890,16205,187,102,686,2929,4186,3374,2325,1212,1204,5.5,16205,203,880,4312,8757,1783,270,14405,10084,05,063,4321,2.49,2.48,14405,3623,5734,2120,1140,1225,563,14405,775,4638,5893,3099,14405,4280,2386,6675,20,0,984,0,7,53,14405,96,179,366,14405,14032,215,158,10084,2188,3317,1761,1487,785,380,117,49,91300,10084,5415,4669,5415,0,238,1304,1545,1497,542,289,902,4669,108,718,1361,1015,1467,316,5394,2429,874,604,547,940,21,4613,2170,861,578,210,242,141,411,56,3653,42,239,807,1797,633,89,46,590,668,3577,420
2014,Lincoln County; Arkansas,4867,4195,672,1.1,2.9,4867,2841,10,173,76,113,19,19,1607,9,4867,22,669,1030,871,892,594,286,256,247,4867,94,5,202,983,1736,845,528,285,189,5.2,4867,94,157,1303,2750,481,82,4195,2923,05,079,1272,2.51,2.41,4195,743,2014,628,291,308,211,4195,440,1477,1457,821,4195,835,855,2253,0,0,195,0,57,0,4195,8,5,95,4195,4049,92,54,2923,1287,793,388,167,176,41,57,14,57300,2923,1165,1758,1165,27,121,210,393,277,111,26,784,1758,9,308,520,389,532,311,1155,629,217,54,94,161,10,1639,785,254,187,56,50,30,277,119,920,52,83,187,416,152,30,0,598,352,913,108
2014,Logan County; Arkansas,10129,8439,1690,2.6,10.7,10129,7899,87,279,201,41,35,40,1536,11,10129,154,1320,1590,1522,2107,983,728,674,1051,10129,190,159,478,1815,2716,2196,1315,566,694,5.4,10129,190,565,2761,5255,1078,280,8439,6215,05,083,2224,2.60,2.42,8439,1708,3259,1508,862,669,433,8439,553,2498,2975,2413,8439,3088,536,3981,0,0,766,0,30,38,8439,49,66,236,8439,8282,55,102,6215,1530,2461,964,637,409,90,65,59,80000,6215,2970,3245,2970,0,191,827,1038,659,185,70,781,3245,67,610,1131,763,674,285,2970,1579,513,165,164,549,0,3222,1621,543,398,271,158,90,141,23,1805,30,178,602,692,209,51,43,530,419,1728,336
2014,Grant County; Arkansas,7803,6798,1005,0.6,8.6,7803,5389,35,149,29,104,21,67,2008,1,7803,149,1340,1565,1353,1444,819,586,326,221,7803,82,99,350,1174,2491,1696,932,618,361,5.4,7803,92,285,2014,4475,831,106,6798,5234,05,053,1564,2.70,2.37,6798,1570,2560,1371,594,453,250,6798,209,1879,2672,2038,6798,2522,525,3276,8,0,413,0,34,20,6798,75,96,125,6798,6704,71,23,5234,1155,1425,1139,818,472,180,30,15,101600,5234,2626,2608,2626,0,55,510,729,1001,260,71,1008,2608,93,339,650,753,773,333,2616,1462,388,257,126,383,10,2584,1166,613,310,286,90,38,81,24,1425,14,15,261,582,477,65,11,700,139,1403,200
2014,Crittenden County; Arkansas,21541,18253,3288,3.3,13.9,21541,14588,284,760,1293,1961,600,259,1776,20,21541,186,3846,3535,3313,3840,2964,1627,1269,961,21541,344,314,966,4464,5891,4307,2884,1274,1097,5.3,21541,344,1183,5972,11110,2544,388,18253,10446,05,035,7807,2.70,2.72,18253,5038,7424,2970,1259,822,740,18253,2102,6860,6073,3218,18253,9508,1105,7465,32,0,50,0,39,54,18253,79,94,685,18253,17345,675,233,10446,1812,3361,2358,1713,851,280,60,11,101100,10446,6773,3673,6773,2,120,837,2105,2520,757,432,1057,3673,12,442,769,992,1458,367,6680,3046,1158,806,281,1389,93,3632,1726,639,372,315,166,85,329,41,7262,174,305,1125,2965,1760,830,103,681,545,6988,835
2014,Franklin County; Arkansas,8023,6783,1240,2.3,4.1,8023,6395,87,76,90,51,20,24,1241,39,8023,72,1341,1577,1208,1456,929,540,263,637,8023,89,90,226,1133,2568,1902,1058,515,442,5.5,8023,89,429,1875,4722,811,97,6783,5137,05,047,1646,2.53,2.78,6783,1473,2865,1069,495,507,374,6783,303,2128,2680,1672,6783,2467,240,3466,0,0,563,0,33,14,6783,22,44,137,6783,6681,85,17,5137,889,1980,1007,588,434,96,95,48,91900,5137,2671,2466,2671,18,264,555,889,756,118,71,878,2466,127,538,675,568,558,285,2671,1445,342,232,178,474,0,2453,1402,485,193,115,74,48,136,13,1324,84,118,195,687,240,0,0,568,322,1324,263
2014,Faulkner County; Arkansas,48050,42964,5086,2.3,11.5,48050,30819,707,2124,839,1502,4061,1377,6605,16,48050,1655,13785,12528,7680,6413,2521,1538,791,1139,48050,354,859,4001,8755,11525,9653,5758,3741,3404,5.4,48050,393,3204,13003,23713,6652,1085,42964,27295,05,045,15669,2.75,2.42,42964,13751,18951,6352,2208,1167,535,42964,2169,12924,17824,10047,42964,14694,1791,25520,15,0,764,0,69,111,42964,35,309,1142,42964,42203,580,181,27295,2650,4766,7510,5305,4751,1841,330,142,141700,27295,18937,8358,18937,55,641,1320,4829,7153,3138,1801,1143,8358,66,894,1805,2383,3210,358,18910,9731,3208,1900,1214,2857,27,8212,4414,1347,768,465,359,196,663,146,15100,118,280,1395,6373,4591,1945,398,726,569,14865,2368
2014,Pike County; Arkansas,5565,4352,1213,3.1,6.5,5565,3713,22,121,131,98,31,11,1433,5,5565,65,744,1225,822,1101,543,378,255,432,5565,133,21,344,1135,1558,1403,507,329,135,5.2,5565,133,270,1732,2863,518,49,4352,3213,05,109,1139,2.58,2.36,4352,978,1674,875,331,291,203,4352,219,1351,1681,1101,4352,1268,745,1876,0,0,432,0,31,0,4352,9,40,113,4352,4277,44,31,3213,905,1225,463,311,203,44,36,26,74700,3213,1499,1714,1499,0,128,398,408,375,150,40,835,1714,31,322,469,438,454,307,1477,665,255,109,86,362,22,1674,768,361,148,120,121,16,140,40,911,71,79,384,312,65,0,0,468,228,902,163
2014,Jefferson County; Arkansas,33126,28488,4638,2.5,7.8,33126,23970,487,858,835,1187,1059,1008,3714,8,33126,268,3284,4060,5000,6440,5946,4114,2209,1805,33126,293,407,1962,5540,8849,7688,4042,2272,2073,5.4,33126,321,2296,9361,17287,3295,566,28488,18165,05,069,10323,2.41,2.43,28488,7177,10593,4909,2632,1754,1423,28488,2082,11180,10137,5089,28488,13215,996,13681,26,0,440,0,62,68,28488,144,259,752,28488,28069,331,88,18165,5344,6000,2946,1955,1285,521,103,11,81400,18165,9863,8302,9863,95,404,1487,3560,2671,982,664,933,8302,158,849,2378,2390,2527,326,9788,4968,1097,1008,498,2217,75,8210,3377,1744,968,662,354,165,940,92,9507,224,531,1456,4232,2372,652,40,663,816,9098,1489
2014,Marion County; Arkansas,9348,6912,2436,3.3,13.7,9348,7070,43,152,101,155,49,34,1675,69,9348,44,1506,2114,1362,2103,708,563,425,523,9348,171,239,827,1753,2286,2106,813,652,501,5.2,9348,177,1042,3290,3990,624,225,6912,5475,05,089,1437,2.33,2.52,6912,1376,2846,1611,696,249,134,6912,341,2029,2875,1667,6912,869,1547,3305,20,0,1152,14,5,0,6912,113,87,149,6912,6710,171,31,5475,941,1959,1072,570,561,232,118,22,95300,5475,2714,2761,2714,1,194,715,1116,456,138,94,809,2761,105,399,781,796,680,308,2697,1037,454,450,146,610,17,2680,1083,513,306,320,31,34,393,81,1249,1,74,411,605,103,51,4,564,188,1241,138
2014,Montgomery County; Arkansas,5752,3813,1939,1.2,6.5,5752,3662,21,21,105,46,18,20,1824,35,5752,15,1012,1188,1081,1009,493,288,267,399,5752,35,106,331,1292,1809,1060,491,320,308,5.1,5752,44,313,2213,2675,418,89,3813,3105,05,097,708,2.28,2.94,3813,664,1406,1019,401,171,152,3813,155,1033,1603,1022,3813,613,856,1466,2,0,850,0,22,4,3813,19,26,91,3813,3736,46,31,3105,839,1060,289,393,260,136,81,47,76600,3105,1190,1915,1190,0,158,277,330,325,24,76,841,1915,69,555,494,365,432,265,1190,564,173,111,91,251,0,1884,808,374,246,91,161,54,150,31,528,12,48,137,247,52,28,4,582,180,511,107
2014,Scott County; Arkansas,5184,4125,1059,2.5,9.2,5184,3819,12,117,119,95,55,31,913,23,5184,47,545,937,921,855,781,374,363,361,5184,104,78,307,773,1601,946,715,433,227,5.3,5184,104,289,1401,2752,537,101,4125,3109,05,127,1016,2.57,2.90,4125,931,1476,877,410,235,196,4125,287,1188,1690,960,4125,781,440,2240,0,0,564,0,100,0,4125,7,27,140,4125,3956,119,50,3109,895,1132,552,215,200,41,37,37,78600,3109,1466,1643,1466,22,117,229,656,358,45,39,791,1643,34,385,645,300,279,258,1466,794,232,74,107,259,0,1628,744,394,190,52,42,84,122,15,830,3,101,228,366,132,0,0,525,186,830,142
2014,Searcy County; Arkansas,4902,3179,1723,1.5,6.5,4902,3708,12,28,86,38,27,67,926,10,4902,3,637,717,862,955,671,416,239,402,4902,99,232,488,1411,1334,719,285,194,140,4.7,4902,99,748,1710,1921,341,83,3179,2508,05,129,671,2.48,2.57,3179,500,1173,539,318,342,307,3179,202,1131,1003,843,3179,198,857,1198,0,0,897,0,19,10,3179,58,32,93,3179,3122,45,12,2508,803,625,389,331,148,139,21,52,85400,2508,848,1660,848,0,77,174,264,250,32,51,825,1660,139,394,508,357,262,257,848,303,123,121,158,143,0,1625,916,305,119,105,84,20,76,35,481,43,62,197,135,24,20,0,421,190,462,54
2014,Sebastian County; Arkansas,55434,49424,6010,2.6,10.0,55434,38601,1676,3286,2556,2322,2346,2445,2134,68,55434,676,7096,7737,8816,12071,7363,4734,3770,3171,55434,1158,699,4668,8691,14678,11808,6520,3478,3734,5.4,55434,1220,5389,14555,26817,6514,939,49424,30623,05,131,18801,2.59,2.44,49424,14189,20326,7341,3937,2169,1462,49424,3563,18321,19188,8352,49424,25615,809,22035,96,1,727,0,70,71,49424,113,531,1659,49424,48149,825,450,30623,3137,10045,7231,4646,3276,1578,640,70,113800,30623,18640,11983,18640,18,625,2694,6405,5585,1809,1504,979,11983,63,1274,3362,3353,3931,335,18510,9045,2015,2319,1310,3821,130,11883,5836,2485,1259,560,594,323,826,100,17738,480,534,4189,6547,4278,1372,338,635,1063,17236,2778
2014,Crawford County; Arkansas,26333,23490,2843,1.5,9.8,26333,20008,251,749,735,485,364,253,3460,28,26333,525,5069,6443,4482,4261,2148,1517,935,953,26333,546,356,1221,3454,8712,5476,3420,1706,1442,5.4,26333,647,1396,5978,14940,2989,383,23490,17718,05,033,5772,2.61,2.60,23490,5019,10327,4160,2013,1236,735,23490,991,7620,9776,5103,23490,8802,1008,11764,57,0,1601,0,169,89,23490,47,103,641,23490,22664,623,203,17718,2577,5520,4678,2356,1748,687,152,0,107600,17718,10777,6941,10777,29,391,1682,3731,3135,1175,634,964,6941,106,1384,1801,1776,1874,310,10724,4568,1702,1328,886,2240,53,6877,3190,1386,1166,359,339,151,286,64,5075,125,208,1329,2012,1186,177,38,615,697,4986,636
2014,Benton County; Arkansas,95117,83191,11926,2.7,5.5,95117,70002,4966,2179,3284,3596,3964,1594,5466,66,95117,1433,26654,25192,16511,12535,4938,2726,1942,3186,95117,1359,1201,4418,12566,20914,20974,14386,8575,10724,5.8,95117,1388,4856,22772,47736,15361,3004,83191,56451,05,007,26740,2.79,2.72,83191,24896,38905,11978,4015,2036,1361,83191,2598,24283,37371,18939,83191,40870,6456,31809,74,0,3446,29,386,121,83191,383,584,2112,83191,80844,1784,563,56451,3840,10163,14667,10489,9256,5657,2105,274,148500,56451,39195,17256,39195,88,591,2915,9147,14107,6336,6011,1203,17256,149,1416,3977,4519,7195,364,39027,20179,6105,4106,2279,6358,168,17059,8987,3318,1637,972,621,405,1119,197,24591,173,381,2406,7941,8093,4621,976,787,2149,24038,5043
2014,Chicot County; Arkansas,5402,4495,907,0.9,8.6,5402,3718,99,94,236,57,5,178,1015,0,5402,29,372,751,1127,1226,686,502,268,441,5402,84,125,326,746,1892,1157,423,300,349,5.3,5402,94,394,1402,2899,479,134,4495,3058,05,017,1437,2.25,2.69,4495,833,1640,913,384,517,208,4495,687,1544,1572,692,4495,1659,620,2131,15,0,16,0,48,6,4495,41,47,128,4495,4334,107,54,3058,1377,955,250,164,164,121,22,5,55200,3058,1117,1941,1117,0,131,203,338,280,92,73,912,1941,14,180,438,363,946,391,1099,502,133,146,55,263,18,1872,584,329,323,148,136,132,220,69,1283,83,153,269,467,254,46,11,566,154,1224,159
2014,Hot Spring County; Arkansas,14298,12027,2271,0.4,4.0,14298,10634,73,89,212,115,25,116,3016,18,14298,270,1997,2199,2442,2504,1479,1801,880,726,14298,143,102,643,1803,3925,4158,1762,1128,634,5.6,14298,150,646,4430,7562,1260,250,12027,8566,05,059,3461,2.63,2.61,12027,2485,5066,1968,1034,874,600,12027,634,3668,4537,3188,12027,4407,1245,5681,23,0,651,0,17,3,12027,52,197,236,12027,11883,74,70,8566,2176,2990,1626,679,754,272,21,48,83300,8566,4302,4264,4302,12,216,919,1391,1311,376,77,908,4264,99,739,1460,956,1010,287,4291,2223,602,344,291,831,11,4243,2091,904,522,167,181,91,287,21,2809,10,115,407,1227,711,339,0,677,652,2809,526
2014,Johnson County; Arkansas,11329,10023,1306,2.5,4.7,11329,8006,110,502,446,140,168,44,1901,12,11329,160,1947,2100,2019,1892,1194,641,519,857,11329,231,239,502,2100,3644,2278,929,713,693,5.2,11329,286,653,3284,6005,923,178,10023,7024,05,071,2999,2.55,2.41,10023,2409,4416,1667,756,372,403,10023,581,3570,4072,1800,10023,2576,493,5937,3,0,870,0,119,25,10023,51,152,705,10023,9661,207,155,7024,1421,2825,1374,736,356,187,49,76,86800,7024,3648,3376,3648,28,306,919,1327,795,156,117,800,3376,76,686,1324,667,623,264,3626,1707,457,316,324,822,22,3336,1838,634,317,243,75,46,183,40,2653,23,178,484,1403,479,67,19,615,346,2632,297
2014,Lee County; Arkansas,4370,3488,882,0.0,6.5,4370,3134,16,332,95,157,23,55,556,2,4370,9,257,458,660,879,688,728,349,342,4370,73,8,208,893,1322,885,494,211,276,5.3,4370,73,216,1245,2028,735,73,3488,1940,05,077,1548,2.59,2.40,3488,765,1233,527,314,362,287,3488,688,1196,1065,539,3488,1273,629,1495,6,0,78,0,7,0,3488,21,11,117,3488,3463,25,0,1940,806,724,175,100,99,20,6,10,56800,1940,580,1360,580,0,40,147,210,125,38,20,836,1360,17,160,378,347,458,328,580,249,43,69,34,185,0,1348,513,285,101,70,119,68,192,12,1183,74,216,300,423,156,14,0,501,365,1152,140
2014,Madison County; Arkansas,7490,6152,1338,0.7,5.4,7490,5663,68,3,24,15,77,36,1604,0,7490,61,1479,1496,1071,1293,708,478,342,562,7490,98,297,410,1529,2303,1377,735,474,267,5.1,7490,116,681,2250,3456,837,150,6152,4791,05,087,1361,2.50,2.66,6152,1059,2772,1261,486,308,266,6152,259,1710,2511,1672,6152,1107,1381,1885,9,0,1753,0,17,0,6152,119,121,141,6152,6005,115,32,4791,1148,1450,873,627,513,110,62,8,89600,4791,2237,2554,2237,10,237,421,609,621,263,76,939,2554,102,693,781,543,435,265,2237,1086,279,273,169,430,0,2495,1327,454,196,186,42,91,199,59,949,36,26,223,396,172,96,0,597,412,949,112
2014,Fulton County; Arkansas,6776,5312,1464,2.6,7.0,6776,5013,20,106,95,40,28,40,1386,48,6776,50,1052,1148,1144,1808,529,236,362,447,6776,47,118,365,1488,1883,1279,795,347,454,5.2,6776,47,439,2270,3014,850,156,5312,4069,05,049,1243,2.23,2.37,5312,1030,2114,1067,578,366,157,5312,231,1603,2028,1450,5312,147,1578,2415,12,0,1092,0,36,32,5312,73,48,209,5312,5145,154,13,4069,671,1554,787,432,350,162,88,25,88000,4069,1971,2098,1971,0,138,356,752,536,169,20,868,2098,76,497,584,456,485,278,1965,922,226,243,147,427,6,2098,997,415,277,166,75,88,80,0,950,53,114,317,311,69,86,0,493,293,950,238
2014,Howard County; Arkansas,6225,5085,1140,2.2,6.3,6225,4644,54,208,157,25,121,0,1006,10,6225,98,668,975,807,1334,906,485,506,446,6225,81,93,430,1133,1687,1274,788,399,340,5.3,6225,84,370,1726,3270,685,90,5085,3309,05,061,1776,2.64,2.67,5085,987,2218,802,412,392,274,5085,403,1695,1660,1327,5085,1862,227,2610,8,0,362,0,0,16,5085,55,31,185,5085,4928,98,59,3309,922,1096,563,287,313,115,0,13,79000,3309,1524,1785,1524,0,77,335,509,430,86,87,881,1785,64,295,621,374,431,285,1503,697,274,105,99,328,21,1781,951,338,213,81,31,20,147,4,1392,8,108,416,708,146,6,0,553,384,1379,380
2014,Mississippi County; Arkansas,20461,17188,3273,1.5,10.1,20461,14238,408,1968,1004,499,64,51,2229,0,20461,157,1696,2672,3385,4280,3581,2507,1231,952,20461,65,285,998,4050,6239,4058,2233,1181,1352,5.3,20461,84,1381,6027,10238,2288,443,17188,10068,05,093,7120,2.59,2.59,17188,4724,6731,2735,1308,1035,655,17188,1642,6198,6350,2998,17188,8878,1034,7118,9,0,107,0,8,34,17188,48,46,573,17188,16652,465,71,10068,2790,3957,1501,926,579,237,66,12,78000,10068,5640,4428,5640,2,167,1269,1919,1640,399,244,902,4428,59,558,1413,1110,1288,314,5616,3171,647,441,232,1125,24,4408,1846,690,613,349,216,190,504,20,6109,125,595,1062,2856,1153,317,1,617,1011,6021,896
2014,Prairie County; Arkansas,4502,3776,726,0.4,6.2,4502,3026,24,57,144,102,8,28,1099,14,4502,18,618,884,616,838,556,311,227,434,4502,30,19,264,960,1160,926,493,337,313,5.3,4502,30,191,1341,2249,580,111,3776,2710,05,117,1066,2.21,2.22,3776,736,1476,711,334,297,222,3776,230,1112,1551,883,3776,1097,478,2034,0,0,141,0,0,26,3776,41,22,456,3776,3681,72,23,2710,858,1009,500,201,52,65,13,12,71300,2710,1090,1620,1090,3,63,262,484,226,32,20,825,1620,14,179,444,418,565,345,1079,518,195,127,33,206,11,1566,590,368,182,150,67,47,162,54,800,53,120,253,297,50,27,0,485,266,778,126
2014,Union County; Arkansas,19630,16689,2941,0.9,7.9,19630,13327,116,170,347,621,186,106,4691,66,19630,208,1697,2817,3261,3326,3101,2840,1401,979,19630,501,300,1241,2968,5278,4384,2606,1215,1137,5.4,19630,514,1031,5797,9794,2217,277,16689,11597,05,139,5092,2.40,2.47,16689,3707,6296,3090,1660,1079,857,16689,1021,5674,6397,3597,16689,8127,970,7150,0,0,368,0,4,70,16689,102,125,410,16689,16007,316,366,11597,4115,3457,1701,1115,649,448,69,43,72800,11597,5213,6384,5213,11,351,1172,1718,1220,384,357,876,6384,67,717,2094,1589,1917,318,5188,3035,500,464,287,902,25,6304,2806,1316,699,437,115,154,777,80,4143,92,128,737,1999,835,309,43,646,949,4072,754
2014,Cleburne County; Arkansas,15842,10292,5550,2.3,6.3,15842,11472,105,313,191,121,70,104,3441,25,15842,181,3093,3577,2973,3345,1190,461,461,561,15842,405,261,648,3267,4292,3219,1936,785,1029,5.3,15842,405,753,4644,7937,1631,472,10292,7944,05,023,2348,2.40,2.69,10292,1990,4361,2234,798,548,361,10292,324,3449,4443,2076,10292,2237,2277,4897,19,0,757,23,58,24,10292,13,135,279,10292,10117,124,51,7944,1484,1765,1504,1188,959,709,299,36,121700,7944,3960,3984,3960,0,228,596,1407,900,475,354,922,3984,58,613,1059,961,1293,321,3901,1748,746,250,325,832,59,3942,1751,750,501,382,182,69,307,42,1944,10,130,169,987,495,145,8,650,404,1901,305
2014,Cleveland County; Arkansas,4066,3270,796,0.6,0.0,4066,2757,13,7,22,35,0,61,1168,3,4066,153,510,887,691,865,358,214,157,231,4066,41,17,212,442,1287,895,565,345,262,5.5,4066,49,161,970,2329,516,41,3270,2574,05,025,696,2.56,2.77,3270,451,1249,723,372,316,159,3270,124,979,1241,926,3270,487,422,2080,0,0,246,0,29,6,3270,7,20,45,3270,3240,9,21,2574,838,764,341,330,229,62,10,0,81300,2574,996,1578,996,3,26,221,337,274,111,24,941,1578,38,157,419,428,536,331,996,557,120,73,53,193,0,1512,757,319,146,108,31,22,129,66,504,11,53,73,209,158,0,0,644,192,490,146
2014,Hempstead County; Arkansas,10418,8115,2303,3.5,13.6,10418,7429,110,192,389,160,199,29,1910,0,10418,50,977,1326,2261,2194,1454,796,461,899,10418,94,72,629,1884,3246,2294,1071,537,591,5.3,10418,107,544,3105,5538,1013,111,8115,5565,05,057,2550,2.75,2.65,8115,1531,3384,1480,740,644,336,8115,576,2873,2900,1766,8115,3929,455,3342,22,0,324,0,20,23,8115,36,169,171,8115,7876,239,0,5565,1945,1744,838,526,430,47,35,0,74900,5565,2394,3171,2394,17,112,472,791,728,120,154,940,3171,81,565,816,748,961,314,2334,1059,353,259,143,520,60,3127,1521,712,177,168,114,105,330,44,2222,26,87,509,1164,377,47,12,571,328,2197,205
2014,Sharp County; Arkansas,9830,7053,2777,3.5,19.5,9830,7626,107,95,197,138,57,94,1505,11,9830,55,1382,1626,1493,3100,1042,461,261,410,9830,231,269,704,1885,2552,1837,969,763,620,5.2,9830,249,698,3737,3946,905,295,7053,5473,05,135,1580,2.33,2.62,7053,1313,3223,1202,710,507,98,7053,443,2221,2873,1516,7053,477,2177,3466,0,0,873,2,37,21,7053,65,150,142,7053,6826,196,31,5473,1673,2025,689,486,350,154,80,16,73600,5473,2642,2831,2642,1,245,892,881,512,90,21,746,2831,111,505,905,614,696,289,2624,1195,363,206,207,653,18,2769,1163,705,316,255,107,53,170,62,1378,30,132,233,677,282,24,0,581,202,1357,157
2014,Washington County; Arkansas,88722,80457,8265,1.9,8.3,88722,54694,2211,4540,3265,4980,10061,4128,4822,21,88722,1426,23524,21263,13721,11864,7319,4186,2081,3338,88722,1835,1898,7500,18980,21423,14713,9719,5669,6985,5.2,88722,1958,8506,25324,38820,11936,2178,80457,44619,05,143,35838,2.66,2.41,80457,30441,33437,9227,3566,2393,1393,80457,4709,28438,31127,16183,80457,41703,3225,31944,61,0,3161,7,187,169,80457,923,1163,2366,80457,76921,2084,1452,44619,3480,8457,10495,8610,7176,4532,1465,404,149400,44619,30265,14354,30265,120,601,2224,7260,10755,4898,4407,1205,14354,278,1492,3498,4021,5065,343,30095,14585,4840,3617,1820,5233,170,14112,6873,2815,1409,825,570,332,1288,242,34378,290,540,4364,14295,9008,4559,1322,708,1460,33143,3704
2014,Ashley County; Arkansas,10117,8518,1599,1.2,12.4,10117,6859,90,248,128,196,5,149,2408,34,10117,116,709,1512,1582,2702,1630,1076,514,276,10117,241,108,563,1530,3219,2235,1168,634,419,5.3,10117,241,592,2086,6177,924,97,8518,6389,05,003,2129,2.46,2.60,8518,1668,2804,1633,970,818,625,8518,512,3068,3095,1843,8518,3094,765,4245,18,0,302,2,62,30,8518,84,81,656,8518,8382,109,27,6389,2437,2284,817,451,250,55,38,57,63800,6389,2620,3769,2620,10,114,553,926,770,211,36,863,3769,50,488,1207,866,1158,314,2573,1302,349,234,149,539,47,3720,1625,764,380,326,197,112,316,49,1729,60,96,399,846,263,65,0,577,400,1659,182
2014,Craighead County; Arkansas,41919,38081,3838,2.7,7.1,41919,29357,563,1401,2671,1479,2057,1385,2988,18,41919,1835,8408,9050,5477,8378,3783,2159,1532,1297,41919,417,752,3436,7481,10391,7902,4958,3220,3362,5.4,41919,449,3233,11387,20556,5201,1093,38081,22447,05,031,15634,2.55,2.49,38081,12989,15068,5417,2067,1547,993,38081,2556,12773,15890,6862,38081,15459,2113,19983,6,0,431,0,38,51,38081,41,405,1018,38081,37248,657,176,22447,2604,5900,5349,3754,2798,1427,443,172,127400,22447,14311,8136,14311,22,333,1644,4901,4119,2032,1260,1026,8136,75,864,2301,2139,2757,333,14211,7835,2592,1211,762,1811,100,8095,4119,1749,736,364,230,170,727,41,14718,205,386,1895,6869,3599,1308,456,670,916,14351,1790
2014,Lafayette County; Arkansas,4335,2827,1508,2.7,12.9,4335,2856,20,61,150,69,0,9,1170,0,4335,8,405,837,554,723,624,446,220,518,4335,121,106,332,1032,1091,891,408,180,174,5.0,4335,121,312,1536,1916,415,35,2827,2053,05,073,774,2.64,2.37,2827,434,1118,688,259,180,148,2827,302,958,997,570,2827,1219,122,1359,2,0,121,0,0,4,2827,22,88,87,2827,2810,14,3,2053,905,680,197,157,90,20,4,0,56800,2053,830,1223,830,15,70,225,245,208,35,32,808,1223,42,197,448,232,304,285,830,370,135,73,37,215,0,1216,531,175,124,153,43,39,151,7,579,15,85,246,202,28,3,0,467,195,554,116
2014,Perry County; Arkansas,4899,3926,973,2.4,8.7,4899,3432,14,130,31,13,9,2,1211,57,4899,94,728,1370,993,664,392,249,180,229,4899,92,70,483,709,1660,925,534,246,180,5.2,4899,92,302,1397,2659,397,52,3926,3310,05,105,616,2.61,2.46,3926,646,1557,925,393,216,189,3926,195,926,1536,1269,3926,348,759,2330,0,0,432,0,1,56,3926,51,52,78,3926,3747,172,7,3310,971,1064,585,287,276,127,0,0,77200,3310,1509,1801,1509,16,187,238,413,458,178,19,890,1801,143,246,590,469,353,288,1492,809,207,184,109,183,17,1747,1015,389,71,148,23,20,81,54,356,0,26,79,186,51,14,0,575,260,356,77
2014,Poinsett County; Arkansas,10929,9314,1615,1.3,10.1,10929,7914,69,834,492,127,60,78,1316,39,10929,67,1078,1640,1382,2573,1657,1076,792,664,10929,261,44,738,2216,3319,1977,1151,705,518,5.2,10929,261,879,3124,5720,821,124,9314,5736,05,111,3578,2.45,2.78,9314,2217,3521,1489,841,825,421,9314,760,3256,3647,1651,9314,4027,1082,3957,22,0,217,0,2,7,9314,36,58,273,9314,8878,281,155,5736,1795,2450,872,378,147,84,0,10,71300,5736,2596,3140,2596,10,194,486,846,934,86,40,890,3140,53,474,786,966,861,335,2570,1242,435,234,118,541,26,3104,1359,509,511,220,168,79,258,36,3030,158,392,830,1211,343,96,0,522,548,2940,514
2014,Sevier County; Arkansas,6878,5918,960,1.3,6.3,6878,4777,33,89,136,47,43,2,1751,0,6878,83,923,1182,1376,1475,783,370,345,341,6878,86,86,546,1156,2165,1563,790,336,150,5.2,6878,123,372,1822,3847,636,78,5918,4195,05,133,1723,2.92,2.80,5918,1298,2563,1277,212,353,215,5918,319,2033,2322,1244,5918,1093,518,3873,0,0,414,0,7,13,5918,63,62,340,5918,5629,195,94,4195,1382,1599,593,249,290,55,27,0,68200,4195,2227,1968,2227,41,227,525,740,590,62,42,783,1968,48,517,675,371,357,260,2227,1055,301,216,238,417,0,1907,1059,325,197,95,96,26,109,61,1476,44,102,452,698,147,33,0,534,247,1463,301
2014,Calhoun County; Arkansas,2892,2062,830,0.6,8.1,2892,2122,31,26,19,23,0,13,654,4,2892,19,187,503,520,602,271,332,228,230,2892,92,51,120,325,841,890,255,196,122,5.5,2892,92,176,834,1501,254,35,2062,1650,05,013,412,2.42,2.79,2062,347,664,434,259,232,126,2062,131,603,783,545,2062,726,373,738,3,0,211,0,10,1,2062,3,0,30,2062,2062,0,0,1650,595,592,240,48,96,49,26,4,67800,1650,592,1058,592,0,47,79,202,218,40,6,914,1058,3,121,312,159,463,354,592,313,81,54,41,103,0,1033,386,142,155,100,80,43,127,25,296,0,21,40,180,55,0,0,598,116,293,33
2014,Bradley County; Arkansas,5843,4720,1123,2.3,9.7,5843,3949,74,186,219,99,65,132,1119,0,5843,104,445,1064,1111,1369,544,464,343,399,5843,227,138,475,901,1313,1337,814,394,244,5.4,5843,236,333,1526,3104,578,66,4720,3318,05,011,1402,2.31,2.44,4720,960,1555,947,502,342,414,4720,424,1581,1780,935,4720,1314,654,2351,19,0,322,6,54,0,4720,16,99,337,4720,4423,181,116,3318,1326,1123,274,313,198,84,0,0,64400,3318,1473,1845,1473,0,96,295,594,305,73,110,860,1845,21,305,469,456,594,322,1473,580,242,74,141,436,0,1794,888,349,211,82,89,20,155,51,996,28,80,164,468,110,115,31,611,406,936,124
2014,Lawrence County; Arkansas,7997,6630,1367,1.9,4.7,7997,6391,61,101,221,30,121,125,940,7,7997,85,663,1243,1181,1830,1350,656,386,603,7997,70,85,404,1570,2115,1487,1049,591,626,5.4,7997,70,466,2616,4002,625,218,6630,4665,05,075,1965,2.50,2.46,6630,1182,2634,1136,680,571,427,6630,373,2157,2546,1554,6630,3005,1205,1727,16,0,669,0,6,2,6630,8,27,248,6630,6510,111,9,4665,1764,1856,533,231,186,75,20,0,62700,4665,2087,2578,2087,13,307,608,640,399,82,38,739,2578,57,449,989,611,472,283,2083,1077,249,199,156,402,4,2569,1070,668,257,199,108,99,168,9,1670,60,132,551,717,175,33,2,526,295,1587,221
2014,Polk County; Arkansas,10038,7994,2044,2.7,2.5,10038,7383,90,109,107,138,141,107,1916,47,10038,142,1450,1795,2063,1805,879,805,419,680,10038,322,104,578,1698,2814,1960,1411,616,535,5.3,10038,328,756,2504,4843,1317,290,7994,6075,05,113,1919,2.64,2.24,7994,1672,3400,1740,688,252,242,7994,386,2616,2863,2129,7994,1700,1314,3637,13,0,1246,8,43,33,7994,37,105,256,7994,7677,255,62,6075,1532,2025,975,740,528,140,107,28,85100,6075,2771,3304,2771,11,147,725,835,636,267,150,864,3304,166,512,1161,719,746,282,2771,1132,338,254,257,790,0,3286,1666,669,303,173,130,32,313,18,1474,89,209,454,511,136,61,14,493,445,1444,208
2014,Conway County; Arkansas,9732,8370,1362,1.3,12.8,9732,7234,75,478,141,83,0,101,1608,12,9732,126,1494,1397,1609,2110,1004,834,456,702,9732,129,59,543,1464,3059,2271,1043,619,545,5.4,9732,129,481,2433,5654,838,197,8370,6296,05,029,2074,2.51,2.44,8370,1817,3106,1302,904,653,588,8370,523,2633,3425,1789,8370,2110,580,4929,7,0,617,0,108,19,8370,54,99,215,8370,8085,246,39,6296,1330,2257,1017,850,599,114,96,33,88100,6296,3272,3024,3272,0,198,660,1229,840,243,102,889,3024,74,512,950,777,711,298,3272,1556,428,234,386,668,0,3005,1655,479,261,174,135,60,241,19,1713,46,147,293,784,364,79,0,628,361,1661,249
2014,Newton County; Arkansas,4661,3346,1315,1.8,2.8,4661,3745,7,11,13,50,0,56,769,10,4661,21,599,866,907,879,434,249,283,423,4661,184,240,278,1303,1310,716,299,202,129,4.7,4661,184,511,1720,1737,413,96,3346,2852,05,101,494,2.48,2.02,3346,403,1186,862,394,306,195,3346,139,898,1322,987,3346,37,1017,1009,0,1,1282,0,0,0,3346,164,127,71,3346,3270,67,9,2852,863,1078,313,324,235,32,6,1,72400,2852,960,1892,960,15,48,245,372,255,21,4,864,1892,146,539,593,314,300,257,960,422,91,131,61,255,0,1872,995,295,167,99,88,56,172,20,350,28,93,141,87,1,0,0,351,144,347,99
2014,Little River County; Arkansas,6441,5241,1200,0.9,18.1,6441,4850,42,125,136,79,49,62,1098,0,6441,48,512,1114,1080,1917,1041,210,234,285,6441,90,183,302,1185,1620,1429,945,416,271,5.4,6441,90,431,1631,3536,691,62,5241,4055,05,081,1186,2.45,2.31,5241,984,1889,1119,540,428,281,5241,331,1664,1771,1475,5241,2016,365,2518,0,0,320,0,22,0,5241,22,44,127,5241,5187,39,15,4055,1166,1607,611,377,238,43,0,13,74400,4055,1736,2319,1736,0,45,386,779,421,86,19,876,2319,59,311,691,751,507,309,1734,970,289,165,87,223,2,2300,1129,321,372,133,137,55,153,19,943,27,122,260,415,86,33,0,524,243,925,111
2014,Lonoke County; Arkansas,27937,25572,2365,3.3,6.0,27937,20228,445,748,682,644,260,232,4663,35,27937,925,8621,6648,3890,3728,1936,1037,459,693,27937,509,187,851,2927,7426,7043,4713,2337,1944,5.8,27937,527,1051,4761,16595,4397,606,25572,18475,05,085,7097,2.76,2.61,25572,6487,11628,3952,1724,1157,624,25572,1273,7499,10959,5841,25572,8033,1005,16025,64,0,409,0,22,14,25572,217,181,987,25572,24992,352,228,18475,1922,4643,5551,3255,2171,831,94,8,121900,18475,12708,5767,12708,38,268,855,4245,4926,1539,837,1077,5767,35,417,1357,1775,2183,359,12662,6716,1989,1371,690,1896,46,5752,3081,1181,357,315,183,84,551,15,6213,171,282,846,2172,1421,1137,184,715,884,6107,747
2014,Miller County; Arkansas,19351,16946,2405,1.7,10.4,19351,12748,168,654,484,1257,988,457,2551,44,19351,316,2902,3201,2928,3897,2091,1849,1169,998,19351,136,445,1714,3888,4921,3852,2315,933,1147,5.2,19351,136,1754,5330,9792,2158,181,16946,11093,05,091,5853,2.53,2.43,16946,4728,6588,2431,1291,968,940,16946,1549,5951,6234,3212,16946,7005,395,9137,0,0,361,0,42,6,16946,88,104,414,16946,16492,375,79,11093,2625,3315,1752,1704,1210,360,75,52,92400,11093,5251,5842,5251,0,205,837,1583,1855,458,313,1000,5842,102,902,1448,1653,1737,327,5217,2614,693,601,400,909,34,5764,2811,1302,591,278,186,232,364,78,5341,124,267,572,2257,1541,567,13,692,512,5215,852
2014,St. Francis County; Arkansas,10915,9351,1564,1.9,6.8,10915,7287,182,497,636,288,163,93,1743,26,10915,61,1017,1672,2138,2646,1171,1318,452,440,10915,148,112,630,2481,3479,2087,867,539,572,5.1,10915,148,659,3125,5813,1046,124,9351,5356,05,123,3995,2.47,2.65,9351,2227,3529,1511,949,633,502,9351,1095,3721,3063,1472,9351,3717,1174,4236,18,0,132,16,25,33,9351,2,60,1555,9351,9063,239,49,5356,1891,1978,706,384,258,65,66,8,65600,5356,2699,2657,2699,8,213,545,966,704,236,27,858,2657,30,300,661,615,1051,349,2691,1445,359,88,141,658,8,2608,931,508,236,234,156,108,435,49,3560,304,313,654,1269,688,332,0,585,435,3354,491
2014,White County; Arkansas,32825,29447,3378,1.8,10.4,32825,21582,312,580,1331,855,1008,706,6329,122,32825,780,6764,7352,5124,5865,2900,2138,711,1191,32825,892,608,1741,5024,7745,7583,4484,2661,2087,5.6,32825,915,2324,7547,18068,3441,530,29447,20225,05,145,9222,2.55,2.48,29447,7729,12515,5091,1852,1287,973,29447,1591,9285,12038,6533,29447,8518,2436,17434,18,0,976,2,41,22,29447,253,234,1058,29447,28726,353,368,20225,3927,5916,3664,2943,2456,1056,198,65,103200,20225,11443,8782,11443,26,514,1566,3862,3574,1222,679,977,8782,100,1190,2543,2508,2441,319,11427,6196,1580,931,708,2012,16,8615,4331,1586,739,650,356,157,796,167,8197,146,331,1458,3534,1845,766,117,635,1025,7889,1209
