year,county_name,sex_and_age_total_population,sex_and_age_total_population_male,sex_and_age_total_population_female,sex_and_age_total_population_sex_ratio_males_per_1,sex_and_age_total_population_under_5_years,sex_and_age_total_population_5_to_9_years,sex_and_age_total_population_10_to_14_years,sex_and_age_total_population_15_to_19_years,sex_and_age_total_population_20_to_24_years,sex_and_age_total_population_25_to_34_years,sex_and_age_total_population_35_to_44_years,sex_and_age_total_population_45_to_54_years,sex_and_age_total_population_55_to_59_years,sex_and_age_total_population_60_to_64_years,sex_and_age_total_population_65_to_74_years,sex_and_age_total_population_75_to_84_years,sex_and_age_total_population_85_years_and_over,sex_and_age_total_population_median_age_years,sex_and_age_total_population_under_18_years,sex_and_age_total_population_16_years_and_over,sex_and_age_total_population_18_years_and_over,sex_and_age_total_population_21_years_and_over,sex_and_age_total_population_62_years_and_over,sex_and_age_total_population_65_years_and_over,sex_and_age_total_population_18_years_and_over,sex_and_age_total_population_18_years_and_over_mal,sex_and_age_total_population_18_years_and_over_fem,sex_and_age_total_population_18_years_and_over_sex,sex_and_age_total_population_65_years_and_over,sex_and_age_total_population_65_years_and_over_mal,sex_and_age_total_population_65_years_and_over_fem,sex_and_age_total_population_65_years_and_over_sex,race_total_population,race_total_population_one_race,race_total_population_two_or_more_races,race_total_population_one_race,race_total_population_one_race_white,race_total_population_one_race_black_or_african_am,race_total_population_one_race_american_indian_and,race_total_population_one_race_american_indian_and,race_total_population_one_race_american_indian_and,race_total_population_one_race_american_indian_and,race_total_population_one_race_american_indian_and,race_total_population_one_race_asian,race_total_population_one_race_asian_asian_indian,state_fips,county_fips,race_total_population_one_race_asian_chinese,race_total_population_one_race_asian_filipino,race_total_population_one_race_asian_japanese,race_total_population_one_race_asian_korean,race_total_population_one_race_asian_vietnamese,race_total_population_one_race_asian_other_asian,race_total_population_one_race_native_hawaiian_and,race_total_population_one_race_native_hawaiian_and,race_total_population_one_race_native_hawaiian_and,race_total_population_one_race_native_hawaiian_and,race_total_population_one_race_native_hawaiian_and,race_total_population_one_race_some_other_race,race_total_population_two_or_more_races,race_total_population_two_or_more_races_white_and_,race_total_population_two_or_more_races_white_and_,race_total_population_two_or_more_races_white_and_,race_total_population_two_or_more_races_black_or_a,race_alone_or_in_combination_with_one_or_more_othe,race_alone_or_in_combination_with_one_or_more_othe,race_alone_or_in_combination_with_one_or_more_othe,race_alone_or_in_combination_with_one_or_more_othe,race_alone_or_in_combination_with_one_or_more_othe,race_alone_or_in_combination_with_one_or_more_othe,race_alone_or_in_combination_with_one_or_more_othe,hispanic_or_latino_and_race_total_population,hispanic_or_latino_and_race_total_population_hispa,hispanic_or_latino_and_race_total_population_hispa,hispanic_or_latino_and_race_total_population_hispa,hispanic_or_latino_and_race_total_population_hispa,hispanic_or_latino_and_race_total_population_hispa,hispanic_or_latino_and_race_total_population_not_h,hispanic_or_latino_and_race_total_population_not_h,hispanic_or_latino_and_race_total_population_not_h,hispanic_or_latino_and_race_total_population_not_h,hispanic_or_latino_and_race_total_population_not_h,hispanic_or_latino_and_race_total_population_not_h,hispanic_or_latino_and_race_total_population_not_h,hispanic_or_latino_and_race_total_population_not_h,hispanic_or_latino_and_race_total_population_not_h,hispanic_or_latino_and_race_total_population_not_h,total_housing_units,citizen_voting_age_population_citizen_18_and_over_,citizen_voting_age_population_citizen_18_and_over_,citizen_voting_age_population_citizen_18_and_over_
2020,Lewis County; Kentucky,13345,6658,6687,99.6,790,712,980,771,687,1517,1609,1808,1105,928,1444,770,224,42.8,2985,10748,10360,10013,3015,2438,10360,5116,5244,97.6,2438,1155,1283,90.0,13345,13158,187,13158,13030,51,51,0,0,0,51,19,0,21,135,0,0,19,0,0,0,0,0,0,0,0,7,187,95,62,30,0,13345,13217,146,113,49,0,7,13345,7,0,0,0,7,13338,13030,51,51,19,0,0,187,0,187,6580,10334,5109,5225
2020,Lincoln County; Kentucky,24493,12033,12460,96.6,1642,1614,1549,1459,1273,2941,2882,3332,1849,1466,2608,1428,450,41.1,5790,19400,18703,18049,5290,4486,18703,9076,9627,94.3,4486,1986,2500,79.4,24493,23935,558,23935,23113,620,5,0,0,0,0,42,34,21,137,0,2,0,0,6,0,0,0,0,0,0,155,558,248,29,0,6,24493,23665,941,107,64,2,363,24493,421,313,50,0,58,24072,23027,620,5,40,0,17,363,35,328,11055,18513,8968,9545
2020,Livingston County; Kentucky,9172,4573,4599,99.4,529,612,525,463,437,946,974,1237,721,760,1177,663,128,46.0,1991,7429,7181,6984,2502,1968,7181,3495,3686,94.8,1968,917,1051,87.3,9172,9019,153,9019,8903,74,6,0,0,0,0,28,0,21,139,28,0,0,0,0,0,2,2,0,0,0,6,153,109,17,0,0,9172,9034,205,23,50,2,11,9172,192,52,23,0,117,8980,8727,69,6,28,2,0,148,0,148,4879,7181,3495,3686
2020,Logan County; Kentucky,27049,13140,13909,94.5,1742,1666,1905,1630,1517,3169,3273,3292,2043,1684,2985,1675,468,41.1,6375,21249,20674,19833,5869,5128,20674,9938,10736,92.6,5128,2230,2898,76.9,27049,26576,473,26576,24572,1794,16,0,0,0,0,73,18,21,141,1,21,0,10,23,0,0,0,0,0,0,121,473,291,107,33,0,27049,25045,2085,123,113,7,156,27049,777,463,82,232,0,26272,23969,1784,16,73,0,2,428,14,414,12361,20477,9788,10689
2020,Lyon County; Kentucky,8226,4355,3871,112.5,261,262,400,375,371,967,906,1089,625,728,1375,693,174,50.3,1126,7249,7100,6894,2650,2242,7100,3852,3248,118.6,2242,966,1276,75.7,8226,8123,103,8123,7532,464,32,0,0,0,0,69,0,21,143,0,15,43,0,11,0,9,0,0,0,9,17,103,47,7,0,14,8226,7621,525,53,69,9,52,8226,195,177,14,0,4,8031,7380,464,32,69,9,3,74,6,68,4891,6972,3732,3240
2020,McCracken County; Kentucky,65485,31441,34044,92.4,4041,3979,4097,3622,3680,7731,7868,8266,4355,4842,7252,4143,1609,42.3,14512,52571,50973,48429,15975,13004,50973,23910,27063,88.3,13004,5446,7558,72.1,65485,63204,2281,63204,55296,6665,232,12,0,6,35,582,54,21,145,87,120,23,94,204,0,41,0,13,28,0,388,2281,1281,316,193,1,65485,57573,8037,604,816,41,792,65485,1694,1181,78,9,426,63791,54250,6665,193,582,41,164,1896,70,1826,32237,50678,23791,26887
2020,McCreary County; Kentucky,17333,9355,7978,117.3,981,1053,1066,1049,973,2462,2255,2541,1276,920,1746,899,112,39.7,3775,13983,13558,12831,3247,2757,13558,7367,6191,119.0,2757,1323,1434,92.3,17333,16931,402,16931,15567,1071,109,66,26,0,0,154,0,21,147,0,70,0,0,0,84,12,0,0,0,12,18,402,4,50,45,6,17333,15945,1099,165,199,12,315,17333,426,61,34,26,305,16907,15416,1053,66,154,12,0,206,101,105,7542,13436,7259,6177
2020,Madison County; Kentucky,92090,44773,47317,94.6,5236,5238,5481,8294,11303,11379,11206,10785,5073,5402,7831,3591,1271,34.1,19064,74922,73026,65266,15742,12693,73026,35029,37997,92.2,12693,5686,7007,81.1,92090,89896,2194,89896,83884,3942,355,185,0,0,0,939,68,21,151,189,137,236,110,11,188,250,0,107,0,143,526,2194,804,421,333,37,92090,85875,4895,960,1404,283,947,92090,2330,1400,186,76,668,89760,82311,3919,298,934,250,192,1856,145,1711,36978,71800,34341,37459
2020,Marion County; Kentucky,19257,9756,9501,102.7,1086,1313,1444,1220,1160,2237,2310,2597,1385,1272,1966,1003,264,40.0,4647,15105,14610,13948,4013,3233,14610,7274,7336,99.2,3233,1357,1876,72.3,19257,18995,262,18995,17315,1412,35,2,5,7,0,66,0,21,155,56,0,10,0,0,0,36,36,0,0,0,131,262,199,48,6,0,19257,17573,1611,83,76,36,140,19257,528,502,14,0,12,18729,16908,1412,35,66,36,19,253,0,253,8336,14407,7123,7284
2020,Marshall County; Kentucky,31225,15321,15904,96.3,1680,1829,1720,1684,1478,3440,3770,4047,2130,2607,3897,2158,785,45.0,6351,25724,24874,24055,8360,6840,24874,12045,12829,93.9,6840,3165,3675,86.1,31225,30673,552,30673,30241,187,85,49,0,0,0,47,8,21,157,12,0,11,16,0,0,0,0,0,0,0,113,552,34,127,102,0,31225,30658,293,217,248,68,298,31225,534,257,64,0,213,30691,30071,187,85,47,0,0,301,0,301,16229,24815,12031,12784
2020,Mason County; Kentucky,17122,8535,8587,99.4,1004,1235,1005,1005,1023,2025,2029,2205,1424,1021,1941,811,394,41.0,3870,13664,13252,12503,3826,3146,13252,6447,6805,94.7,3146,1400,1746,80.2,17122,16686,436,16686,15337,1081,8,8,0,0,0,167,0,21,161,7,25,118,17,0,0,13,0,0,0,13,80,436,308,0,10,0,17122,15773,1401,20,177,13,186,17122,359,253,0,0,106,16763,15164,1081,8,167,13,0,330,0,330,8168,13017,6247,6770
2020,Meade County; Kentucky,28379,14272,14107,101.2,1460,2125,1636,1783,1826,3827,3805,3894,2151,1829,2506,1312,225,38.9,6370,22797,22009,21102,4993,4043,22009,10941,11068,98.9,4043,1978,2065,95.8,28379,27471,908,27471,25929,1051,133,23,23,0,15,198,0,21,163,65,112,0,21,0,0,59,0,0,0,59,101,908,321,174,133,0,28379,26822,1385,315,346,125,307,28379,1068,474,308,0,286,27311,25325,994,133,198,59,24,578,4,574,12530,21857,10892,10965
2020,Mercer County; Kentucky,21690,10824,10866,99.6,1222,1574,1101,1331,1382,2387,2435,2943,1737,1481,2435,1254,408,43.2,4779,17507,16911,16014,4922,4097,16911,8171,8740,93.5,4097,1785,2312,77.2,21690,21227,463,21227,20094,747,54,0,0,0,0,169,110,21,167,31,28,0,0,0,0,6,0,0,0,6,157,463,321,54,7,0,21690,20547,1080,108,178,26,216,21690,662,648,0,0,14,21028,19678,733,11,169,6,0,431,27,404,10195,16486,8014,8472
2020,Metcalfe County; Kentucky,10062,4896,5166,94.8,633,576,774,526,556,1076,1180,1386,780,700,1077,706,92,43.6,2370,7992,7692,7463,2310,1875,7692,3696,3996,92.5,1875,819,1056,77.6,10062,9856,206,9856,9580,217,34,0,0,0,0,22,0,21,169,9,13,0,0,0,0,0,0,0,0,0,3,206,36,69,0,0,10062,9779,253,103,27,7,104,10062,145,0,89,14,42,9917,9534,217,34,22,0,0,110,5,105,4753,7683,3692,3991
2020,Montgomery County; Kentucky,28042,13738,14304,96.0,1824,1812,1806,1735,1761,3506,3540,3985,1944,1515,2830,1348,436,40.2,6593,22286,21449,20501,5450,4614,21449,10215,11234,90.9,4614,1915,2699,71.0,28042,27590,452,27590,26423,819,160,4,0,0,0,45,0,21,173,14,4,0,0,27,0,0,0,0,0,0,143,452,218,59,22,0,28042,26875,1063,246,67,0,294,28042,803,429,122,11,241,27239,26012,806,88,45,0,7,281,15,266,12088,21267,10107,11160
2020,Morgan County; Kentucky,13270,7480,5790,129.2,625,560,756,719,748,1979,1808,1892,972,954,1425,589,243,42.6,2443,11188,10827,10410,2783,2257,10827,6137,4690,130.9,2257,1069,1188,90.0,13270,13146,124,13146,12382,487,51,0,0,0,0,77,0,21,175,0,77,0,0,0,0,50,0,0,0,50,99,124,101,10,0,7,13270,12499,595,68,77,50,105,13270,222,115,7,71,29,13048,12188,487,51,77,50,71,124,6,118,6013,10749,6079,4670
2020,Nelson County; Kentucky,45915,22897,23018,99.5,2800,2887,3221,2923,2721,5697,5718,6243,3318,3066,4552,1824,945,39.9,10870,36135,35045,33687,8798,7321,35045,17104,17941,95.3,7321,3424,3897,87.9,45915,45093,822,45093,42303,2347,39,16,0,0,0,268,9,21,179,13,74,94,50,0,28,0,0,0,0,0,136,822,367,222,56,0,45915,43091,2819,304,380,73,182,45915,1022,676,125,15,206,44893,41482,2347,16,268,0,30,750,0,750,19211,34854,16972,17882
2020,Nicholas County; Kentucky,7189,3510,3679,95.4,436,445,484,504,402,823,867,988,517,518,731,374,100,40.9,1647,5736,5542,5282,1461,1205,5542,2723,2819,96.6,1205,551,654,84.3,7189,7051,138,7051,6929,67,6,0,0,0,0,0,0,21,181,0,0,0,0,0,0,0,0,0,0,0,49,138,45,93,0,0,7189,7067,112,99,0,0,49,7189,108,62,0,0,46,7081,6883,54,6,0,0,0,138,0,138,3293,5493,2723,2770
2020,Oldham County; Kentucky,66508,34863,31645,110.2,3335,4698,5505,5178,3804,6556,9902,10459,4678,3685,5637,2454,617,39.3,16923,51410,49585,46906,10935,8708,49585,26339,23246,113.3,8708,4116,4592,89.6,66508,64488,2020,64488,60193,2565,142,39,12,0,0,1100,416,21,185,202,98,41,113,167,63,6,0,0,0,6,482,2020,689,284,468,23,66508,62132,3377,550,1642,27,902,66508,2654,1827,278,96,453,63854,58456,2532,126,1072,6,119,1543,133,1410,22225,48636,25790,22846
2020,Owen County; Kentucky,10847,5562,5285,105.2,613,808,552,598,742,1142,1307,1449,729,893,1219,542,253,42.3,2414,8724,8433,8119,2426,2014,8433,4310,4123,104.5,2014,1000,1014,98.6,10847,10554,293,10554,10319,150,0,0,0,0,0,0,0,21,187,0,0,0,0,0,0,0,0,0,0,0,85,293,258,35,0,0,10847,10612,408,35,0,0,85,10847,78,6,54,0,18,10769,10283,150,0,0,0,43,293,0,293,5753,8427,4304,4123
2020,Pendleton County; Kentucky,14587,7496,7091,105.7,869,881,998,922,826,1709,1684,2165,1205,1022,1450,722,134,40.8,3394,11602,11193,10736,2920,2306,11193,5656,5537,102.1,2306,1089,1217,89.5,14587,14230,357,14230,13917,109,4,0,0,0,0,105,14,21,191,0,19,56,9,7,0,65,9,56,0,0,30,357,70,50,37,0,14587,14274,179,54,142,72,223,14587,204,175,0,0,29,14383,13828,109,4,105,9,0,328,164,164,6381,11169,5642,5527
2020,Pike County; Kentucky,58595,28586,30009,95.3,3155,3158,3526,3677,3390,6681,7307,8045,4788,4007,6727,3292,842,42.5,12089,47894,46506,44411,13173,10861,46506,22414,24092,93.0,10861,4761,6100,78.0,58595,58028,567,58028,57094,468,74,24,0,0,0,320,24,21,195,0,94,18,0,63,121,20,0,20,0,0,52,567,147,198,105,0,58595,57661,615,272,425,20,169,58595,562,302,74,17,169,58033,56766,468,49,320,20,20,390,16,374,31045,46383,22365,24018
2020,Powell County; Kentucky,12283,5982,6301,94.9,786,826,955,718,688,1539,1544,1607,867,834,1234,454,231,39.3,3043,9414,9240,8847,2377,1919,9240,4546,4694,96.8,1919,865,1054,82.1,12283,12063,220,12063,11962,18,27,0,0,0,0,48,48,21,197,0,0,0,0,0,0,0,0,0,0,0,8,220,74,104,0,0,12283,12182,92,131,48,0,50,12283,233,226,0,0,7,12050,11737,18,27,48,0,0,220,42,178,5677,9202,4523,4679
2020,Robertson County; Kentucky,2139,951,1188,80.1,108,178,160,111,63,263,264,317,195,122,210,94,54,40.6,526,1670,1613,1570,454,358,1613,793,820,96.7,358,171,187,91.4,2139,2136,3,2136,2114,22,0,0,0,0,0,0,0,21,201,0,0,0,0,0,0,0,0,0,0,0,0,3,0,3,0,0,2139,2117,22,3,0,0,0,2139,38,0,22,0,16,2101,2076,22,0,0,0,0,3,0,3,1106,1613,793,820
2020,Rockcastle County; Kentucky,16795,8155,8640,94.4,908,997,1061,1057,885,1931,1988,2479,1385,1036,1820,812,436,42.6,3696,13659,13099,12563,3575,3068,13099,6309,6790,92.9,3068,1359,1709,79.5,16795,16556,239,16556,16436,18,60,46,0,0,4,24,0,21,203,0,0,0,0,24,0,0,0,0,0,0,18,239,25,171,0,0,16795,16646,72,231,53,0,32,16795,167,129,16,0,22,16628,16275,18,60,24,0,18,233,8,225,7881,13096,6306,6790
2020,Russell County; Kentucky,17846,8713,9133,95.4,1049,1176,1061,1134,878,1962,1936,2500,1385,1166,2114,1176,309,43.4,4051,14268,13795,13175,4238,3599,13795,6636,7159,92.7,3599,1654,1945,85.0,17846,17564,282,17564,16914,93,0,0,0,0,0,129,56,21,207,69,0,0,0,0,4,0,0,0,0,0,428,282,50,12,152,0,17846,17185,143,12,292,11,485,17846,679,655,3,0,21,17167,16708,93,0,129,0,12,225,0,225,10150,13574,6524,7050
2020,Scott County; Kentucky,55961,27346,28615,95.6,3623,4153,3961,3912,3649,7636,8018,7735,3814,2628,4391,1743,698,36.0,14059,43248,41902,39701,8198,6832,41902,20510,21392,95.9,6832,3069,3763,81.6,55961,53733,2228,53733,49080,2602,171,41,0,0,0,635,71,21,209,101,171,104,19,25,144,0,0,0,0,0,1245,2228,1062,229,294,35,55961,51167,3786,452,993,0,1798,55961,2438,1446,527,0,465,53523,48541,2538,59,602,0,55,1728,53,1675,22535,40955,19962,20993
2020,Simpson County; Kentucky,18319,9099,9220,98.7,1119,1341,1326,1077,1144,2347,2159,2247,1143,1387,1884,917,228,38.7,4451,14346,13868,13291,3849,3029,13868,6777,7091,95.6,3029,1335,1694,78.8,18319,17749,570,17749,15673,1692,74,74,0,0,0,148,0,21,213,0,39,0,0,0,109,0,0,0,0,0,162,570,254,57,45,12,18319,16134,2056,145,271,0,286,18319,466,213,12,0,241,17853,15607,1641,74,141,0,17,373,5,368,7927,13726,6701,7025
2020,Spencer County; Kentucky,18945,9521,9424,101.0,1020,1140,1295,1309,960,2003,2561,3095,1609,1342,1690,733,188,42.9,4338,15280,14607,13990,3475,2611,14607,7310,7297,100.2,2611,1274,1337,95.3,18945,18647,298,18647,18172,281,21,1,0,0,0,112,98,21,215,0,14,0,0,0,0,0,0,0,0,0,61,298,132,87,42,0,18945,18470,413,108,154,0,98,18945,466,165,258,0,43,18479,17767,281,21,112,0,0,298,37,261,7368,14541,7244,7297
2020,Todd County; Kentucky,12334,6114,6220,98.3,829,847,1081,783,656,1538,1424,1545,764,847,1185,652,183,37.2,3285,9417,9049,8643,2438,2020,9049,4537,4512,100.6,2020,953,1067,89.3,12334,12129,205,12129,10797,1016,6,0,0,0,0,11,0,21,219,11,0,0,0,0,0,0,0,0,0,0,299,205,98,44,13,0,12334,11002,1116,52,24,1,347,12334,540,370,28,86,56,11794,10599,1011,6,11,0,10,157,0,157,5356,8818,4349,4469
2020,Trimble County; Kentucky,8528,4192,4336,96.7,455,453,606,560,481,966,1010,1247,705,537,948,397,163,42.2,1850,6938,6678,6391,1672,1508,6678,3250,3428,94.8,1508,695,813,85.5,8528,8285,243,8285,7948,29,19,0,0,0,0,0,0,21,223,0,0,0,0,0,0,58,32,0,0,26,231,243,8,47,42,0,8528,8162,66,66,60,58,377,8528,280,221,51,0,8,8248,7842,29,19,0,58,70,230,115,115,4007,6501,3176,3325
2020,Union County; Kentucky,14582,7327,7255,101.0,832,672,663,1032,1928,1645,1629,1692,1074,917,1594,684,220,38.0,2671,12238,11911,11045,3042,2498,11911,5958,5953,100.1,2498,1129,1369,82.5,14582,14433,149,14433,12060,2227,0,0,0,0,0,70,0,21,225,6,0,0,5,11,48,0,0,0,0,0,76,149,104,30,0,0,14582,12209,2331,30,70,0,91,14582,181,62,27,0,92,14401,11994,2201,0,70,0,2,134,0,134,6246,11781,5837,5944
2020,Washington County; Kentucky,12044,5865,6179,94.9,753,755,884,700,671,1341,1384,1685,1035,612,1312,659,253,41.6,2812,9550,9232,8788,2594,2224,9232,4430,4802,92.3,2224,952,1272,74.8,12044,11736,308,11736,10723,895,0,0,0,0,0,94,0,21,229,0,4,43,0,38,9,0,0,0,0,0,24,308,139,55,14,6,12044,11016,1112,61,108,0,118,12044,181,154,0,0,27,11863,10579,895,0,94,0,9,286,9,277,5206,9115,4336,4779
2020,Wayne County; Kentucky,20447,10143,10304,98.4,1184,1026,1247,1211,1134,2340,2443,2692,1619,1295,2456,1473,327,44.0,4276,16709,16171,15670,5090,4256,16171,7952,8219,96.8,4256,2011,2245,89.6,20447,20219,228,20219,19262,370,99,72,0,0,0,18,0,21,231,0,18,0,0,0,0,0,0,0,0,0,470,228,197,9,0,0,20447,19479,578,108,29,11,481,20447,699,471,105,0,123,19748,19044,370,99,18,0,0,217,0,217,10946,15884,7694,8190
2020,Whitley County; Kentucky,36252,17962,18290,98.2,2621,2239,2794,2744,2741,4337,4134,4493,2588,1869,3318,1636,738,36.7,9066,28116,27186,24954,7035,5692,27186,13206,13980,94.5,5692,2564,3128,82.0,36252,35873,379,35873,35139,334,122,94,0,0,0,181,30,21,235,21,130,0,0,0,0,0,0,0,0,0,97,379,108,164,74,0,36252,35515,446,286,259,0,127,36252,496,285,123,0,88,35756,34752,334,114,181,0,17,358,9,349,15490,26854,13058,13796
2020,Wolfe County; Kentucky,7188,3629,3559,102.0,464,444,450,466,223,1041,683,959,539,530,840,399,150,41.4,1666,5709,5522,5302,1708,1389,5522,2649,2873,92.2,1389,635,754,84.2,7188,7075,113,7075,7019,3,41,41,0,0,0,10,0,21,237,0,10,0,0,0,0,0,0,0,0,0,2,113,37,39,0,0,7188,7095,40,80,47,37,2,7188,2,0,0,0,2,7186,7019,3,41,10,0,0,113,0,113,3731,5512,2649,2863
2020,Allen County; Kentucky,21065,10453,10612,98.5,1393,1494,1264,1212,1233,2725,2358,2826,1357,1512,2241,946,504,39.9,4960,16574,16105,15378,4566,3691,16105,7960,8145,97.7,3691,1715,1976,86.8,21065,20560,505,20560,20372,116,0,0,0,0,0,24,0,21,003,14,10,0,0,0,0,0,0,0,0,0,48,505,396,28,34,0,21065,20877,512,28,58,12,83,21065,447,424,16,0,7,20618,20007,116,0,24,0,20,451,0,451,9501,15914,7846,8068
2020,Adair County; Kentucky,19366,9624,9742,98.8,1005,992,1063,1570,1643,2248,2119,2444,1321,1343,2173,1146,299,40.4,3781,16085,15585,14241,4449,3618,15585,7556,8029,94.1,3618,1735,1883,92.1,19366,18916,450,18916,18181,546,1,1,0,0,0,100,9,21,001,0,63,10,18,0,0,0,0,0,0,0,88,450,163,85,44,0,19366,18631,709,86,144,0,246,19366,402,304,0,0,98,18964,17911,546,1,82,0,16,408,116,292,8626,15325,7430,7895
2020,Anderson County; Kentucky,22580,11097,11483,96.6,1470,1633,1305,1235,1405,2623,2818,3476,1592,1479,2179,1090,275,41.7,5358,17813,17222,16573,4281,3544,17222,8285,8937,92.7,3544,1536,2008,76.5,22580,22118,462,22118,21308,678,0,0,0,0,0,59,0,21,005,0,59,0,0,0,0,11,0,0,11,0,62,462,190,93,0,0,22580,21770,877,104,59,11,232,22580,431,149,26,34,222,22149,21066,678,0,59,11,0,335,51,284,9483,17110,8272,8838
2020,Ballard County; Kentucky,7914,3945,3969,99.4,401,490,447,502,459,781,940,1055,524,624,959,493,239,44.0,1658,6460,6256,5935,2107,1691,6256,3056,3200,95.5,1691,739,952,77.6,7914,7792,122,7792,7363,389,13,4,0,0,0,22,0,21,007,8,12,0,2,0,0,0,0,0,0,0,5,122,31,23,52,0,7914,7473,432,36,74,2,19,7914,108,21,4,12,71,7806,7307,389,4,20,0,0,86,0,86,3915,6227,3047,3180
2020,Bath County; Kentucky,12421,6186,6235,99.2,852,903,870,762,746,1356,1457,1669,907,857,1188,661,193,40.7,3153,9618,9268,8915,2557,2042,9268,4534,4734,95.8,2042,917,1125,81.5,12421,12231,190,12231,11903,162,13,1,0,0,0,48,6,21,011,33,0,0,6,0,3,0,0,0,0,0,105,190,66,60,12,13,12421,12077,260,87,67,0,136,12421,209,195,0,0,14,12212,11808,162,13,48,0,0,181,13,168,5525,9212,4525,4687
2020,Bell County; Kentucky,26426,12970,13456,96.4,1643,1512,1492,1530,1557,3321,3099,3559,2136,1652,2965,1375,585,41.2,5587,21491,20839,20019,6041,4925,20839,10005,10834,92.3,4925,2149,2776,77.4,26426,25944,482,25944,25174,661,44,36,0,0,0,2,0,21,013,0,0,0,0,0,2,0,0,0,0,0,63,482,326,71,85,0,26426,25656,987,115,87,0,63,26426,315,87,112,17,99,26111,24866,654,44,2,0,63,482,0,482,13226,20830,9996,10834
2020,Bourbon County; Kentucky,19998,9796,10202,96.0,1357,960,1452,1110,1296,2312,2207,2774,1299,1389,2229,1229,384,41.8,4492,16037,15506,14908,4605,3842,15506,7393,8113,91.1,3842,1622,2220,73.1,19998,19631,367,19631,18242,1320,0,0,0,0,0,32,0,21,017,19,0,13,0,0,0,0,0,0,0,0,37,367,243,16,0,0,19998,18609,1563,38,40,21,123,19998,1371,1295,0,0,76,18627,16970,1307,0,32,0,30,288,0,288,9085,14861,7043,7818
2020,Boyd County; Kentucky,47361,23645,23716,99.7,2697,3122,2558,2644,2417,5567,6036,6368,3280,3475,5276,2816,1105,42.1,10128,38454,37233,36026,11405,9197,37233,18361,18872,97.3,9197,4020,5177,77.7,47361,46012,1349,46012,44266,948,51,30,0,0,0,149,0,21,019,42,20,0,34,0,53,15,0,0,0,15,583,1349,706,262,222,14,47361,45577,1726,401,379,15,670,47361,886,681,60,28,117,46475,43898,945,51,149,15,135,1282,87,1195,21649,36935,18205,18730
2020,Bracken County; Kentucky,8308,4198,4110,102.1,516,605,527,530,386,939,1068,1109,660,581,838,440,109,41.7,1978,6489,6330,6064,1754,1387,6330,3172,3158,100.4,1387,637,750,84.9,8308,8190,118,8190,8008,81,20,0,0,0,0,81,0,21,023,6,0,56,0,0,19,0,0,0,0,0,0,118,28,3,83,0,8308,8122,113,23,164,0,4,8308,46,2,29,0,15,8262,7968,79,20,81,0,0,114,0,114,3860,6317,3160,3157
2020,Breckinridge County; Kentucky,20283,10112,10171,99.4,1156,972,1637,1407,1028,2120,2349,2644,1395,1624,2458,1169,324,42.4,4642,16189,15641,14874,4806,3951,15641,7668,7973,96.2,3951,1872,2079,90.0,20283,19828,455,19828,19345,338,26,26,0,0,0,70,0,21,027,0,70,0,0,0,0,0,0,0,0,0,49,455,263,140,0,0,20283,19789,602,167,85,11,89,20283,334,234,14,0,86,19949,19065,338,26,70,0,20,430,11,419,10828,15576,7616,7960
2020,Bullitt County; Kentucky,80921,40406,40515,99.7,4233,4892,5231,5077,4751,10452,10536,11782,5625,5554,8053,3409,1326,40.8,17694,65697,63227,60439,15904,12788,63227,31107,32120,96.8,12788,5964,6824,87.4,80921,79018,1903,79018,76929,982,117,32,0,0,0,611,213,21,029,45,91,0,155,10,97,4,4,0,0,0,375,1903,635,575,123,21,80921,78809,1663,771,757,40,865,80921,1771,950,334,99,388,79150,76071,814,117,586,4,63,1495,82,1413,31841,62641,30865,31776
2020,Caldwell County; Kentucky,12679,6173,6506,94.9,712,690,960,777,583,1479,1316,1596,1027,828,1506,718,487,42.9,2837,10097,9842,9517,3188,2711,9842,4712,5130,91.9,2711,1209,1502,80.5,12679,12627,52,12627,11702,925,0,0,0,0,0,0,0,21,033,0,0,0,0,0,0,0,0,0,0,0,0,52,17,9,0,0,12679,11754,968,9,26,0,0,12679,213,18,13,10,172,12466,11515,925,0,0,0,0,26,0,26,6289,9748,4618,5130
2020,Calloway County; Kentucky,38991,18895,20096,94.0,1925,1979,1965,3657,5001,4501,4105,4494,2278,2440,3844,2098,704,36.3,7030,32787,31961,28147,8262,6646,31961,15423,16538,93.3,6646,2980,3666,81.3,38991,37818,1173,37818,35584,1366,92,29,0,0,50,462,42,21,035,154,88,9,45,10,114,61,20,0,35,6,253,1173,492,170,332,0,38991,36757,1879,283,794,61,413,38991,1076,743,78,12,243,37915,34882,1351,89,462,61,37,1033,85,948,18924,31186,14941,16245
2020,Carlisle County; Kentucky,4738,2362,2376,99.4,312,286,315,303,223,547,533,611,252,372,530,322,132,42.3,1086,3766,3652,3478,1155,984,3652,1772,1880,94.3,984,428,556,77.0,4738,4647,91,4647,4519,60,22,0,0,0,0,36,0,21,039,0,0,0,34,0,2,0,0,0,0,0,10,91,7,21,51,0,4738,4598,79,43,99,0,10,4738,113,91,0,0,22,4625,4427,60,22,36,0,1,79,0,79,2471,3648,1771,1877
2020,Carroll County; Kentucky,10691,5489,5202,105.5,726,905,648,643,642,1383,1313,1304,838,644,984,505,156,38.7,2772,8209,7919,7544,2061,1645,7919,4004,3915,102.3,1645,747,898,83.2,10691,10357,334,10357,9765,312,0,0,0,0,0,49,0,21,041,10,0,0,0,39,0,0,0,0,0,0,231,334,35,80,1,0,10691,10099,347,80,50,0,449,10691,718,544,0,0,174,9973,9460,312,0,49,0,0,152,36,116,4730,7855,3996,3859
2020,Casey County; Kentucky,15968,7710,8258,93.4,945,1089,919,1026,861,1801,1907,2082,992,1111,1928,983,324,42.6,3639,12752,12329,11787,3964,3235,12329,5911,6418,92.1,3235,1388,1847,75.1,15968,15821,147,15821,15365,125,102,92,0,0,0,37,0,21,045,0,7,0,18,0,12,0,0,0,0,0,192,147,35,45,67,0,15968,15512,160,147,104,0,192,15968,465,333,11,0,121,15503,15103,125,102,26,0,0,147,0,147,7536,12184,5872,6312
2020,Christian County; Kentucky,71470,37734,33736,111.9,6757,5459,4550,4834,9307,11714,7475,6284,2903,3399,4935,2680,1173,28.3,19352,53672,52118,48042,10711,8788,52118,27950,24168,115.6,8788,3731,5057,73.8,71470,68241,3229,68241,50607,14849,330,64,0,14,26,1228,581,21,047,101,96,141,192,0,117,311,63,83,54,111,916,3229,1650,504,267,85,71470,53395,16949,971,1595,349,1520,71470,5812,3695,1573,43,501,65658,46513,14698,199,1200,232,248,2568,165,2403,29961,51253,27549,23704
2020,Clay County; Kentucky,20110,10587,9523,111.2,1208,1042,1298,1074,1092,2972,2803,2830,1339,1335,1984,796,337,40.0,4264,16244,15846,15358,3886,3117,15846,8341,7505,111.1,3117,1381,1736,79.6,20110,19589,521,19589,18496,1002,18,5,13,0,0,0,0,21,051,0,0,0,0,0,0,9,9,0,0,0,64,521,160,6,0,11,20110,18947,1232,46,11,9,397,20110,268,143,64,0,61,19842,18359,938,18,0,9,30,488,314,174,9055,15762,8283,7479
2020,Clinton County; Kentucky,10175,5093,5082,100.2,589,505,692,729,451,1207,1193,1363,698,754,1154,559,281,42.8,2203,8276,7972,7527,2442,1994,7972,3965,4007,99.0,1994,943,1051,89.7,10175,10002,173,10002,9829,35,0,0,0,0,0,15,0,21,053,0,0,0,15,0,0,0,0,0,0,0,123,173,19,154,0,0,10175,10002,54,154,15,0,123,10175,294,118,12,57,107,9881,9658,35,0,15,0,0,173,0,173,5314,7856,3910,3946
2020,Cumberland County; Kentucky,6660,3232,3428,94.3,421,499,309,262,290,802,661,875,481,606,838,455,161,46.1,1438,5391,5222,5092,1761,1454,5222,2531,2691,94.1,1454,671,783,85.7,6660,6533,127,6533,6159,159,0,0,0,0,0,46,18,21,057,0,28,0,0,0,0,0,0,0,0,0,169,127,13,13,81,4,6660,6282,176,17,127,0,185,6660,92,66,0,0,26,6568,6149,159,0,46,0,103,111,0,111,3673,5166,2504,2662
2020,Daviess County; Kentucky,101001,49338,51663,95.5,6814,6800,7045,6334,6013,12733,12298,12295,7056,6406,9924,4996,2287,38.9,24655,78610,76346,72648,21097,17207,76346,36732,39614,92.7,17207,7470,9737,76.7,101001,98218,2783,98218,90378,4719,165,52,0,0,3,1883,680,21,059,116,93,10,33,26,925,107,13,78,0,16,966,2783,1733,207,209,66,101001,93047,6617,519,2164,125,1437,101001,3304,2379,95,33,797,97697,88298,4608,155,1853,16,406,2361,82,2279,43348,74612,35802,38810
2020,Elliott County; Kentucky,7461,4197,3264,128.6,332,379,392,365,495,975,1121,950,539,439,846,505,123,42.4,1341,6225,6120,5952,1764,1474,6120,3536,2584,136.8,1474,708,766,92.4,7461,7450,11,7450,7161,263,0,0,0,0,0,0,0,21,063,0,0,0,0,0,0,0,0,0,0,0,26,11,6,3,0,0,7461,7172,269,3,0,0,28,7461,67,19,0,7,41,7394,7120,263,0,0,0,0,11,2,9,3463,6113,3529,2584
2020,Fayette County; Kentucky,322200,157812,164388,96.0,19479,19285,17859,22089,33435,49676,42223,37775,19393,17809,25874,12607,4696,34.8,67314,261526,254886,236318,54087,43177,254886,123426,131460,93.9,43177,18474,24703,74.8,322200,307994,14206,307994,237490,47105,598,80,0,0,54,12826,3298,21,067,3525,793,1254,883,652,2421,56,26,5,0,25,9919,14206,6308,1156,2117,343,322200,250434,55364,2704,15474,126,13527,322200,23242,15740,1775,654,5073,298958,226571,46635,378,12785,46,1870,10673,649,10024,142813,235529,112646,122883
2020,Fleming County; Kentucky,14519,7150,7369,97.0,1027,956,948,884,798,1627,1662,1946,1037,1031,1610,715,278,41.8,3527,11333,10992,10585,3210,2603,10992,5424,5568,97.4,2603,1194,1409,84.7,14519,14453,66,14453,13989,323,24,24,0,0,0,93,0,21,069,77,0,16,0,0,0,0,0,0,0,0,24,66,0,32,21,0,14519,14055,323,56,114,0,37,14519,117,117,0,0,0,14402,13899,323,24,93,0,10,53,0,53,6732,10966,5404,5562
2020,Franklin County; Kentucky,50744,24546,26198,93.7,2923,2611,3332,3183,2990,6964,6009,6863,3793,3145,5559,2617,755,40.4,10631,41393,40113,37804,10814,8931,40113,19129,20984,91.2,8931,3904,5027,77.7,50744,48860,1884,48860,41711,5021,37,14,0,0,0,941,424,21,073,69,118,19,39,15,257,28,28,0,0,0,1122,1884,941,306,140,1,50744,43533,6119,422,1201,112,1420,50744,1821,851,132,12,826,48923,41288,4947,25,941,28,62,1632,46,1586,23272,38800,18425,20375
2020,Fulton County; Kentucky,6064,3024,3040,99.5,351,349,415,208,359,959,527,760,360,530,713,428,105,42.7,1284,4899,4780,4697,1528,1246,4780,2338,2442,95.7,1246,528,718,73.5,6064,5841,223,5841,4342,1381,79,12,0,16,0,7,0,21,075,7,0,0,0,0,0,0,0,0,0,0,32,223,158,35,3,0,6064,4558,1566,134,10,0,39,6064,101,42,0,0,59,5963,4281,1381,78,7,0,5,211,7,204,3336,4754,2312,2442
2020,Garrard County; Kentucky,17554,8579,8975,95.6,912,1197,1024,986,827,1901,2146,2634,1434,1311,1923,870,389,43.5,3808,14153,13746,13263,3972,3182,13746,6582,7164,91.9,3182,1387,1795,77.3,17554,17150,404,17150,16613,369,36,9,4,0,0,15,0,21,079,0,0,0,15,0,0,0,0,0,0,0,117,404,108,61,27,0,17554,16943,526,97,67,25,300,17554,384,125,0,0,259,17170,16476,369,36,15,0,3,271,50,221,7501,13493,6452,7041
2020,Grant County; Kentucky,25107,12367,12740,97.1,1811,1997,1897,1716,1535,3282,2903,3362,1646,1498,2095,1054,311,36.8,6791,19146,18316,17521,4338,3460,18316,9037,9279,97.4,3460,1577,1883,83.7,25107,24384,723,24384,23611,149,59,59,0,0,0,53,0,21,081,0,0,0,53,0,0,0,0,0,0,0,512,723,141,79,199,0,25107,24334,291,139,253,0,815,25107,724,471,0,44,209,24383,23417,149,59,53,0,7,698,278,420,10276,18295,9037,9258
2020,Grayson County; Kentucky,26313,13056,13257,98.5,1745,1513,1915,1720,1499,3077,3207,3306,1809,1894,2820,1533,275,40.8,6298,20778,20015,19089,5613,4628,20015,9884,10131,97.6,4628,2137,2491,85.8,26313,26037,276,26037,25364,192,96,45,0,0,0,190,0,21,085,0,0,0,18,0,172,8,0,0,0,8,187,276,67,86,33,0,26313,25575,324,185,223,73,212,26313,368,180,131,0,57,25945,25177,192,96,190,0,22,268,17,251,13704,19835,9784,10051
2020,Green County; Kentucky,11000,5423,5577,97.2,635,611,652,593,531,1353,1242,1484,851,852,1282,678,236,43.8,2308,8947,8692,8395,2679,2196,8692,4285,4407,97.2,2196,982,1214,80.9,11000,10823,177,10823,10542,195,83,19,64,0,0,3,0,21,087,0,0,0,0,0,3,0,0,0,0,0,0,177,152,13,0,0,11000,10719,359,108,3,0,0,11000,183,183,0,0,0,10817,10359,195,83,3,0,0,177,0,177,5337,8586,4233,4353
2020,Hancock County; Kentucky,8748,4484,4264,105.2,557,580,586,627,504,937,995,1286,646,544,883,453,150,40.5,2136,6898,6612,6341,1884,1486,6612,3311,3301,100.3,1486,722,764,94.5,8748,8491,257,8491,8374,61,5,5,0,0,0,51,0,21,091,0,8,8,35,0,0,0,0,0,0,0,0,257,104,107,44,0,8748,8631,165,112,95,0,2,8748,43,38,2,1,2,8705,8331,61,5,51,0,0,257,2,255,3752,6569,3298,3271
2020,Hardin County; Kentucky,109627,54508,55119,98.9,7244,7109,8016,7022,7531,14773,14315,14071,7754,6325,9286,4621,1560,37.0,26850,85904,82777,78955,18853,15467,82777,40810,41967,97.2,15467,6747,8720,77.4,109627,103386,6241,103386,85932,13109,266,55,12,10,16,2214,307,21,093,270,202,194,593,71,577,368,158,89,40,81,1497,6241,2369,784,1165,78,109627,91899,16162,1269,3754,603,2796,109627,6326,2579,2297,189,1261,103301,82997,12616,158,2116,348,358,4708,28,4680,46970,81306,40179,41127
2020,Harrison County; Kentucky,18763,9145,9618,95.1,1141,1080,1206,1105,1136,2098,2104,2601,1378,1408,1999,1083,424,42.7,4208,15041,14555,14016,4341,3506,14555,7037,7518,93.6,3506,1528,1978,77.2,18763,18391,372,18391,17895,411,2,0,0,0,2,0,0,21,097,0,0,0,0,0,0,2,0,0,0,2,81,372,247,55,0,0,18763,18267,658,57,0,2,151,18763,458,315,55,54,34,18305,17589,411,0,0,2,0,303,1,302,8315,14409,6928,7481
2020,Henderson County; Kentucky,45550,21990,23560,93.3,2690,2829,3113,2758,2344,5576,5765,5856,3619,2992,4739,2419,850,41.1,10417,36538,35133,33609,9449,8008,35133,16762,18371,91.2,8008,3489,4519,77.2,45550,43810,1740,43810,39609,3375,100,10,42,0,0,151,51,21,101,62,17,0,0,10,11,14,0,14,0,0,561,1740,1024,122,154,0,45550,41346,4399,222,308,17,998,45550,1200,857,100,87,156,44350,38977,3370,93,151,14,110,1635,345,1290,20577,34857,16621,18236
2020,Henry County; Kentucky,15999,7915,8084,97.9,980,879,1199,1082,840,1841,1914,2122,1152,1255,1715,731,289,41.6,3758,12787,12241,11683,3572,2735,12241,5959,6282,94.9,2735,1247,1488,83.8,15999,15561,438,15561,14843,429,0,0,0,0,0,88,56,21,103,0,21,0,0,0,11,24,0,0,0,24,177,438,163,107,22,0,15999,15235,687,167,182,24,251,15999,538,421,26,15,76,15461,14576,429,0,88,24,0,344,9,335,6791,12070,5860,6210
2020,Hickman County; Kentucky,4461,2148,2313,92.9,219,144,351,322,250,351,551,515,229,452,658,274,145,46.4,884,3720,3577,3342,1364,1077,3577,1689,1888,89.5,1077,463,614,75.4,4461,4330,131,4330,3848,394,49,0,36,0,0,7,0,21,105,6,0,1,0,0,0,0,0,0,0,0,32,131,31,1,46,0,4461,3979,425,53,53,0,85,4461,92,70,2,0,20,4369,3837,394,49,7,0,0,82,6,76,2367,3572,1685,1887
2020,Hopkins County; Kentucky,45044,21923,23121,94.8,2652,2721,3087,2757,2427,5541,5420,5723,3437,2977,4939,2647,716,41.5,10293,36000,34751,33277,10036,8302,34751,16610,18141,91.6,8302,3638,4664,78.0,45044,43885,1159,43885,40412,2965,77,77,0,0,0,329,0,21,107,183,49,18,20,0,59,5,5,0,0,0,97,1159,682,200,53,27,45044,41523,3703,305,389,6,285,45044,974,692,27,14,241,44070,39738,2957,77,329,3,0,966,7,959,21490,34493,16463,18030
2020,Jackson County; Kentucky,13368,6616,6752,98.0,826,736,918,893,577,1499,1814,1852,810,1118,1442,751,132,40.9,2997,10722,10371,9901,2913,2325,10371,5044,5327,94.7,2325,1050,1275,82.4,13368,13135,233,13135,13101,34,0,0,0,0,0,0,0,21,109,0,0,0,0,0,0,0,0,0,0,0,0,233,17,159,9,0,13368,13334,51,159,9,48,0,13368,28,11,0,17,0,13340,13082,34,0,0,0,0,224,0,224,6629,10371,5044,5327
2020,Jefferson County; Kentucky,768419,371306,397113,93.5,48109,45727,48076,46037,47920,113974,96402,94967,52651,50568,73234,34802,15952,38.4,170065,617396,598354,570696,153958,123988,598354,284432,313922,90.6,123988,52802,71186,74.2,768419,741781,26638,741781,539721,168526,1070,363,0,7,123,22880,6798,21,111,2740,1486,524,1670,2813,6849,499,97,103,59,240,9085,26638,10239,2536,3475,978,768419,563650,182002,5293,27818,999,16639,768419,43892,15712,3058,14334,10788,724527,511897,166174,842,22660,450,2808,19696,1363,18333,347172,569273,269311,299962
2020,Jessamine County; Kentucky,53476,25883,27593,93.8,3355,3760,3590,3822,3554,6732,6783,6876,3608,3274,4899,2388,835,38.1,12882,41916,40594,38031,10121,8122,40594,19336,21258,91.0,8122,3744,4378,85.5,53476,52203,1273,52203,48314,2372,60,25,0,0,0,847,0,21,113,331,107,0,233,0,176,6,0,6,0,0,604,1273,527,297,167,0,53476,49546,2995,389,1055,6,813,53476,1949,1143,104,73,629,51527,47238,2327,60,847,0,84,971,0,971,20614,39307,18647,20660
2020,Johnson County; Kentucky,22427,11053,11374,97.2,1331,1405,1337,1340,1186,2734,2828,3060,1505,1645,2518,1124,414,41.4,4943,18003,17484,16725,5171,4056,17484,8466,9018,93.9,4056,1878,2178,86.2,22427,22223,204,22223,21794,81,23,0,23,0,0,283,120,21,115,132,0,0,31,0,0,0,0,0,0,0,42,204,3,101,0,0,22427,21998,99,139,283,0,127,22427,148,97,0,0,51,22279,21778,81,23,283,0,0,114,16,98,10632,17280,8402,8878
2020,Kenton County; Kentucky,166552,82398,84154,97.9,10963,11569,10651,9961,9909,24775,21884,20847,11432,10646,14606,6873,2436,37.3,39670,131210,126882,121407,30115,23915,126882,62055,64827,95.7,23915,10527,13388,78.6,166552,161521,5031,161521,149480,7531,229,97,0,0,0,1997,493,21,117,318,214,189,213,355,215,21,0,21,0,0,2263,5031,2729,544,625,35,166552,154360,10523,950,2701,190,3055,166552,5589,1780,526,319,2964,160963,146765,7499,203,1997,0,103,4396,216,4180,69790,123531,60249,63282
2020,Knott County; Kentucky,15041,7420,7621,97.4,803,923,746,1035,1075,1580,1693,2123,1110,1180,1722,851,200,43.7,3012,12373,12029,11335,3387,2773,12029,5880,6149,95.6,2773,1249,1524,82.0,15041,14892,149,14892,14634,124,33,4,0,0,0,43,2,21,119,8,22,10,1,0,0,0,0,0,0,0,58,149,17,50,0,4,15041,14771,153,87,43,23,113,15041,152,84,26,0,42,14889,14564,124,28,43,0,2,128,34,94,7658,11970,5829,6141
2020,Knox County; Kentucky,31288,15277,16011,95.4,1993,2017,2028,2183,2107,3880,3615,4115,1987,2015,3082,1727,539,40.0,7304,24868,23984,22521,6561,5348,23984,11570,12414,93.2,5348,2312,3036,76.2,31288,30730,558,30730,30149,248,165,0,0,0,0,109,89,21,121,0,20,0,0,0,0,33,0,0,0,33,26,558,231,101,128,0,31288,30707,484,271,237,33,119,31288,409,310,0,0,99,30879,29939,248,135,109,33,0,415,0,415,14796,23716,11309,12407
2020,Larue County; Kentucky,14269,7061,7208,98.0,742,848,996,856,735,1581,1891,1833,1118,1183,1431,884,171,41.5,3187,11473,11082,10774,3190,2486,11082,5492,5590,98.2,2486,1134,1352,83.9,14269,14038,231,14038,13348,494,20,0,0,0,0,61,0,21,123,61,0,0,0,0,0,0,0,0,0,0,115,231,97,117,0,0,14269,13579,595,141,61,0,128,14269,469,383,5,0,81,13800,12972,472,20,61,0,70,205,0,205,6403,10762,5206,5556
2020,Laurel County; Kentucky,60631,29771,30860,96.5,3736,3803,3976,3715,3384,7704,7931,8427,3879,4174,5959,2892,1051,40.2,14005,48342,46626,44743,12434,9902,46626,22535,24091,93.5,9902,4461,5441,82.0,60631,59696,935,59696,58750,384,252,60,167,0,0,147,25,21,125,0,10,27,0,0,85,0,0,0,0,0,163,935,285,230,282,0,60631,59663,691,482,430,34,267,60631,936,506,320,0,110,59695,58011,384,252,147,0,24,877,46,831,25948,46539,22491,24048
2020,Lawrence County; Kentucky,15604,7740,7864,98.4,1081,824,1244,897,728,1812,1921,2057,1188,1057,1780,749,266,42.0,3763,12266,11841,11344,3419,2795,11841,5727,6114,93.7,2795,1266,1529,82.8,15604,15428,176,15428,15216,53,1,1,0,0,0,150,0,21,127,73,0,0,0,0,77,0,0,0,0,0,8,176,54,107,0,0,15604,15385,114,108,150,7,16,15604,205,140,65,0,0,15399,15073,53,1,150,0,0,122,8,114,7446,11803,5711,6092
2020,Lee County; Kentucky,7088,3822,3266,117.0,373,461,325,517,280,833,928,1026,606,443,839,318,139,44.2,1432,5812,5656,5314,1530,1296,5656,3033,2623,115.6,1296,609,687,88.6,7088,6841,247,6841,6753,58,9,0,0,0,0,14,0,21,129,0,14,0,0,0,0,0,0,0,0,0,7,247,133,44,60,0,7088,7000,191,53,74,0,17,7088,32,0,0,0,32,7056,6721,58,9,14,0,7,247,10,237,3486,5599,3011,2588
2020,Leslie County; Kentucky,10081,5055,5026,100.6,552,437,780,430,631,1289,1186,1423,815,736,1079,563,160,43.0,2116,8111,7965,7720,2318,1802,7965,3914,4051,96.6,1802,819,983,83.3,10081,9834,247,9834,9789,16,0,0,0,0,0,29,24,21,131,0,5,0,0,0,0,0,0,0,0,0,0,247,55,41,0,0,10081,10036,171,141,29,0,51,10081,11,11,0,0,0,10070,9778,16,0,29,0,0,247,51,196,5424,7951,3907,4044
2020,Letcher County; Kentucky,21936,10746,11190,96.0,1252,833,1875,1096,1138,2526,2734,2970,1771,1547,2660,1300,234,42.6,4744,17797,17192,16513,5157,4194,17192,8296,8896,93.3,4194,1895,2299,82.4,21936,21650,286,21650,21403,83,33,26,0,0,0,59,27,21,133,9,0,2,5,16,0,0,0,0,0,0,72,286,68,72,10,5,21936,21684,204,145,69,0,203,21936,189,72,86,19,12,21747,21317,83,33,59,0,48,207,18,189,11808,17155,8280,8875
2020,Boone County; Kentucky,132368,65608,66760,98.3,8684,10293,9532,9219,7657,16096,18162,18488,8729,7540,11327,4922,1719,38.0,34655,101829,97713,92949,21845,17968,97713,48000,49713,96.6,17968,8069,9899,81.5,132368,128623,3745,128623,118730,4329,140,54,0,0,0,3114,1232,21,015,321,200,341,80,534,406,27,27,0,0,0,2283,3745,1382,502,763,31,132368,122284,6012,840,4231,155,2948,132368,5660,2760,725,217,1958,126708,115319,4302,132,3114,27,493,3321,264,3057,49938,93908,45950,47958
2020,Boyle County; Kentucky,30090,15045,15045,100.0,1442,1594,1847,2475,2620,3331,3431,3787,2051,1809,3212,1716,775,40.1,6020,24919,24070,21967,6898,5703,24070,11863,12207,97.2,5703,2429,3274,74.2,30090,29304,786,29304,26101,2414,86,47,0,0,0,261,49,21,021,135,44,12,6,0,15,0,0,0,0,0,442,786,349,98,114,18,30090,26852,2791,225,392,18,614,30090,1005,681,122,11,191,29085,25547,2403,86,249,0,175,625,11,614,12517,23658,11662,11996
2020,Breathitt County; Kentucky,12802,6422,6380,100.7,842,558,775,651,871,1545,1669,1800,974,965,1393,600,159,42.3,2634,10468,10168,9727,2790,2152,10168,5030,5138,97.9,2152,971,1181,82.2,12802,12754,48,12754,12456,185,11,7,0,0,0,42,23,21,025,19,0,0,0,0,0,0,0,0,0,0,60,48,28,20,0,0,12802,12504,213,31,42,0,60,12802,156,116,0,1,39,12646,12360,185,11,42,0,0,48,0,48,6374,10141,5007,5134
2020,Butler County; Kentucky,12756,6388,6368,100.3,763,838,772,771,652,1515,1669,1655,905,904,1367,597,348,41.3,2906,10180,9850,9391,2848,2312,9850,4874,4976,98.0,2312,1085,1227,88.4,12756,12561,195,12561,12324,60,16,16,0,0,0,42,0,21,031,30,0,0,0,0,12,3,0,0,3,0,116,195,34,67,16,0,12756,12515,123,112,69,10,158,12756,433,119,17,0,297,12323,12067,46,16,42,3,0,149,0,149,5976,9619,4756,4863
2020,Campbell County; Kentucky,93608,45815,47793,95.9,5355,5819,5102,6330,6627,13384,11505,11588,7109,5978,8853,4206,1752,38.1,19539,76332,74069,69584,18210,14811,74069,35963,38106,94.4,14811,6552,8259,79.3,93608,91892,1716,91892,87570,2849,92,36,0,0,0,948,486,21,037,125,84,51,136,8,58,21,21,0,0,0,412,1716,764,370,240,15,93608,89227,3691,509,1202,37,694,93608,1953,753,255,86,859,91655,86141,2833,92,937,21,122,1509,81,1428,40533,73117,35537,37580
2020,Carter County; Kentucky,26976,13391,13585,98.6,1733,1611,1890,1673,1666,2993,3071,3587,1653,2063,2992,1508,536,41.6,6221,21284,20755,19628,6247,5036,20755,10065,10690,94.2,5036,2275,2761,82.4,26976,26427,549,26427,26202,103,80,0,0,0,0,0,0,21,043,0,0,0,0,0,0,3,3,0,0,0,39,549,236,173,4,1,26976,26750,340,254,4,3,174,26976,298,287,11,0,0,26678,25926,99,80,0,3,21,549,135,414,12523,20608,10050,10558
2020,Clark County; Kentucky,36152,17467,18685,93.5,2185,2085,2301,2085,1926,4518,4403,5209,2556,2389,3817,1822,856,42.3,8038,28922,28114,27082,7811,6495,28114,13289,14825,89.6,6495,2874,3621,79.4,36152,35339,813,35339,33115,1615,34,23,11,0,0,234,72,21,049,11,103,48,0,0,0,0,0,0,0,0,341,813,439,149,16,0,36152,33901,2093,215,326,48,474,36152,1112,425,208,27,452,35040,32409,1583,34,234,0,44,736,74,662,15914,27772,13122,14650
2020,Crittenden County; Kentucky,8940,4531,4409,102.8,484,469,698,497,465,991,1063,1116,649,669,1067,600,172,43.5,2005,7139,6935,6593,2353,1839,6935,3456,3479,99.3,1839,869,970,89.6,8940,8811,129,8811,8652,58,30,0,0,0,0,21,0,21,055,0,0,21,0,0,0,0,0,0,0,0,50,129,72,23,0,0,8940,8781,134,57,26,21,59,8940,121,71,0,37,13,8819,8582,58,30,21,0,8,120,0,120,4586,6903,3445,3458
2020,Edmonson County; Kentucky,12195,6101,6094,100.1,568,502,779,755,739,1388,1512,1673,867,928,1480,779,225,44.0,2292,10163,9903,9422,2956,2484,9903,4951,4952,100.0,2484,1163,1321,88.0,12195,11888,307,11888,11636,213,24,15,0,0,0,13,0,21,061,0,13,0,0,0,0,0,0,0,0,0,2,307,162,91,6,18,12195,11925,402,145,19,0,23,12195,172,28,135,0,9,12023,11559,213,18,13,0,2,218,0,218,6590,9881,4951,4930
2020,Estill County; Kentucky,14187,6951,7236,96.1,746,951,731,827,668,1630,1663,2064,1123,1080,1667,741,296,44.3,2954,11665,11233,10883,3282,2704,11233,5450,5783,94.2,2704,1174,1530,76.7,14187,13868,319,13868,13776,14,57,12,0,0,0,8,0,21,065,8,0,0,0,0,0,0,0,0,0,0,13,319,0,127,0,0,14187,14095,44,214,8,0,175,14187,173,19,0,107,47,14014,13728,14,52,8,0,0,212,55,157,6929,11108,5393,5715
2020,Floyd County; Kentucky,35931,17553,18378,95.5,2108,2093,2228,2228,1993,4257,4426,4878,2524,2748,4044,1879,525,42.6,7796,28996,28135,26709,8160,6448,28135,13397,14738,90.9,6448,2873,3575,80.4,35931,35564,367,35564,34997,384,4,4,0,0,0,123,82,21,071,8,0,0,14,0,19,0,0,0,0,0,56,367,129,97,30,0,35931,35364,545,133,153,0,135,35931,321,166,41,36,78,35610,34855,352,4,123,0,0,276,0,276,18569,28027,13340,14687
2020,Gallatin County; Kentucky,8760,4506,4254,105.9,575,557,608,641,474,1146,1050,1241,765,451,828,287,137,38.5,2131,6924,6629,6212,1559,1252,6629,3326,3303,100.7,1252,619,633,97.8,8760,8474,286,8474,7991,179,0,0,0,0,0,10,0,21,077,0,0,0,10,0,0,0,0,0,0,0,294,286,99,42,0,0,8760,8277,278,42,10,0,439,8760,457,337,0,0,120,8303,7843,179,0,10,0,19,252,111,141,3935,6464,3231,3233
2020,Graves County; Kentucky,37125,18153,18972,95.7,2257,2603,2444,2716,2069,4350,4331,4517,2566,2423,3929,2080,840,39.6,8918,29194,28207,26803,8291,6849,28207,13630,14577,93.5,6849,3036,3813,79.6,37125,35723,1402,35723,33024,1472,44,5,0,0,0,194,48,21,083,38,74,0,16,0,18,116,0,0,0,116,873,1402,626,228,64,0,37125,34342,2098,287,352,116,1347,37125,2575,2044,126,17,388,34550,31995,1350,44,170,116,3,872,0,872,16862,27610,13258,14352
2020,Greenup County; Kentucky,35359,17208,18151,94.8,1920,2203,2150,2009,1834,3861,4259,4713,2621,2420,4276,2178,915,43.5,7604,28757,27755,26699,8756,7369,27755,13201,14554,90.7,7369,3224,4145,77.8,35359,34856,503,34856,34253,362,29,21,0,0,0,192,90,21,089,13,7,0,15,0,67,0,0,0,0,0,20,503,82,276,25,0,35359,34696,497,325,277,27,60,35359,384,329,0,6,49,34975,33991,320,29,186,0,6,443,4,439,16309,27659,13152,14507
2020,Harlan County; Kentucky,26307,12651,13656,92.6,1620,1778,1675,1437,1292,3300,3111,3475,1785,2007,3011,1331,485,41.3,6022,20931,20285,19560,6083,4827,20285,9641,10644,90.6,4827,2113,2714,77.9,26307,25800,507,25800,25114,515,0,0,0,0,0,86,0,21,095,31,30,0,3,12,10,0,0,0,0,0,85,507,157,163,21,7,26307,25565,706,170,142,24,209,26307,267,190,27,0,50,26040,24969,515,0,86,0,21,449,66,383,13583,20204,9579,10625
2020,Hart County; Kentucky,18833,9423,9410,100.1,1325,1052,1419,1239,1090,2171,2052,2595,1496,1222,1898,981,293,40.5,4643,14706,14190,13620,3797,3172,14190,6987,7203,97.0,3172,1408,1764,79.8,18833,18557,276,18557,17566,861,39,25,0,0,0,90,0,21,099,60,18,0,0,0,12,0,0,0,0,0,1,276,170,99,4,3,18833,17839,1034,141,94,0,1,18833,356,56,36,0,264,18477,17234,861,30,90,0,0,262,0,262,9162,14106,6940,7166
2020,McLean County; Kentucky,9202,4572,4630,98.7,489,551,675,637,434,967,1049,1263,635,708,1042,587,165,43.7,2182,7331,7020,6736,2150,1794,7020,3421,3599,95.1,1794,821,973,84.4,9202,9134,68,9134,8918,123,35,0,15,0,5,21,0,21,149,0,19,0,2,0,0,0,0,0,0,0,37,68,23,34,11,0,9202,8986,146,69,32,0,37,9202,134,128,0,0,6,9068,8821,123,35,21,0,0,68,0,68,4285,6977,3386,3591
2020,Magoffin County; Kentucky,12346,6183,6163,100.3,810,717,841,690,656,1436,1480,1743,781,1057,1300,595,240,41.8,2851,9739,9495,9025,2768,2135,9495,4684,4811,97.4,2135,990,1145,86.5,12346,12220,126,12220,12158,0,11,11,0,0,0,47,0,21,153,47,0,0,0,0,0,0,0,0,0,0,4,126,0,42,0,0,12346,12284,0,53,47,0,88,12346,138,112,0,0,26,12208,12077,0,11,47,0,0,73,31,42,6106,9491,4680,4811
2020,Martin County; Kentucky,11421,6303,5118,123.2,545,661,635,635,599,1863,1598,1525,660,820,1172,499,209,39.7,2250,9438,9171,8799,2393,1880,9171,5122,4049,126.5,1880,858,1022,84.0,11421,11326,95,11326,10603,574,88,0,0,21,0,10,0,21,159,0,10,0,0,0,0,11,0,0,0,11,40,95,0,54,0,0,11421,10667,584,173,10,11,81,11421,270,122,41,0,107,11151,10493,521,88,10,11,0,28,10,18,5297,9139,5090,4049
2020,Menifee County; Kentucky,6463,3532,2931,120.5,367,331,441,312,341,799,715,796,509,475,733,537,107,44.0,1363,5208,5100,4961,1668,1377,5100,2650,2450,108.2,1377,636,741,85.8,6463,6338,125,6338,6329,9,0,0,0,0,0,0,0,21,165,0,0,0,0,0,0,0,0,0,0,0,0,125,22,90,0,0,6463,6454,44,103,0,0,0,6463,178,57,0,65,56,6285,6151,9,0,0,0,0,125,0,125,3921,5100,2650,2450
2020,Monroe County; Kentucky,10616,5323,5293,100.6,703,577,726,581,596,1176,1308,1387,951,640,1141,611,219,41.4,2394,8534,8222,7849,2366,1971,8222,4038,4184,96.5,1971,873,1098,79.5,10616,10478,138,10478,10134,249,27,0,0,0,0,27,0,21,171,27,0,0,0,0,0,2,0,2,0,0,39,138,42,50,0,0,10616,10272,291,77,27,2,85,10616,329,256,10,0,63,10287,9912,244,10,27,2,0,92,0,92,5262,8081,3944,4137
2020,Muhlenberg County; Kentucky,30815,15404,15411,100.0,1670,1421,1995,2127,1862,3701,3631,4332,2059,2064,3333,2165,455,42.5,6309,25347,24506,23172,7148,5953,24506,12223,12283,99.5,5953,2544,3409,74.6,30815,30299,516,30299,28529,1188,51,4,0,0,0,452,13,21,177,322,69,40,0,0,8,23,0,23,0,0,56,516,182,123,29,0,30815,29045,1398,202,490,23,210,30815,490,325,55,0,110,30325,28345,1072,51,452,23,20,362,0,362,13825,24219,12076,12143
2020,Ohio County; Kentucky,24081,11854,12227,96.9,1391,1763,1767,1560,1225,2834,2941,3064,1290,1934,2504,1397,411,40.6,5874,18914,18207,17334,5578,4312,18207,8960,9247,96.9,4312,1990,2322,85.7,24081,23850,231,23850,23207,277,2,0,0,0,2,45,4,21,183,3,0,0,8,15,15,0,0,0,0,0,319,231,156,31,37,0,24081,23438,433,39,82,6,320,24081,825,659,13,42,111,23256,22701,277,2,45,0,0,231,1,230,10441,17862,8743,9119
2020,Owsley County; Kentucky,4416,1922,2494,77.1,362,143,184,273,284,396,461,639,287,462,593,255,77,47.2,845,3709,3571,3443,1165,925,3571,1586,1985,79.9,925,395,530,74.5,4416,4335,81,4335,4092,190,0,0,0,0,0,4,0,21,189,0,0,0,4,0,0,0,0,0,0,0,49,81,0,3,0,0,4416,4173,190,3,4,0,127,4416,0,0,0,0,0,4416,4092,190,0,4,0,49,81,78,3,2239,3571,1586,1985
2020,Perry County; Kentucky,26266,13034,13232,98.5,1665,1185,2170,1522,1278,3167,3307,3738,2048,1805,2701,1311,369,41.3,5997,21045,20269,19308,5478,4381,20269,9873,10396,95.0,4381,2052,2329,88.1,26266,25927,339,25927,25024,528,11,11,0,0,0,265,0,21,193,0,229,0,0,36,0,20,14,0,6,0,79,339,39,138,16,0,26266,25363,571,153,281,20,221,26266,288,97,42,0,149,25978,24854,528,11,265,20,0,300,103,197,13025,19971,9672,10299
2020,Pulaski County; Kentucky,64789,31359,33430,93.8,3770,3612,4514,3771,3431,7653,7833,8816,4247,4881,7330,3375,1556,41.9,14421,52032,50368,48439,15326,12261,50368,24151,26217,92.1,12261,5507,6754,81.5,64789,63826,963,63826,62115,623,298,55,0,0,0,516,484,21,199,32,0,0,0,0,0,0,0,0,0,0,274,963,401,181,85,0,64789,63078,1072,527,601,0,522,64789,1660,1027,7,48,578,63129,60733,601,293,516,0,90,896,181,715,31512,49676,23755,25921
2020,Rowan County; Kentucky,24534,11809,12725,92.8,1344,1195,1524,2946,3355,2972,2473,2709,1358,1266,1961,1095,336,30.4,4839,20268,19695,16690,4118,3392,19695,9431,10264,91.9,3392,1479,1913,77.3,24534,24253,281,24253,23541,504,7,0,0,0,0,189,68,21,205,72,8,0,36,5,0,0,0,0,0,0,12,281,135,87,48,3,24534,23811,643,97,244,0,20,24534,441,313,109,0,19,24093,23172,504,7,189,0,0,221,8,213,10392,19465,9266,10199
2020,Shelby County; Kentucky,48100,23404,24696,94.8,3041,3037,2974,3106,2895,6049,6078,6931,3483,2882,4767,2104,753,39.3,11000,38382,37100,35347,9222,7624,37100,17701,19399,91.2,7624,3458,4166,83.0,48100,46015,2085,46015,40729,3093,0,0,0,0,0,480,122,21,211,187,22,19,5,0,125,42,0,0,42,0,1671,2085,966,299,55,37,48100,42734,4142,336,639,123,2295,48100,4601,2794,484,397,926,43499,38196,2940,0,480,42,286,1555,109,1446,18134,35252,16615,18637
2020,Taylor County; Kentucky,25572,12415,13157,94.4,1600,1361,1848,1993,1985,3299,2627,2946,1897,1547,2538,1469,462,37.5,5744,20448,19828,18317,5193,4469,19828,9486,10342,91.7,4469,1906,2563,74.4,25572,24839,733,24839,23314,1145,17,0,0,0,0,265,95,21,217,33,36,0,98,0,3,0,0,0,0,0,98,733,415,134,8,0,25572,24047,1690,281,273,0,144,25572,632,431,63,0,138,24940,22804,1145,8,251,0,46,686,0,686,10969,19581,9315,10266
2020,Trigg County; Kentucky,14569,7341,7228,101.6,937,816,880,1026,580,1410,1527,1875,860,1339,1968,1074,277,45.8,3219,11796,11350,10755,4066,3319,11350,5570,5780,96.4,3319,1665,1654,100.7,14569,14160,409,14160,13082,1000,0,0,0,0,0,66,0,21,221,0,30,0,0,0,36,0,0,0,0,0,12,409,282,17,23,21,14569,13470,1308,38,89,0,78,14569,334,314,20,0,0,14235,12817,1000,0,66,0,12,340,0,340,7972,11274,5509,5765
2020,Warren County; Kentucky,130836,64221,66615,96.4,8470,8022,8461,11918,14240,17706,15986,14762,7678,6832,10062,5107,1592,32.9,29788,104270,101048,90643,20773,16761,101048,49181,51867,94.8,16761,7449,9312,80.0,130836,126006,4830,126006,105541,11490,402,145,0,0,0,5579,390,21,227,177,256,134,221,645,3756,543,35,61,17,430,2451,4830,2528,368,584,155,130836,109956,14387,1019,6332,658,3448,130836,7047,3726,355,373,2593,123789,101743,11392,402,5579,543,165,3965,282,3683,54147,94718,45505,49213
2020,Webster County; Kentucky,13021,6408,6613,96.9,821,802,877,758,826,1584,1531,1679,776,1089,1338,755,185,40.8,3025,10351,9996,9663,2954,2278,9996,4967,5029,98.8,2278,1050,1228,85.5,13021,12461,560,12461,11720,533,5,0,0,0,0,8,0,21,233,6,0,2,0,0,0,13,4,9,0,0,182,560,125,78,0,0,13021,12175,705,83,8,114,496,13021,729,206,0,6,517,12292,11497,510,5,8,13,1,258,15,243,5979,9666,4786,4880
2020,Woodford County; Kentucky,26486,12541,13945,89.9,1531,1551,1623,1938,1485,2660,3274,3493,1866,2248,3036,1320,461,42.4,5867,21376,20619,19431,6163,4817,20619,9694,10925,88.7,4817,2131,2686,79.3,26486,25734,752,25734,24216,1058,0,0,0,0,0,115,0,21,239,15,12,0,11,0,77,0,0,0,0,0,345,752,455,109,118,0,26486,24942,1544,132,251,18,388,26486,1761,1646,57,12,46,24725,22830,1044,0,115,0,27,709,0,709,11230,19556,9089,10467
2020,Barren County; Kentucky,44026,21161,22865,92.5,2791,2566,3327,2681,2593,5189,5250,5953,3039,2955,4417,2352,913,40.4,10430,34750,33596,32207,9366,7682,33596,15969,17627,90.6,7682,3339,4343,76.9,44026,42555,1471,42555,40611,1526,33,0,0,0,0,161,0,21,009,52,61,12,36,0,0,0,0,0,0,0,224,1471,643,222,237,0,44026,42070,2287,282,398,16,551,44026,1470,752,82,90,546,42556,39678,1495,33,161,0,54,1135,0,1135,19807,33042,15781,17261
