year,county_name,employment_status_population_16_years_and_over,employment_status_in_labor_force,employment_status_in_labor_force_civilian_labor_fo,employment_status_in_labor_force_civilian_labor_fo,employment_status_in_labor_force_civilian_labor_fo,employment_status_in_labor_force_armed_forces,employment_status_not_in_labor_force,employment_status_civilian_labor_force,employment_status_percent_unemployed,employment_status_females_16_years_and_over,employment_status_in_labor_force,employment_status_in_labor_force_civilian_labor_fo,employment_status_in_labor_force_civilian_labor_fo,employment_status_own_children_under_6_years,employment_status_all_parents_in_family_in_labor_f,employment_status_own_children_6_to_17_years,employment_status_all_parents_in_family_in_labor_f,commuting_to_work_workers_16_years_and_over,commuting_to_work_car_truck_or_van____drove_alone,commuting_to_work_car_truck_or_van____carpooled,commuting_to_work_public_transportation_excluding_,commuting_to_work_walked,commuting_to_work_other_means,commuting_to_work_worked_at_home,commuting_to_work_mean_travel_time_to_work_minutes,occupation_civilian_employed_population_16_years_a,occupation_management_business_science_and_arts_oc,occupation_service_occupations,occupation_sales_and_office_occupations,occupation_natural_resources_construction_and_main,occupation_production_transportation_and_material_,industry_civilian_employed_population_16_years_and,industry_agriculture_forestry_fishing_and_hunting_,industry_construction,industry_manufacturing,state_fips,county_fips,industry_wholesale_trade,industry_retail_trade,industry_transportation_and_warehousing_and_utilit,industry_information,industry_finance_and_insurance_and_real_estate_and,industry_professional_scientific_and_management_an,industry_educational_services_and_health_care_and_,industry_arts_entertainment_and_recreation_and_acc,industry_other_services_except_public_administrati,industry_public_administration,class_of_worker_civilian_employed_population_16_ye,class_of_worker_private_wage_and_salary_workers,class_of_worker_government_workers,class_of_worker_self_employed_in_own_not_incorpora,class_of_worker_unpaid_family_workers,income_and_benefits_in_2010_inflation_adjusted_dol,income_and_benefits_in_2010_inflation_adjusted_dol,income_and_benefits_in_2010_inflation_adjusted_dol,income_and_benefits_in_2010_inflation_adjusted_dol,income_and_benefits_in_2010_inflation_adjusted_dol,income_and_benefits_in_2010_inflation_adjusted_dol,income_and_benefits_in_2010_inflation_adjusted_dol,income_and_benefits_in_2010_inflation_adjusted_dol,income_and_benefits_in_2010_inflation_adjusted_dol,income_and_benefits_in_2010_inflation_adjusted_dol,income_and_benefits_in_2010_inflation_adjusted_dol,income_and_benefits_in_2010_inflation_adjusted_dol,income_and_benefits_in_2010_inflation_adjusted_dol,income_and_benefits_in_2010_inflation_adjusted_dol,income_and_benefits_in_2010_inflation_adjusted_dol,income_and_benefits_in_2010_inflation_adjusted_dol,income_and_benefits_in_2010_inflation_adjusted_dol,income_and_benefits_in_2010_inflation_adjusted_dol,income_and_benefits_in_2010_inflation_adjusted_dol,income_and_benefits_in_2010_inflation_adjusted_dol,income_and_benefits_in_2010_inflation_adjusted_dol,income_and_benefits_in_2010_inflation_adjusted_dol,income_and_benefits_in_2010_inflation_adjusted_dol,income_and_benefits_in_2010_inflation_adjusted_dol,income_and_benefits_in_2010_inflation_adjusted_dol,income_and_benefits_in_2010_inflation_adjusted_dol,income_and_benefits_in_2010_inflation_adjusted_dol,income_and_benefits_in_2010_inflation_adjusted_dol,income_and_benefits_in_2010_inflation_adjusted_dol,income_and_benefits_in_2010_inflation_adjusted_dol,income_and_benefits_in_2010_inflation_adjusted_dol,income_and_benefits_in_2010_inflation_adjusted_dol,income_and_benefits_in_2010_inflation_adjusted_dol,income_and_benefits_in_2010_inflation_adjusted_dol,income_and_benefits_in_2010_inflation_adjusted_dol,income_and_benefits_in_2010_inflation_adjusted_dol,income_and_benefits_in_2010_inflation_adjusted_dol,income_and_benefits_in_2010_inflation_adjusted_dol,income_and_benefits_in_2010_inflation_adjusted_dol,income_and_benefits_in_2010_inflation_adjusted_dol,income_and_benefits_in_2010_inflation_adjusted_dol,income_and_benefits_in_2010_inflation_adjusted_dol,income_and_benefits_in_2010_inflation_adjusted_dol,income_and_benefits_in_2010_inflation_adjusted_dol,health_insurance_coverage_civilian_noninstitutiona,health_insurance_coverage_with_health_insurance_co,health_insurance_coverage_with_health_insurance_co,health_insurance_coverage_with_health_insurance_co,health_insurance_coverage_no_health_insurance_cove,health_insurance_coverage_civilian_noninstitutiona,health_insurance_coverage_no_health_insurance_cove,health_insurance_coverage_civilian_noninstitutiona,health_insurance_coverage_in_labor_force,health_insurance_coverage_in_labor_force_employed,health_insurance_coverage_in_labor_force_employed_,health_insurance_coverage_in_labor_force_employed_,health_insurance_coverage_in_labor_force_employed_,health_insurance_coverage_in_labor_force_employed_,health_insurance_coverage_in_labor_force_unemploye,health_insurance_coverage_in_labor_force_unemploye,health_insurance_coverage_in_labor_force_unemploye,health_insurance_coverage_in_labor_force_unemploye,health_insurance_coverage_in_labor_force_unemploye,health_insurance_coverage_not_in_labor_force,health_insurance_coverage_not_in_labor_force_with_,health_insurance_coverage_not_in_labor_force_with_,health_insurance_coverage_not_in_labor_force_with_,health_insurance_coverage_not_in_labor_force_no_he,percentage_of_families_and_people_whose_income_in_,percentage_of_families_and_people_whose_income_in_,percentage_of_families_and_people_whose_income_in_,percentage_of_families_and_people_whose_income_in_,percentage_of_families_and_people_whose_income_in_,percentage_of_families_and_people_whose_income_in_,percentage_of_families_and_people_whose_income_in_,percentage_of_families_and_people_whose_income_in_,percentage_of_families_and_people_whose_income_in_,percentage_of_families_and_people_whose_income_in_,percentage_of_families_and_people_whose_income_in_,percentage_of_families_and_people_whose_income_in_,percentage_of_families_and_people_whose_income_in_,percentage_of_families_and_people_whose_income_in_,percentage_of_families_and_people_whose_income_in_,percentage_of_families_and_people_whose_income_in_,percentage_of_families_and_people_whose_income_in_,percentage_of_families_and_people_whose_income_in_,percentage_of_families_and_people_whose_income_in_
2010,Bernalillo County; New Mexico,508447,337636,334939,313659,21280,2697,170811,334939,-888888888,262251,159644,159178,149956,50587,31354,97712,68792,309088,242384,35356,5819,5858,7013,12658,21.9,313659,121655,56220,78064,30754,26966,313659,2610,26578,18728,35,001,8754,35101,12265,7218,18283,42374,73186,33771,14822,19969,313659,232838,61754,18587,480,259165,21205,14464,29269,30949,38885,47995,29554,28906,10657,7281,47481,63880,210049,62307,63526,14941,48222,25629,10017,7844,5192,3182,22290,159338,9033,5228,14723,15373,22611,31141,22042,23615,9278,6294,59809,75638,26143,99827,31740,42296,27353,42189,34432,-888888888,-888888888,-888888888,-888888888,-888888888,-888888888,-888888888,-888888888,-888888888,-888888888,-888888888,-888888888,-888888888,-888888888,-888888888,-888888888,-888888888,-888888888,-888888888,-888888888,-888888888,-888888888,-888888888,-888888888,-888888888,-888888888,-888888888,-888888888,-888888888,-888888888,-888888888,-888888888,-888888888,-888888888,-888888888,-888888888,-888888888,-888888888,-888888888,-888888888,-888888888,-888888888,-888888888
2010,Catron County; New Mexico,3332,1396,1396,1292,104,0,1936,1396,-888888888,1547,609,609,567,69,25,284,157,1266,912,177,0,70,17,90,27.9,1292,253,236,275,400,128,1292,326,197,27,35,003,23,216,49,28,29,56,250,77,7,7,1292,601,334,308,49,1824,192,188,413,197,284,308,174,38,28,2,31914,40067,954,46171,983,14514,420,22049,54,6706,80,2760,123,1076,58,87,231,112,181,221,136,34,14,2,40906,45402,20895,748,22910,32080,24375,46304,23325,-888888888,-888888888,-888888888,-888888888,-888888888,-888888888,-888888888,-888888888,-888888888,-888888888,-888888888,-888888888,-888888888,-888888888,-888888888,-888888888,-888888888,-888888888,-888888888,-888888888,-888888888,-888888888,-888888888,-888888888,-888888888,-888888888,-888888888,-888888888,-888888888,-888888888,-888888888,-888888888,-888888888,-888888888,-888888888,-888888888,-888888888,-888888888,-888888888,-888888888,-888888888,-888888888,-888888888
2010,Chaves County; New Mexico,48503,28719,28607,26840,1767,112,19784,28607,-888888888,24923,13631,13631,12884,5591,3618,10930,7611,25911,19724,4412,68,600,187,920,16.5,26840,7032,5969,6887,3926,3026,26840,2292,2097,1572,35,005,703,3559,1368,338,1269,1430,6937,2593,1370,1312,26840,20120,4580,2057,83,23479,2315,1744,3773,3134,3785,4152,2481,1435,354,306,37524,49457,18093,48976,7885,13510,4180,18787,1260,7702,863,2822,3429,16384,706,1000,2507,2225,2791,3445,1954,1159,329,268,43464,55593,18504,7095,21734,31400,21144,37573,26250,-888888888,-888888888,-888888888,-888888888,-888888888,-888888888,-888888888,-888888888,-888888888,-888888888,-888888888,-888888888,-888888888,-888888888,-888888888,-888888888,-888888888,-888888888,-888888888,-888888888,-888888888,-888888888,-888888888,-888888888,-888888888,-888888888,-888888888,-888888888,-888888888,-888888888,-888888888,-888888888,-888888888,-888888888,-888888888,-888888888,-888888888,-888888888,-888888888,-888888888,-888888888,-888888888,-888888888
2010,Cibola County; New Mexico,20918,10628,10628,8753,1875,0,10290,10628,-888888888,10277,4965,4965,4064,2118,1321,4493,3282,8517,6435,1332,12,315,35,388,26.0,8753,1958,2282,1838,1570,1105,8753,378,980,430,35,006,261,1130,439,46,323,290,1985,1133,337,1021,8753,4984,3018,580,171,8089,1139,628,1126,889,1671,1459,673,377,73,54,37361,43767,5880,46298,2389,13312,1380,18495,650,7634,229,4119,1196,5734,566,384,771,594,1278,1197,523,333,34,54,41187,47742,14712,2355,18420,29681,21278,36027,25318,-888888888,-888888888,-888888888,-888888888,-888888888,-888888888,-888888888,-888888888,-888888888,-888888888,-888888888,-888888888,-888888888,-888888888,-888888888,-888888888,-888888888,-888888888,-888888888,-888888888,-888888888,-888888888,-888888888,-888888888,-888888888,-888888888,-888888888,-888888888,-888888888,-888888888,-888888888,-888888888,-888888888,-888888888,-888888888,-888888888,-888888888,-888888888,-888888888,-888888888,-888888888,-888888888,-888888888
2010,Colfax County; New Mexico,11337,6691,6691,6186,505,0,4646,6691,-888888888,5676,3210,3210,2949,882,617,1898,1455,6022,4599,922,13,242,83,163,16.3,6186,1711,1477,1446,805,747,6186,516,393,273,35,007,13,769,364,127,401,380,1230,946,241,533,6186,4104,1459,618,5,5768,567,524,834,647,1030,1128,540,353,74,71,39216,48727,4213,45227,2303,14887,1202,20681,346,7200,188,1420,534,3495,133,161,571,364,596,819,430,305,69,47,48450,57363,21047,2273,26589,34253,19861,35849,23977,-888888888,-888888888,-888888888,-888888888,-888888888,-888888888,-888888888,-888888888,-888888888,-888888888,-888888888,-888888888,-888888888,-888888888,-888888888,-888888888,-888888888,-888888888,-888888888,-888888888,-888888888,-888888888,-888888888,-888888888,-888888888,-888888888,-888888888,-888888888,-888888888,-888888888,-888888888,-888888888,-888888888,-888888888,-888888888,-888888888,-888888888,-888888888,-888888888,-888888888,-888888888,-888888888,-888888888
2010,Curry County; New Mexico,35166,23011,21571,20417,1154,1440,12155,21571,-888888888,17770,10103,9941,9499,4566,2602,7234,4668,21357,17188,2461,65,606,281,756,15.3,20417,5202,4245,5055,3816,2099,20417,1386,1706,1047,35,009,548,2732,1263,350,677,1174,4754,1845,996,1939,20417,14637,4545,1219,16,17318,2024,1360,2267,2318,2561,3184,1698,1409,296,201,38090,50713,14067,48165,4709,14262,2921,18490,799,8282,591,2454,2806,11606,842,488,1413,1391,1815,2508,1513,1220,251,165,48933,59258,19925,5712,20749,30860,21413,35743,26585,-888888888,-888888888,-888888888,-888888888,-888888888,-888888888,-888888888,-888888888,-888888888,-888888888,-888888888,-888888888,-888888888,-888888888,-888888888,-888888888,-888888888,-888888888,-888888888,-888888888,-888888888,-888888888,-888888888,-888888888,-888888888,-888888888,-888888888,-888888888,-888888888,-888888888,-888888888,-888888888,-888888888,-888888888,-888888888,-888888888,-888888888,-888888888,-888888888,-888888888,-888888888,-888888888,-888888888
2010,De Baca County; New Mexico,1435,746,746,724,22,0,689,746,-888888888,801,383,383,383,156,117,203,161,717,550,84,0,35,10,38,18.5,724,264,121,155,101,83,724,128,57,50,35,011,7,81,50,5,26,20,185,52,25,38,724,403,190,115,16,784,92,63,173,120,99,132,27,50,21,7,30643,44386,505,49546,323,13312,147,16567,56,9538,11,1455,79,516,33,19,99,96,64,114,20,50,21,0,36618,51303,20769,268,18276,30214,21892,27460,20980,-888888888,-888888888,-888888888,-888888888,-888888888,-888888888,-888888888,-888888888,-888888888,-888888888,-888888888,-888888888,-888888888,-888888888,-888888888,-888888888,-888888888,-888888888,-888888888,-888888888,-888888888,-888888888,-888888888,-888888888,-888888888,-888888888,-888888888,-888888888,-888888888,-888888888,-888888888,-888888888,-888888888,-888888888,-888888888,-888888888,-888888888,-888888888,-888888888,-888888888,-888888888,-888888888,-888888888
2010,Doña Ana County; New Mexico,153314,93816,92899,84880,8019,917,59498,92899,-888888888,79033,44261,44003,40106,17949,11114,33867,23529,84249,66885,9608,341,2423,1287,3705,18.9,84880,27404,18239,19907,11318,8012,84880,2969,6842,4282,35,013,1694,9677,3754,1366,3631,7254,24339,8309,4545,6218,84880,57381,20588,6745,166,71748,7426,6468,12068,8749,10437,11581,6594,5836,1522,1067,36657,50366,56626,48682,19884,13898,13597,22963,3082,7987,1345,2870,9396,50020,3488,3733,8078,5814,7120,9139,5340,5013,1310,985,43184,56960,18315,21728,23545,33048,19135,33510,25217,-888888888,-888888888,-888888888,-888888888,-888888888,-888888888,-888888888,-888888888,-888888888,-888888888,-888888888,-888888888,-888888888,-888888888,-888888888,-888888888,-888888888,-888888888,-888888888,-888888888,-888888888,-888888888,-888888888,-888888888,-888888888,-888888888,-888888888,-888888888,-888888888,-888888888,-888888888,-888888888,-888888888,-888888888,-888888888,-888888888,-888888888,-888888888,-888888888,-888888888,-888888888,-888888888,-888888888
2010,Eddy County; New Mexico,40247,25679,25679,23792,1887,0,14568,25679,-888888888,20542,11573,11573,10787,4162,2846,8438,5387,22937,17131,3661,207,491,398,1049,17.4,23792,7125,4002,5681,4217,2767,23792,4123,1660,1012,35,015,473,2375,1243,272,1075,1870,5161,2114,873,1541,23792,17433,4676,1629,54,19320,1347,1220,2387,2528,2686,3502,2302,1993,813,542,46583,65000,15384,65081,6249,14506,3290,16597,1065,7638,474,1597,2410,13411,429,371,1445,1816,1720,2817,1966,1665,726,456,56646,74680,24587,5909,26157,40905,26791,49788,30158,-888888888,-888888888,-888888888,-888888888,-888888888,-888888888,-888888888,-888888888,-888888888,-888888888,-888888888,-888888888,-888888888,-888888888,-888888888,-888888888,-888888888,-888888888,-888888888,-888888888,-888888888,-888888888,-888888888,-888888888,-888888888,-888888888,-888888888,-888888888,-888888888,-888888888,-888888888,-888888888,-888888888,-888888888,-888888888,-888888888,-888888888,-888888888,-888888888,-888888888,-888888888,-888888888,-888888888
2010,Grant County; New Mexico,24135,13501,13447,12387,1060,54,10634,13447,-888888888,12365,6613,6603,6025,1984,1088,4027,2879,11850,8741,1426,27,385,280,991,17.7,12387,4365,2265,2754,2002,1001,12387,1547,935,169,35,017,61,1310,404,273,571,714,4142,941,635,685,12387,7615,3754,986,32,12531,904,893,2221,1935,2010,2080,1338,877,170,103,36591,49458,8795,48273,5506,15242,3738,14517,718,8878,482,2126,1124,8348,471,335,1214,1159,1584,1585,1039,741,117,103,44360,56210,21164,4183,24563,33696,21711,38731,27161,-888888888,-888888888,-888888888,-888888888,-888888888,-888888888,-888888888,-888888888,-888888888,-888888888,-888888888,-888888888,-888888888,-888888888,-888888888,-888888888,-888888888,-888888888,-888888888,-888888888,-888888888,-888888888,-888888888,-888888888,-888888888,-888888888,-888888888,-888888888,-888888888,-888888888,-888888888,-888888888,-888888888,-888888888,-888888888,-888888888,-888888888,-888888888,-888888888,-888888888,-888888888,-888888888,-888888888
2010,Guadalupe County; New Mexico,3925,1670,1670,1609,61,0,2255,1670,-888888888,1464,789,789,748,168,55,700,587,1580,1331,146,18,36,0,49,16.2,1609,391,331,456,304,127,1609,95,210,0,35,019,19,245,59,33,56,92,252,315,62,171,1609,1067,429,113,0,1492,190,213,256,173,262,239,90,61,0,8,28488,37883,1094,39274,554,11265,240,18104,59,6327,15,10373,143,979,119,100,124,78,198,235,90,27,0,8,37535,43221,13710,513,17656,25341,20082,36494,23984,-888888888,-888888888,-888888888,-888888888,-888888888,-888888888,-888888888,-888888888,-888888888,-888888888,-888888888,-888888888,-888888888,-888888888,-888888888,-888888888,-888888888,-888888888,-888888888,-888888888,-888888888,-888888888,-888888888,-888888888,-888888888,-888888888,-888888888,-888888888,-888888888,-888888888,-888888888,-888888888,-888888888,-888888888,-888888888,-888888888,-888888888,-888888888,-888888888,-888888888,-888888888,-888888888,-888888888
2010,Harding County; New Mexico,708,360,360,335,25,0,348,360,-888888888,329,158,158,147,127,116,170,144,335,275,29,3,6,2,20,18.3,335,76,69,95,68,27,335,34,57,14,35,021,0,0,59,0,4,13,83,11,53,7,335,126,129,78,2,321,33,39,30,63,50,64,25,11,2,4,33750,43660,211,51591,128,10653,52,17152,15,8313,6,4617,19,197,2,16,13,21,41,66,23,9,2,4,56563,57635,14684,124,19643,20962,28177,36167,29111,-888888888,-888888888,-888888888,-888888888,-888888888,-888888888,-888888888,-888888888,-888888888,-888888888,-888888888,-888888888,-888888888,-888888888,-888888888,-888888888,-888888888,-888888888,-888888888,-888888888,-888888888,-888888888,-888888888,-888888888,-888888888,-888888888,-888888888,-888888888,-888888888,-888888888,-888888888,-888888888,-888888888,-888888888,-888888888,-888888888,-888888888,-888888888,-888888888,-888888888,-888888888,-888888888,-888888888
2010,Hidalgo County; New Mexico,3780,2430,2430,2182,248,0,1350,2430,-888888888,2035,1187,1187,1046,503,307,720,550,2126,1500,407,0,128,13,78,16.6,2182,660,550,440,316,216,2182,306,231,19,35,023,19,211,51,62,93,70,484,365,69,202,2182,1255,721,174,32,1705,232,218,205,167,225,299,219,109,31,0,36733,45508,1294,46558,625,13852,253,17732,90,8584,68,1928,231,1254,138,87,161,112,212,232,191,109,12,0,41594,50094,17451,451,13990,30597,18519,43531,23482,-888888888,-888888888,-888888888,-888888888,-888888888,-888888888,-888888888,-888888888,-888888888,-888888888,-888888888,-888888888,-888888888,-888888888,-888888888,-888888888,-888888888,-888888888,-888888888,-888888888,-888888888,-888888888,-888888888,-888888888,-888888888,-888888888,-888888888,-888888888,-888888888,-888888888,-888888888,-888888888,-888888888,-888888888,-888888888,-888888888,-888888888,-888888888,-888888888,-888888888,-888888888,-888888888,-888888888
2010,Lea County; New Mexico,46517,27355,27330,25204,2126,25,19162,27330,-888888888,22828,11514,11514,10895,6379,3260,10418,7004,24477,19337,3569,0,428,462,681,17.6,25204,6135,4355,5862,4941,3911,25204,4903,2079,1116,35,025,602,2522,1745,257,1049,1383,5219,1778,1244,1307,25204,18801,4207,1988,208,21255,1750,1291,2709,2773,3324,4084,2351,2073,546,354,43910,56346,17186,58194,5920,14526,3143,17005,961,7290,509,2420,2151,15596,1190,648,1670,1947,2447,3152,2004,1752,535,251,48980,60855,19637,5659,27569,38724,26320,44714,25847,-888888888,-888888888,-888888888,-888888888,-888888888,-888888888,-888888888,-888888888,-888888888,-888888888,-888888888,-888888888,-888888888,-888888888,-888888888,-888888888,-888888888,-888888888,-888888888,-888888888,-888888888,-888888888,-888888888,-888888888,-888888888,-888888888,-888888888,-888888888,-888888888,-888888888,-888888888,-888888888,-888888888,-888888888,-888888888,-888888888,-888888888,-888888888,-888888888,-888888888,-888888888,-888888888,-888888888
2010,Lincoln County; New Mexico,17075,9656,9656,9173,483,0,7419,9656,-888888888,8824,4609,4609,4362,1068,711,2644,1674,8877,5946,1459,23,368,76,1005,16.6,9173,2759,2427,2025,1357,605,9173,503,942,70,35,027,57,1242,371,181,554,542,1523,2053,633,502,9173,6072,1900,1186,15,8629,766,450,1053,1114,1606,1646,1038,624,197,135,43750,54849,5956,49076,3550,16926,1952,24017,273,9523,273,2185,999,5362,202,146,385,593,1068,1235,926,548,142,117,53871,66230,24290,3267,25582,35097,22543,34306,29836,-888888888,-888888888,-888888888,-888888888,-888888888,-888888888,-888888888,-888888888,-888888888,-888888888,-888888888,-888888888,-888888888,-888888888,-888888888,-888888888,-888888888,-888888888,-888888888,-888888888,-888888888,-888888888,-888888888,-888888888,-888888888,-888888888,-888888888,-888888888,-888888888,-888888888,-888888888,-888888888,-888888888,-888888888,-888888888,-888888888,-888888888,-888888888,-888888888,-888888888,-888888888,-888888888,-888888888
2010,Los Alamos County; New Mexico,14232,9663,9656,9424,232,7,4569,9656,-888888888,7124,4196,4189,4056,1216,625,3138,2215,9205,7121,950,89,528,220,297,15.9,9424,6305,854,1424,513,328,9424,46,372,136,35,028,9,588,101,212,370,4763,1630,431,259,507,9424,5871,3088,454,11,7566,100,40,266,331,675,1141,1029,1973,1078,933,103643,117400,6343,104998,1581,16366,2111,60188,124,8774,53,5613,185,5248,66,5,52,92,328,542,802,1570,965,826,118993,135183,49474,2318,60353,74613,52463,93040,51753,-888888888,-888888888,-888888888,-888888888,-888888888,-888888888,-888888888,-888888888,-888888888,-888888888,-888888888,-888888888,-888888888,-888888888,-888888888,-888888888,-888888888,-888888888,-888888888,-888888888,-888888888,-888888888,-888888888,-888888888,-888888888,-888888888,-888888888,-888888888,-888888888,-888888888,-888888888,-888888888,-888888888,-888888888,-888888888,-888888888,-888888888,-888888888,-888888888,-888888888,-888888888,-888888888,-888888888
2010,Luna County; New Mexico,19123,9966,9966,8601,1365,0,9157,9966,-888888888,9885,4634,4634,3976,2205,1581,4500,3114,8418,6143,1040,67,341,224,603,17.9,8601,1918,2042,2090,1356,1195,8601,681,595,642,35,029,383,1079,456,114,282,414,1844,923,388,800,8601,5609,2017,899,76,9204,1710,903,1594,1484,1130,1451,440,304,76,112,27997,39668,5779,37756,3939,14008,2250,20150,476,6803,248,3538,1396,6190,670,395,1116,1124,883,1165,363,302,60,112,33312,47541,15687,3014,14414,22172,16132,31905,19865,-888888888,-888888888,-888888888,-888888888,-888888888,-888888888,-888888888,-888888888,-888888888,-888888888,-888888888,-888888888,-888888888,-888888888,-888888888,-888888888,-888888888,-888888888,-888888888,-888888888,-888888888,-888888888,-888888888,-888888888,-888888888,-888888888,-888888888,-888888888,-888888888,-888888888,-888888888,-888888888,-888888888,-888888888,-888888888,-888888888,-888888888,-888888888,-888888888,-888888888,-888888888,-888888888,-888888888
2010,McKinley County; New Mexico,50802,26324,26300,23970,2330,24,24478,26300,-888888888,26603,13070,13070,11917,6698,4119,14756,9476,23617,17957,2081,61,618,558,2342,22.4,23970,6187,5690,5504,2622,3967,23970,618,1557,2137,35,031,505,3580,803,200,965,910,7343,2130,994,2228,23970,14013,7908,1891,158,17631,3023,1463,2721,2285,2516,2655,1293,1239,271,165,31335,43497,12970,47778,4610,11044,2696,17071,1804,6563,1005,5415,2436,12389,1419,974,1629,1816,1894,2171,1113,993,249,131,37345,48963,12932,5242,20076,28153,20076,31527,26236,-888888888,-888888888,-888888888,-888888888,-888888888,-888888888,-888888888,-888888888,-888888888,-888888888,-888888888,-888888888,-888888888,-888888888,-888888888,-888888888,-888888888,-888888888,-888888888,-888888888,-888888888,-888888888,-888888888,-888888888,-888888888,-888888888,-888888888,-888888888,-888888888,-888888888,-888888888,-888888888,-888888888,-888888888,-888888888,-888888888,-888888888,-888888888,-888888888,-888888888,-888888888,-888888888,-888888888
2010,Mora County; New Mexico,3935,2289,2289,2230,59,0,1646,2289,-888888888,1809,975,975,932,234,180,824,462,2139,1380,410,5,83,147,114,31.6,2230,670,252,665,526,117,2230,152,330,107,35,033,23,137,162,0,36,182,740,82,69,210,2230,942,931,335,22,1815,210,233,213,166,342,277,130,127,112,5,37784,49486,1388,48621,846,12429,318,20911,71,5238,37,2427,237,1117,44,82,134,139,222,227,99,86,84,0,42122,56051,22035,698,21042,36922,23564,42992,42630,-888888888,-888888888,-888888888,-888888888,-888888888,-888888888,-888888888,-888888888,-888888888,-888888888,-888888888,-888888888,-888888888,-888888888,-888888888,-888888888,-888888888,-888888888,-888888888,-888888888,-888888888,-888888888,-888888888,-888888888,-888888888,-888888888,-888888888,-888888888,-888888888,-888888888,-888888888,-888888888,-888888888,-888888888,-888888888,-888888888,-888888888,-888888888,-888888888,-888888888,-888888888,-888888888,-888888888
2010,Otero County; New Mexico,49171,28956,26568,24218,2350,2388,20215,26568,-888888888,24567,12735,12365,11159,5305,3172,9151,5684,25957,20631,3605,100,443,341,837,20.0,24218,6820,5458,5999,3777,2164,24218,410,2302,806,35,035,226,3188,1025,320,1204,1873,5154,2449,1436,3825,24218,15142,7118,1792,166,24031,2283,1582,3256,3431,4493,4545,2253,1651,302,235,39615,49026,18201,46992,7521,13874,6279,20573,994,8238,541,3298,2469,16809,942,821,2068,2243,3069,3657,1963,1538,290,218,46210,56099,19255,7222,25757,30661,21521,32939,25965,-888888888,-888888888,-888888888,-888888888,-888888888,-888888888,-888888888,-888888888,-888888888,-888888888,-888888888,-888888888,-888888888,-888888888,-888888888,-888888888,-888888888,-888888888,-888888888,-888888888,-888888888,-888888888,-888888888,-888888888,-888888888,-888888888,-888888888,-888888888,-888888888,-888888888,-888888888,-888888888,-888888888,-888888888,-888888888,-888888888,-888888888,-888888888,-888888888,-888888888,-888888888,-888888888,-888888888
2010,Quay County; New Mexico,7291,3828,3828,3525,303,0,3463,3828,-888888888,3801,1839,1839,1618,659,531,1204,835,3313,2485,411,0,222,22,173,19.3,3525,1086,753,717,673,296,3525,379,594,124,35,037,7,280,201,47,171,82,800,330,247,263,3525,2268,791,431,35,3840,670,385,606,489,498,590,352,187,41,22,28773,40708,2439,41778,1584,13522,768,20419,249,6063,177,5247,483,2263,163,160,280,350,306,488,307,146,41,22,41766,51450,18234,1577,15965,23653,20486,29769,32462,-888888888,-888888888,-888888888,-888888888,-888888888,-888888888,-888888888,-888888888,-888888888,-888888888,-888888888,-888888888,-888888888,-888888888,-888888888,-888888888,-888888888,-888888888,-888888888,-888888888,-888888888,-888888888,-888888888,-888888888,-888888888,-888888888,-888888888,-888888888,-888888888,-888888888,-888888888,-888888888,-888888888,-888888888,-888888888,-888888888,-888888888,-888888888,-888888888,-888888888,-888888888,-888888888,-888888888
2010,Rio Arriba County; New Mexico,31296,19159,19149,17117,2032,10,12137,19149,-888888888,15850,9471,9464,8662,3208,2422,6075,4750,16311,11882,2963,242,319,217,688,28.5,17117,5488,3955,3657,2633,1384,17117,416,1877,376,35,039,121,1399,745,210,686,2705,3753,2123,570,2136,17117,9143,6681,1132,161,14934,1699,1262,1528,1845,2439,2738,1428,1583,290,122,41437,51637,11190,52758,4819,12915,3041,21947,1090,6424,407,3241,1593,10483,800,641,1172,1180,1712,2013,1176,1405,286,98,47840,58152,19913,4451,25715,31790,25519,39757,31657,-888888888,-888888888,-888888888,-888888888,-888888888,-888888888,-888888888,-888888888,-888888888,-888888888,-888888888,-888888888,-888888888,-888888888,-888888888,-888888888,-888888888,-888888888,-888888888,-888888888,-888888888,-888888888,-888888888,-888888888,-888888888,-888888888,-888888888,-888888888,-888888888,-888888888,-888888888,-888888888,-888888888,-888888888,-888888888,-888888888,-888888888,-888888888,-888888888,-888888888,-888888888,-888888888,-888888888
2010,Roosevelt County; New Mexico,14851,8932,8847,7958,889,85,5919,8847,-888888888,7456,4133,4133,3903,1697,835,2912,1655,7815,6160,725,0,305,183,442,14.6,7958,2581,1465,1831,1215,866,7958,826,454,501,35,041,44,985,618,121,307,309,2676,543,243,331,7958,5084,2179,666,29,6794,761,683,907,872,1231,1113,721,350,82,74,37762,46834,5537,45463,2129,12287,1062,16873,402,6414,218,1657,705,4604,344,307,595,636,802,841,647,329,50,53,43536,52966,16933,2190,21440,31188,17811,37719,21916,-888888888,-888888888,-888888888,-888888888,-888888888,-888888888,-888888888,-888888888,-888888888,-888888888,-888888888,-888888888,-888888888,-888888888,-888888888,-888888888,-888888888,-888888888,-888888888,-888888888,-888888888,-888888888,-888888888,-888888888,-888888888,-888888888,-888888888,-888888888,-888888888,-888888888,-888888888,-888888888,-888888888,-888888888,-888888888,-888888888,-888888888,-888888888,-888888888,-888888888,-888888888,-888888888,-888888888
2010,Sandoval County; New Mexico,94571,61268,60905,56828,4077,363,33303,60905,-888888888,49095,29437,29399,27434,10412,6169,21453,15315,55566,43443,6468,543,815,1118,3179,29.0,56828,21508,8521,16108,5744,4947,56828,669,4331,6141,35,043,1331,7103,2434,1303,3625,6746,11155,5305,2266,4419,56828,41847,11358,3558,65,44860,2551,2075,4210,3715,6957,9388,6483,6352,1606,1523,57158,70729,36534,69070,12191,15035,9448,23823,1841,8143,927,2815,3335,32686,1275,857,2341,2428,4920,6908,5539,5664,1393,1361,65906,79364,25979,12174,34441,43468,31571,48967,35101,-888888888,-888888888,-888888888,-888888888,-888888888,-888888888,-888888888,-888888888,-888888888,-888888888,-888888888,-888888888,-888888888,-888888888,-888888888,-888888888,-888888888,-888888888,-888888888,-888888888,-888888888,-888888888,-888888888,-888888888,-888888888,-888888888,-888888888,-888888888,-888888888,-888888888,-888888888,-888888888,-888888888,-888888888,-888888888,-888888888,-888888888,-888888888,-888888888,-888888888,-888888888,-888888888,-888888888
2010,San Juan County; New Mexico,94308,55318,55277,52735,2542,41,38990,55277,-888888888,47821,24718,24704,23716,12442,6018,22304,13698,51956,43863,4739,44,956,431,1923,24.9,52735,14236,8903,12349,9695,7552,52735,6895,4328,1875,35,045,1671,6244,4490,630,1951,2906,11766,4531,2527,2921,52735,39950,9721,2973,91,41767,4247,2606,4444,4740,6543,6996,5516,4585,1253,837,46189,59861,33351,62044,10468,14426,5431,18729,2136,7390,813,4147,2679,30952,2194,1554,3077,3271,4375,5618,4875,4114,1116,758,53540,66413,20725,10815,26659,37500,28540,44984,30245,-888888888,-888888888,-888888888,-888888888,-888888888,-888888888,-888888888,-888888888,-888888888,-888888888,-888888888,-888888888,-888888888,-888888888,-888888888,-888888888,-888888888,-888888888,-888888888,-888888888,-888888888,-888888888,-888888888,-888888888,-888888888,-888888888,-888888888,-888888888,-888888888,-888888888,-888888888,-888888888,-888888888,-888888888,-888888888,-888888888,-888888888,-888888888,-888888888,-888888888,-888888888,-888888888,-888888888
2010,San Miguel County; New Mexico,23563,12240,12200,11167,1033,40,11323,12200,-888888888,11783,5846,5846,5378,1886,1121,4216,2922,10967,8572,1233,60,429,116,557,20.9,11167,3646,2641,2871,1193,816,11167,454,853,210,35,047,106,1260,548,313,522,990,3514,844,227,1326,11167,6005,4177,985,0,11786,1727,957,2251,1263,1679,1963,919,727,201,99,32213,44765,8215,46811,4043,12265,2411,20252,880,7978,371,2803,1462,7063,521,413,1213,814,1191,1385,723,565,180,58,42888,52273,18508,4723,20088,31500,21312,35176,28351,-888888888,-888888888,-888888888,-888888888,-888888888,-888888888,-888888888,-888888888,-888888888,-888888888,-888888888,-888888888,-888888888,-888888888,-888888888,-888888888,-888888888,-888888888,-888888888,-888888888,-888888888,-888888888,-888888888,-888888888,-888888888,-888888888,-888888888,-888888888,-888888888,-888888888,-888888888,-888888888,-888888888,-888888888,-888888888,-888888888,-888888888,-888888888,-888888888,-888888888,-888888888,-888888888,-888888888
2010,Santa Fe County; New Mexico,114924,76656,76445,71308,5137,211,38268,76445,-888888888,59411,36997,36956,34732,9481,6597,19408,14416,69911,50207,8659,861,1847,1485,6852,21.7,71308,29614,13451,16456,7127,4660,71308,962,6102,2007,35,049,1251,8044,1644,1725,4510,10713,13559,9395,4247,7149,71308,46527,15629,9014,138,60144,4503,3178,6886,5929,8050,11032,7330,7677,2650,2909,52696,74733,48179,66821,16949,15128,12356,29250,1616,7513,1596,3712,4064,35757,1623,980,3462,3232,4523,6770,4818,5924,2125,2300,64041,87960,32188,24387,35854,52510,26530,41703,39215,-888888888,-888888888,-888888888,-888888888,-888888888,-888888888,-888888888,-888888888,-888888888,-888888888,-888888888,-888888888,-888888888,-888888888,-888888888,-888888888,-888888888,-888888888,-888888888,-888888888,-888888888,-888888888,-888888888,-888888888,-888888888,-888888888,-888888888,-888888888,-888888888,-888888888,-888888888,-888888888,-888888888,-888888888,-888888888,-888888888,-888888888,-888888888,-888888888,-888888888,-888888888,-888888888,-888888888
2010,Sierra County; New Mexico,10072,3795,3795,3630,165,0,6277,3795,-888888888,5195,1791,1791,1667,582,363,1368,1053,3563,3022,160,0,185,4,192,14.0,3630,816,897,1023,672,222,3630,160,371,42,35,051,14,706,127,59,126,238,793,401,270,323,3630,2357,707,559,7,4747,817,723,788,629,601,732,171,197,40,49,25583,36149,2066,37793,2600,15488,1414,19370,239,7143,140,1038,583,2450,203,168,408,376,370,524,135,177,40,49,38641,48566,16667,2297,14597,22032,19355,32059,26213,-888888888,-888888888,-888888888,-888888888,-888888888,-888888888,-888888888,-888888888,-888888888,-888888888,-888888888,-888888888,-888888888,-888888888,-888888888,-888888888,-888888888,-888888888,-888888888,-888888888,-888888888,-888888888,-888888888,-888888888,-888888888,-888888888,-888888888,-888888888,-888888888,-888888888,-888888888,-888888888,-888888888,-888888888,-888888888,-888888888,-888888888,-888888888,-888888888,-888888888,-888888888,-888888888,-888888888
2010,Socorro County; New Mexico,14144,6959,6959,6546,413,0,7185,6959,-888888888,6946,3162,3162,2968,1311,844,2820,1806,6393,5165,456,16,425,138,193,18.5,6546,2477,1485,1094,884,606,6546,281,385,226,35,053,53,513,352,71,227,648,2435,699,219,437,6546,3654,2358,502,32,5996,866,530,986,732,815,1024,362,478,121,82,33284,47897,3918,49168,1886,13232,1256,23021,476,8701,227,3091,881,3826,373,272,641,421,560,697,267,412,111,72,41964,54599,17801,2170,23139,34700,20396,40295,27819,-888888888,-888888888,-888888888,-888888888,-888888888,-888888888,-888888888,-888888888,-888888888,-888888888,-888888888,-888888888,-888888888,-888888888,-888888888,-888888888,-888888888,-888888888,-888888888,-888888888,-888888888,-888888888,-888888888,-888888888,-888888888,-888888888,-888888888,-888888888,-888888888,-888888888,-888888888,-888888888,-888888888,-888888888,-888888888,-888888888,-888888888,-888888888,-888888888,-888888888,-888888888,-888888888,-888888888
2010,Taos County; New Mexico,26748,16680,16643,14617,2026,37,10068,16643,-888888888,13705,8096,8096,7139,2038,1306,4242,3227,14161,10098,1597,184,569,204,1509,20.0,14617,4537,3228,3622,2081,1149,14617,424,1492,428,35,055,174,2019,930,323,516,1347,2842,2682,616,824,14617,9627,2887,2078,25,13146,1498,1117,2112,1757,2405,1717,1077,938,263,262,35441,49151,9795,46096,4590,12504,2129,29969,669,8135,249,2604,1708,7586,449,450,928,1076,1544,1162,740,818,189,230,43236,60020,22145,5560,22729,31963,21079,34245,28325,-888888888,-888888888,-888888888,-888888888,-888888888,-888888888,-888888888,-888888888,-888888888,-888888888,-888888888,-888888888,-888888888,-888888888,-888888888,-888888888,-888888888,-888888888,-888888888,-888888888,-888888888,-888888888,-888888888,-888888888,-888888888,-888888888,-888888888,-888888888,-888888888,-888888888,-888888888,-888888888,-888888888,-888888888,-888888888,-888888888,-888888888,-888888888,-888888888,-888888888,-888888888,-888888888,-888888888
2010,Torrance County; New Mexico,13037,6357,6357,5649,708,0,6680,6357,-888888888,6334,2972,2972,2708,938,357,2886,2244,5547,4777,330,22,65,26,327,33.6,5649,1533,1172,1289,846,809,5649,156,545,413,35,057,112,718,390,87,210,661,1272,307,374,404,5649,3856,1190,603,0,5849,524,613,1023,596,1127,812,653,408,59,34,37117,46287,4049,46955,2092,15193,1434,18320,295,6963,191,2540,720,3911,166,222,528,456,839,676,585,368,59,12,43914,54803,17278,1938,17563,26997,21343,37545,28826,-888888888,-888888888,-888888888,-888888888,-888888888,-888888888,-888888888,-888888888,-888888888,-888888888,-888888888,-888888888,-888888888,-888888888,-888888888,-888888888,-888888888,-888888888,-888888888,-888888888,-888888888,-888888888,-888888888,-888888888,-888888888,-888888888,-888888888,-888888888,-888888888,-888888888,-888888888,-888888888,-888888888,-888888888,-888888888,-888888888,-888888888,-888888888,-888888888,-888888888,-888888888,-888888888,-888888888
2010,Union County; New Mexico,3322,2046,2038,1923,115,8,1276,2038,-888888888,1705,862,862,788,313,122,814,560,1842,1323,317,24,65,44,69,13.7,1923,676,319,395,453,80,1923,513,126,38,35,059,49,189,62,46,117,71,360,136,56,160,1923,1270,453,191,9,1739,132,117,257,275,355,277,166,96,18,46,39975,48488,1291,45536,695,13215,396,19752,86,6476,13,2785,108,1193,26,39,164,224,290,196,118,90,0,46,41687,53869,19228,546,23788,31322,21435,29388,23333,-888888888,-888888888,-888888888,-888888888,-888888888,-888888888,-888888888,-888888888,-888888888,-888888888,-888888888,-888888888,-888888888,-888888888,-888888888,-888888888,-888888888,-888888888,-888888888,-888888888,-888888888,-888888888,-888888888,-888888888,-888888888,-888888888,-888888888,-888888888,-888888888,-888888888,-888888888,-888888888,-888888888,-888888888,-888888888,-888888888,-888888888,-888888888,-888888888,-888888888,-888888888,-888888888,-888888888
2010,Valencia County; New Mexico,56952,32693,32632,29882,2750,61,24259,32632,-888888888,28377,15114,15114,13917,6007,3624,12691,8895,28968,22632,3862,253,465,564,1192,30.1,29882,8757,5159,7683,4686,3597,29882,568,3771,2061,35,061,574,4076,2176,657,1245,2477,6603,2035,1068,2571,29882,20716,6683,2445,38,26835,2616,1594,3630,3634,4154,4736,2943,2621,598,309,42044,53807,20962,53617,8205,14346,5152,22468,1571,8445,908,3796,3898,19529,1596,737,2398,2582,2736,4002,2336,2334,547,261,48767,59327,19955,7306,27849,35370,26689,41511,32584,-888888888,-888888888,-888888888,-888888888,-888888888,-888888888,-888888888,-888888888,-888888888,-888888888,-888888888,-888888888,-888888888,-888888888,-888888888,-888888888,-888888888,-888888888,-888888888,-888888888,-888888888,-888888888,-888888888,-888888888,-888888888,-888888888,-888888888,-888888888,-888888888,-888888888,-888888888,-888888888,-888888888,-888888888,-888888888,-888888888,-888888888,-888888888,-888888888,-888888888,-888888888,-888888888,-888888888
