year,county_name,households_by_type_total_households,households_by_type_total_households_family_househo,households_by_type_total_households_family_househo,households_by_type_total_households_family_househo,households_by_type_total_households_family_househo,households_by_type_total_households_family_househo,households_by_type_total_households_family_househo,households_by_type_total_households_family_househo,households_by_type_total_households_family_househo,households_by_type_total_households_nonfamily_hous,households_by_type_total_households_nonfamily_hous,households_by_type_total_households_nonfamily_hous,households_by_type_households_with_one_or_more_peo,households_by_type_households_with_one_or_more_peo,households_by_type_average_household_size,households_by_type_average_family_size,relationship_population_in_households,relationship_population_in_households_householder,relationship_population_in_households_spouse,relationship_population_in_households_child,relationship_population_in_households_other_relati,relationship_population_in_households_nonrelatives,relationship_population_in_households_nonrelatives,marital_status_males_15_years_and_over,marital_status_males_15_years_and_over_never_marri,marital_status_males_15_years_and_over_now_married,marital_status_males_15_years_and_over_separated,marital_status_males_15_years_and_over_widowed,marital_status_males_15_years_and_over_divorced,marital_status_females_15_years_and_over,marital_status_females_15_years_and_over_never_mar,marital_status_females_15_years_and_over_now_marri,marital_status_females_15_years_and_over_separated,marital_status_females_15_years_and_over_widowed,marital_status_females_15_years_and_over_divorced,fertility_number_of_women_15_to_50_years_old_who_h,fertility_number_of_women_15_to_50_years_old_who_h,fertility_number_of_women_15_to_50_years_old_who_h,fertility_number_of_women_15_to_50_years_old_who_h,fertility_number_of_women_15_to_50_years_old_who_h,fertility_number_of_women_15_to_50_years_old_who_h,fertility_number_of_women_15_to_50_years_old_who_h,grandparents_number_of_grandparents_living_with_ow,grandparents_number_of_grandparents_living_with_ow,grandparents_number_of_grandparents_living_with_ow,state_fips,county_fips,grandparents_number_of_grandparents_living_with_ow,grandparents_number_of_grandparents_living_with_ow,grandparents_number_of_grandparents_living_with_ow,grandparents_number_of_grandparents_responsible_fo,grandparents_number_of_grandparents_responsible_fo,grandparents_number_of_grandparents_responsible_fo,school_enrollment_population_3_years_and_over_enro,school_enrollment_population_3_years_and_over_enro,school_enrollment_population_3_years_and_over_enro,school_enrollment_population_3_years_and_over_enro,school_enrollment_population_3_years_and_over_enro,school_enrollment_population_3_years_and_over_enro,educational_attainment_population_25_years_and_ove,educational_attainment_population_25_years_and_ove,educational_attainment_population_25_years_and_ove,educational_attainment_population_25_years_and_ove,educational_attainment_population_25_years_and_ove,educational_attainment_population_25_years_and_ove,educational_attainment_population_25_years_and_ove,educational_attainment_population_25_years_and_ove,educational_attainment_percent_high_school_graduat,educational_attainment_percent_bachelors_degree_or,veteran_status_civilian_population_18_years_and_ov,veteran_status_civilian_population_18_years_and_ov,disability_status_of_the_civilian_noninstitutional,disability_status_of_the_civilian_noninstitutional,disability_status_of_the_civilian_noninstitutional,disability_status_of_the_civilian_noninstitutional,disability_status_of_the_civilian_noninstitutional,disability_status_of_the_civilian_noninstitutional,disability_status_of_the_civilian_noninstitutional,disability_status_of_the_civilian_noninstitutional,residence_1_year_ago_population_1_year_and_over,residence_1_year_ago_population_1_year_and_over_sa,residence_1_year_ago_population_1_year_and_over_di,residence_1_year_ago_population_1_year_and_over_di,residence_1_year_ago_population_1_year_and_over_di,residence_1_year_ago_population_1_year_and_over_di,residence_1_year_ago_population_1_year_and_over_di,residence_1_year_ago_population_1_year_and_over_ab,place_of_birth_total_population,place_of_birth_total_population_native,place_of_birth_total_population_native_born_in_uni,place_of_birth_total_population_native_born_in_uni,place_of_birth_total_population_native_born_in_uni,place_of_birth_total_population_native_born_in_pue,place_of_birth_total_population_foreign_born,u.s._citizenship_status_foreign_born_population,u.s._citizenship_status_foreign_born_population_na,u.s._citizenship_status_foreign_born_population_no,year_of_entry_population_born_outside_the_united_s,year_of_entry_native,year_of_entry_native_entered_2010_or_later,year_of_entry_native_entered_before_2010,year_of_entry_foreign_born,year_of_entry_foreign_born_entered_2010_or_later,year_of_entry_foreign_born_entered_before_2010,world_region_of_birth_of_foreign_born_foreign_born,world_region_of_birth_of_foreign_born_foreign_born,world_region_of_birth_of_foreign_born_foreign_born,world_region_of_birth_of_foreign_born_foreign_born,world_region_of_birth_of_foreign_born_foreign_born,world_region_of_birth_of_foreign_born_foreign_born,world_region_of_birth_of_foreign_born_foreign_born,language_spoken_at_home_population_5_years_and_ove,language_spoken_at_home_population_5_years_and_ove,language_spoken_at_home_population_5_years_and_ove,language_spoken_at_home_population_5_years_and_ove,language_spoken_at_home_population_5_years_and_ove,language_spoken_at_home_population_5_years_and_ove,language_spoken_at_home_population_5_years_and_ove,language_spoken_at_home_population_5_years_and_ove,language_spoken_at_home_population_5_years_and_ove,language_spoken_at_home_population_5_years_and_ove,language_spoken_at_home_population_5_years_and_ove,language_spoken_at_home_population_5_years_and_ove,ancestry_total_population,ancestry_total_population_american,ancestry_total_population_arab,ancestry_total_population_czech,ancestry_total_population_danish,ancestry_total_population_dutch,ancestry_total_population_english,ancestry_total_population_french_except_basque,ancestry_total_population_french_canadian,ancestry_total_population_german,ancestry_total_population_greek,ancestry_total_population_hungarian,ancestry_total_population_irish,ancestry_total_population_italian,ancestry_total_population_lithuanian,ancestry_total_population_norwegian,ancestry_total_population_polish,ancestry_total_population_portuguese,ancestry_total_population_russian,ancestry_total_population_scotch_irish,ancestry_total_population_scottish,ancestry_total_population_slovak,ancestry_total_population_subsaharan_african,ancestry_total_population_swedish,ancestry_total_population_swiss,ancestry_total_population_ukrainian,ancestry_total_population_welsh,ancestry_total_population_west_indian_excluding_hi,computers_and_internet_use_total_households,computers_and_internet_use_total_households_with_a,computers_and_internet_use_total_households_with_a
2015,Lyman County; South Dakota,1394,947,395,642,237,132,69,173,89,447,376,143,478,429,2.74,3.34,3815,1394,642,1159,413,207,107,1536,595,707,8,65,161,1387,393,663,12,164,155,41,16,37,55,18,57,68,163,81,5,46,085,23,25,28,81,46,51,930,101,74,436,251,68,2421,66,213,884,590,204,325,139,-888888888,-888888888,2737,281,3815,403,1100,45,2138,149,577,209,3787,3459,328,116,212,137,75,0,3837,3796,3785,3126,659,11,41,41,41,0,52,11,0,11,41,0,41,41,3,38,0,0,0,0,3529,3369,160,2,7,0,13,0,0,0,140,2,3837,56,46,142,38,129,100,123,28,1239,12,4,317,4,0,310,33,0,10,22,52,0,5,118,3,0,8,0,-888888888,-888888888,-888888888
2015,Deuel County; South Dakota,1900,1244,421,1087,332,59,19,98,70,656,614,220,450,581,2.25,2.83,4273,1900,1081,1093,99,100,70,1805,447,1164,9,68,117,1714,289,1121,4,157,143,53,10,34,66,0,153,18,21,19,2,46,039,3,9,5,19,7,12,887,46,60,428,255,98,3058,166,138,1248,556,328,498,124,-888888888,-888888888,3350,435,4273,637,990,51,2465,300,818,286,4279,3851,422,203,219,90,129,6,4341,4273,4267,2735,1532,6,68,68,2,66,74,6,0,6,68,6,62,68,8,0,0,0,57,3,4093,3959,134,59,81,45,44,14,4,0,5,0,4341,194,0,100,120,173,173,110,17,2150,0,0,351,35,0,1010,65,0,20,20,40,0,0,204,12,1,15,0,-888888888,-888888888,-888888888
2015,Brule County; South Dakota,2067,1485,653,1169,468,109,67,207,118,582,479,225,692,597,2.47,2.88,5104,2067,1162,1441,190,244,147,2045,600,1213,1,49,182,2183,517,1242,6,224,194,81,43,75,73,31,162,8,113,101,14,46,015,77,4,6,101,61,89,1072,51,61,557,251,152,3561,311,218,1082,661,423,576,290,-888888888,-888888888,3962,324,5190,809,1335,72,2996,418,859,319,5226,4737,479,217,262,184,78,10,5330,5307,5263,4328,935,44,23,23,7,16,67,44,10,34,23,0,23,23,17,0,0,0,0,6,4948,4394,554,95,34,8,483,87,0,0,37,0,5330,198,0,406,76,200,261,63,74,2222,8,19,685,98,0,486,53,0,43,37,73,3,0,79,17,8,14,0,-888888888,-888888888,-888888888
2015,Gregory County; South Dakota,1970,1183,463,929,292,57,24,197,147,787,736,360,481,732,2.12,2.76,4180,1970,920,1043,122,125,68,1727,433,993,28,104,169,1707,305,973,16,247,166,76,42,123,107,65,251,9,60,34,6,46,053,19,7,2,34,15,22,854,108,48,419,191,88,3015,191,208,1165,692,241,410,108,-888888888,-888888888,3253,355,4176,694,969,23,2229,281,978,390,4165,3737,421,176,245,142,103,7,4226,4194,4181,3277,904,13,32,32,32,0,45,13,0,13,32,0,32,32,2,24,0,0,6,0,3969,3816,153,20,44,17,36,3,32,0,41,0,4226,174,0,419,89,170,230,99,13,2175,0,0,403,15,1,201,59,0,60,13,15,0,0,204,13,0,9,0,-888888888,-888888888,-888888888
2015,Minnehaha County; South Dakota,70140,44325,21380,33203,14059,3274,1827,7848,5494,25815,20730,6387,22735,14909,2.48,3.09,173669,70140,33073,52291,7332,10833,4498,70093,24766,35481,814,1443,7589,70922,20962,34357,1115,6032,8456,2629,815,36,61,4,114,20,2583,980,258,46,099,238,168,316,980,676,591,45032,3087,2365,18955,9355,11270,116899,4532,5958,34251,24839,12917,24261,10141,-888888888,-888888888,133801,11198,176195,18321,44534,1390,111242,10511,20419,6420,176475,145670,29945,19363,10582,5425,5157,860,178942,168114,166926,109590,57336,1188,10828,10828,3948,6880,12016,1188,218,970,10828,2623,8205,10828,1434,3124,3317,21,2732,200,165166,149959,15207,7515,6070,2538,3802,1902,1941,1250,3394,1825,178942,8109,342,2253,3158,12163,8800,3881,499,67858,243,240,18773,2367,63,30804,2802,39,1210,683,1751,19,3265,5987,567,614,730,218,-888888888,-888888888,-888888888
2015,Clark County; South Dakota,1488,881,364,796,307,27,5,58,52,607,538,231,377,476,2.21,2.93,3290,1488,783,860,54,105,76,1489,505,784,17,35,148,1439,266,845,17,229,82,41,9,38,64,0,139,25,5,0,0,46,025,0,0,0,0,0,0,687,37,53,335,221,41,2511,111,149,936,515,264,394,142,-888888888,-888888888,2783,245,3561,572,842,42,2018,217,701,313,3573,3095,478,194,284,237,47,0,3625,3525,3517,2607,910,8,100,100,8,92,108,8,0,8,100,25,75,100,3,15,24,0,52,6,3355,3213,142,99,65,43,8,4,29,29,40,23,3625,126,0,15,38,67,313,56,2,1649,5,0,255,79,0,981,44,2,26,29,9,0,23,115,6,0,5,0,-888888888,-888888888,-888888888
2015,Kingsbury County; South Dakota,2283,1450,556,1287,421,71,48,92,87,833,702,338,563,744,2.18,2.75,4977,2283,1304,1195,41,154,117,2094,396,1378,12,93,215,2073,301,1297,11,264,200,64,20,56,66,14,134,26,19,15,0,46,077,7,3,5,15,9,15,942,40,53,471,214,164,3665,185,138,1372,735,437,636,162,-888888888,-888888888,3970,406,5019,668,1135,40,2868,263,1016,365,5059,4483,566,153,413,308,105,10,5107,5023,5016,3815,1201,7,84,84,52,32,91,7,0,7,84,0,84,84,21,33,0,7,20,3,4761,4610,151,26,91,21,51,5,9,0,0,0,5107,133,0,85,440,273,412,76,34,2224,0,5,504,65,2,1314,76,3,20,14,34,0,12,262,12,0,19,0,-888888888,-888888888,-888888888
2015,Clay County; South Dakota,5335,2592,1011,2114,765,167,20,311,226,2743,1536,363,1128,955,2.21,2.87,11787,5335,2136,2479,240,1597,451,5960,3298,2121,61,55,425,6064,3015,2281,66,294,408,112,63,20,26,3,40,19,62,38,4,46,027,34,0,0,38,19,38,6679,112,152,917,515,4983,7047,127,175,1960,1181,431,1647,1526,-888888888,-888888888,11619,855,13803,1345,2368,103,10105,836,1330,406,13866,8976,4732,2175,2557,1389,1168,158,14011,13493,13441,7039,6402,52,518,518,125,393,570,52,10,42,518,116,402,518,48,293,38,0,134,5,13316,12479,837,246,203,108,271,99,152,34,211,5,14011,319,69,311,504,597,1021,270,151,5797,13,37,2304,326,0,2309,218,0,84,191,229,19,38,597,58,39,114,0,-888888888,-888888888,-888888888
2015,Dewey County; South Dakota,1640,1102,447,604,195,160,110,338,142,538,442,162,667,422,3.36,4.26,5517,1640,619,2002,967,289,141,1910,854,653,39,68,296,2019,813,705,18,167,316,85,45,49,66,18,115,35,323,260,33,46,041,20,19,188,260,176,140,1625,165,128,808,353,171,3069,119,375,1086,747,312,278,152,-888888888,-888888888,3646,335,5534,679,1915,106,3068,360,551,213,5482,5101,376,199,177,158,19,5,5579,5569,5549,4785,764,20,10,10,8,2,30,20,1,19,10,2,8,10,8,0,2,0,0,0,4961,4444,517,37,23,0,22,0,0,0,472,37,5579,27,0,21,14,8,57,40,1,888,0,0,250,9,0,221,26,0,39,0,14,0,2,26,5,0,4,0,-888888888,-888888888,-888888888
2015,Hughes County; South Dakota,7117,4219,1798,3624,1472,228,127,367,199,2898,2632,790,1962,1743,2.30,3.05,16358,7117,3625,4580,423,613,287,6779,2167,3751,8,178,675,7202,1811,3903,93,635,760,284,74,37,70,19,116,37,240,206,45,46,065,32,8,121,206,110,170,3671,360,192,1578,983,558,12097,460,684,3289,2533,1149,2725,1257,-888888888,-888888888,13296,1225,16493,1611,4148,134,10012,656,2333,821,17151,14169,2975,1553,1422,895,527,7,17466,17269,17231,12256,4975,38,197,197,47,150,235,38,0,38,197,0,197,197,22,97,0,0,50,28,16236,15653,583,156,280,9,102,27,99,92,102,28,17466,617,15,385,434,311,1138,515,41,6945,2,41,2670,353,0,1469,341,7,131,53,317,0,0,720,50,10,116,0,-888888888,-888888888,-888888888
2015,Sanborn County; South Dakota,1072,692,253,613,207,32,18,47,28,380,312,143,258,305,2.09,2.56,2243,1072,609,452,21,89,79,1048,274,623,21,29,101,945,141,609,1,103,91,21,7,46,50,0,68,39,3,0,0,46,111,0,0,0,0,0,0,374,39,22,177,96,40,1705,69,77,662,318,280,214,85,-888888888,-888888888,1902,240,2285,301,429,20,1436,125,420,156,2324,2142,182,71,111,50,61,0,2339,2314,2308,1789,519,6,25,25,7,18,31,6,5,1,25,14,11,25,0,4,0,0,21,0,2224,2185,39,23,27,23,3,0,0,0,9,0,2339,79,0,71,35,53,136,31,3,1072,0,37,487,0,0,354,54,0,20,0,11,0,0,52,15,0,18,0,-888888888,-888888888,-888888888
2015,Hand County; South Dakota,1510,933,355,805,275,32,26,96,54,577,532,288,361,612,2.19,2.83,3310,1510,797,878,34,91,43,1390,389,849,0,54,98,1386,227,786,3,236,134,20,9,42,36,0,45,42,6,6,0,46,059,0,0,6,6,3,6,652,43,48,333,170,58,2453,139,135,824,546,256,418,135,-888888888,-888888888,2677,238,3320,461,698,11,1793,136,829,314,3353,3162,191,86,105,74,31,0,3375,3319,3308,2696,612,11,56,56,51,5,67,11,0,11,56,5,51,56,0,3,0,0,5,48,3198,3140,58,5,31,5,10,0,17,0,0,0,3375,225,0,86,60,177,258,46,4,1795,3,0,399,14,0,292,21,0,8,30,133,0,0,58,18,2,7,0,-888888888,-888888888,-888888888
2015,Yankton County; South Dakota,8899,5708,2365,4534,1550,280,160,894,655,3191,2684,920,2485,2372,2.33,2.90,20717,8899,4530,5655,634,999,588,9676,2968,4915,179,152,1462,8955,2429,4606,95,954,871,293,126,49,63,13,122,22,176,101,28,46,135,18,24,31,101,58,57,5084,326,278,1938,1365,1177,15819,530,768,5586,3350,1357,3060,1168,-888888888,-888888888,17755,1727,21146,2787,4830,68,12781,1511,3535,1208,22346,18681,3657,2064,1593,830,763,8,22636,22257,22105,14434,7671,152,379,379,189,190,531,152,0,152,379,47,332,379,79,121,78,0,98,3,21279,19922,1357,308,680,205,357,86,79,17,241,0,22636,1013,11,2397,783,590,1321,440,122,9984,74,0,2498,500,0,2861,293,0,216,138,374,0,67,770,30,19,71,0,-888888888,-888888888,-888888888
2015,Beadle County; South Dakota,7565,4738,2046,3802,1476,252,83,684,487,2827,2463,968,2216,1932,2.31,2.96,17487,7565,3789,4885,598,650,335,7060,1907,4012,53,192,896,7161,1616,3911,179,867,588,248,72,41,65,4,121,29,243,163,27,46,005,32,19,85,163,64,149,3971,246,402,1795,936,592,12173,1255,711,4054,2413,1341,1898,501,-888888888,-888888888,13561,1263,17861,2326,4538,260,10556,1056,2767,1010,17982,15128,2681,1823,858,428,430,173,18168,16273,16111,12027,4084,162,1895,1895,125,1770,2057,162,16,146,1895,433,1462,1895,0,1163,1,0,718,13,16681,13933,2748,1630,1291,632,262,48,1176,950,19,0,18168,760,1,151,286,763,900,406,36,7617,16,0,1643,186,5,1873,173,0,123,91,199,0,0,427,70,0,97,0,-888888888,-888888888,-888888888
2015,Davison County; South Dakota,8580,5280,2338,4125,1538,424,268,731,532,3300,2730,1130,2473,2357,2.20,2.74,18856,8580,4120,4832,232,1092,535,7976,2652,4331,131,326,536,8037,1707,4356,140,1072,762,237,14,7,57,0,128,5,65,9,0,46,035,0,3,6,9,6,7,4903,365,252,2075,809,1402,13052,643,526,3512,2871,1949,2581,970,-888888888,-888888888,15268,1508,19408,2912,4474,321,11772,1260,3162,1331,19562,15564,3798,2037,1761,1109,652,200,19787,19364,19274,14615,4659,90,423,423,99,324,513,90,0,90,423,194,229,423,43,35,0,0,320,25,18532,17815,717,357,374,255,137,35,43,5,163,62,19787,1060,0,717,401,1003,893,158,48,8790,4,53,2302,263,0,2395,364,13,103,83,213,45,0,699,59,0,209,18,-888888888,-888888888,-888888888
2015,Jerauld County; South Dakota,863,599,198,489,126,53,38,57,34,264,227,97,208,283,2.31,2.74,1990,863,479,538,26,84,36,756,164,485,1,8,98,846,135,513,3,134,61,33,16,132,100,0,262,0,21,19,7,46,073,7,0,5,19,10,19,471,44,30,237,95,65,1449,80,81,592,301,163,167,65,-888888888,-888888888,1536,135,1990,233,495,4,1079,78,416,151,2006,1742,247,120,127,121,6,17,2031,1974,1970,1539,431,4,57,57,19,38,61,4,0,4,57,17,40,57,3,0,17,0,25,12,1898,1820,78,39,44,22,22,17,0,0,12,0,2031,84,0,74,31,88,208,57,16,953,8,0,227,0,0,227,64,0,20,4,24,3,17,67,9,0,12,0,-888888888,-888888888,-888888888
2015,Stanley County; South Dakota,1268,863,361,680,241,49,46,134,74,405,315,112,392,363,2.34,2.79,2962,1268,682,755,105,152,87,1180,305,708,7,18,142,1168,235,704,0,113,116,67,33,102,105,0,231,42,57,18,0,46,117,13,0,5,18,10,13,646,56,53,305,154,78,2036,84,124,707,363,210,315,233,-888888888,-888888888,2247,184,2962,256,715,0,1728,153,519,103,2910,2732,178,20,158,123,35,0,2962,2956,2956,2334,622,0,6,6,6,0,6,0,0,0,6,0,6,6,0,0,0,0,6,0,2776,2680,96,3,67,0,26,0,0,0,3,3,2962,115,0,72,169,95,240,59,0,1114,0,24,400,12,0,371,27,0,12,0,66,0,0,107,8,8,22,0,-888888888,-888888888,-888888888
2015,Potter County; South Dakota,1056,643,233,548,159,29,19,66,55,413,395,185,244,414,2.11,2.71,2226,1056,546,512,40,72,33,919,151,563,3,36,166,1008,193,565,6,148,96,22,7,39,58,0,141,0,11,0,0,46,107,0,0,0,0,0,0,442,26,6,238,113,59,1749,88,84,711,348,160,292,66,-888888888,-888888888,1842,213,2231,364,465,23,1215,157,551,184,2276,2123,153,91,62,38,24,0,2307,2266,2263,1699,564,3,41,41,27,14,44,3,0,3,41,7,34,41,0,34,7,0,0,0,2200,2146,54,28,0,0,11,2,26,19,17,7,2307,82,0,29,30,112,151,106,18,1293,3,0,199,31,0,166,45,0,72,18,9,0,10,55,4,0,13,0,-888888888,-888888888,-888888888
2015,Charles Mix County; South Dakota,3171,2076,847,1552,541,130,83,394,223,1095,954,478,1002,1066,2.78,3.51,8813,3171,1565,2925,728,424,191,3458,1262,1676,55,105,360,3513,1025,1637,52,460,339,124,64,62,69,41,141,13,253,181,34,46,023,12,49,86,181,133,82,2501,260,172,1172,586,311,5742,230,424,2174,1283,582,760,289,-888888888,-888888888,6505,599,9006,1363,2704,138,4798,626,1504,599,9105,7958,1147,632,515,293,222,0,9239,9205,9190,7216,1974,15,34,34,28,6,49,15,0,15,34,1,33,34,0,17,1,0,10,6,8450,7979,471,44,64,6,78,7,0,0,329,31,9239,382,4,890,81,1044,408,170,9,2424,3,14,799,26,22,488,98,7,54,51,42,0,8,242,32,0,19,0,-888888888,-888888888,-888888888
2015,Marshall County; South Dakota,1765,1121,421,902,271,83,60,136,90,644,529,241,445,574,2.52,3.10,4444,1765,907,1274,177,321,122,2003,788,910,7,66,232,1838,425,1017,5,177,214,58,8,19,67,0,143,11,26,18,0,46,091,3,0,15,18,12,16,1016,49,90,388,263,226,3227,176,194,1027,625,485,515,205,-888888888,-888888888,3668,290,4636,469,1033,19,2734,202,869,248,4629,4105,499,194,305,256,49,25,4701,4482,4465,3315,1150,17,219,219,36,183,236,17,3,14,219,71,148,219,33,3,0,0,170,13,4405,4164,241,168,177,152,47,10,2,2,15,4,4701,136,0,81,51,32,275,125,19,1883,0,16,276,86,10,1506,59,0,55,10,25,0,0,125,27,0,34,0,-888888888,-888888888,-888888888
2015,Perkins County; South Dakota,1306,835,262,709,193,35,4,91,65,471,446,274,282,509,2.21,2.78,2889,1306,710,686,87,100,57,1252,276,749,27,72,128,1219,201,725,9,180,104,53,31,137,103,0,235,20,33,16,0,46,105,4,0,12,16,12,7,573,36,27,277,142,91,2236,110,125,841,553,177,300,130,-888888888,-888888888,2371,270,2936,463,610,30,1655,187,671,246,2952,2607,342,76,266,81,185,3,2981,2949,2938,1263,1675,11,32,32,24,8,43,11,0,11,32,0,32,32,6,0,2,0,5,19,2822,2758,64,11,27,0,22,11,3,0,12,0,2981,156,0,21,9,35,261,66,10,1291,0,17,490,39,0,646,52,0,56,35,37,3,0,138,5,0,5,0,-888888888,-888888888,-888888888
2015,Todd County; South Dakota,2737,1973,1014,730,298,225,110,1018,606,764,661,170,1428,586,3.62,4.23,9898,2737,721,3849,1812,779,297,3130,1806,889,43,92,300,3347,1520,954,117,244,512,309,190,111,131,78,246,22,561,429,83,46,121,99,51,196,429,329,213,3567,316,245,1826,714,466,4837,243,869,1075,1633,319,500,198,-888888888,-888888888,5935,452,9903,1646,4007,172,5208,1059,688,415,9641,8460,1170,852,318,199,119,11,9942,9860,9842,7905,1937,18,82,82,62,20,100,18,0,18,82,1,81,82,17,56,0,0,9,0,8648,7209,1439,79,43,26,9,0,19,12,1368,41,9942,16,8,52,77,196,120,669,3,679,0,0,406,33,0,14,17,0,18,18,12,0,0,98,0,0,2,22,-888888888,-888888888,-888888888
2015,Oglala Lakota County; South Dakota,2933,2360,1051,793,296,371,179,1196,576,573,525,131,1703,622,4.73,5.36,13883,2933,825,5523,3930,672,287,4624,2990,1020,31,90,493,5199,2818,1268,81,288,744,454,365,123,119,97,205,25,1199,776,121,46,102,181,121,353,776,508,362,4901,315,269,2308,1253,756,7106,354,1220,2001,1994,725,640,172,-888888888,-888888888,8930,633,14133,1866,5223,286,8045,1102,865,478,13799,12979,820,439,381,214,167,0,14153,14126,14101,12082,2019,25,27,27,0,27,52,25,0,25,27,0,27,27,27,0,0,0,0,0,12606,9537,3069,263,24,0,64,0,26,26,2955,237,14153,41,20,0,0,27,209,201,27,337,0,0,213,1,0,39,8,0,1,24,23,0,0,41,0,0,5,0,-888888888,-888888888,-888888888
2015,Aurora County; South Dakota,1157,754,306,638,220,52,33,64,53,403,345,152,313,396,2.24,2.77,2593,1157,633,666,37,100,67,1106,324,638,11,21,112,1059,170,695,6,104,84,54,8,39,106,0,218,37,17,8,0,46,003,7,0,1,8,3,8,654,60,44,282,179,89,1837,178,43,681,342,265,220,108,-888888888,-888888888,2025,227,2611,357,636,19,1434,138,541,200,2695,2469,221,91,130,122,8,5,2729,2615,2602,2185,417,13,114,114,22,92,127,13,8,5,114,19,95,114,8,6,0,0,96,4,2538,2366,172,60,122,60,36,0,0,0,14,0,2729,98,0,79,46,405,168,44,13,1306,0,0,243,20,0,185,17,33,19,11,12,0,0,37,10,3,3,11,-888888888,-888888888,-888888888
2015,Grant County; South Dakota,3209,2225,818,1812,646,242,50,171,122,984,852,439,856,991,2.20,2.62,7070,3209,1786,1690,137,248,220,3107,897,1868,15,102,225,2857,456,1875,1,313,212,125,0,0,97,0,231,33,34,14,14,46,051,0,0,0,14,7,14,1362,107,126,640,384,105,5028,220,203,2227,1034,485,767,92,-888888888,-888888888,5644,540,7180,869,1580,84,4192,382,1408,403,7150,6398,749,479,270,145,125,3,7227,7068,7052,4191,2861,16,159,159,11,148,175,16,0,16,159,49,110,159,26,1,26,0,68,38,6831,6481,350,231,202,186,80,18,1,1,67,26,7227,379,65,146,152,235,312,214,36,3931,14,16,674,32,0,1206,139,0,112,7,41,0,26,465,40,0,13,0,-888888888,-888888888,-888888888
2015,Tripp County; South Dakota,2579,1492,561,1173,341,156,115,163,105,1087,951,473,664,841,2.08,2.66,5354,2579,1192,1143,147,293,226,2280,745,1202,8,62,263,2209,425,1270,0,307,207,67,34,75,67,153,82,35,109,67,23,46,123,7,0,37,67,50,52,1096,82,108,513,267,126,3866,190,323,1342,792,364,675,180,-888888888,-888888888,4249,324,5360,705,1243,39,3048,335,1069,331,5465,4767,690,427,263,68,195,8,5504,5429,5425,4162,1263,4,75,75,62,13,79,4,4,0,75,4,71,75,8,25,0,0,42,0,5206,4895,311,10,69,6,45,4,21,0,176,0,5504,235,20,420,112,149,350,97,38,1925,0,6,665,39,0,264,2,0,12,34,34,0,0,228,31,0,13,0,-888888888,-888888888,-888888888
2015,Ziebach County; South Dakota,810,654,331,342,162,79,50,233,119,156,132,34,458,142,3.50,3.82,2833,810,323,1012,510,178,98,1022,493,374,6,51,98,975,420,357,12,72,114,57,31,69,85,77,166,30,183,138,13,46,137,15,4,106,138,101,56,938,56,55,485,257,85,1513,63,143,611,314,172,155,55,-888888888,-888888888,1805,114,2833,272,1028,35,1608,161,197,76,2785,2630,155,33,122,113,9,0,2833,2788,2782,2415,367,6,45,45,36,9,51,6,0,6,45,4,41,45,5,17,0,10,13,0,2603,2041,562,46,8,0,5,1,17,17,532,28,2833,123,0,9,3,21,60,14,7,432,0,0,156,0,0,115,0,0,7,0,8,0,0,32,6,0,3,4,-888888888,-888888888,-888888888
2015,Spink County; South Dakota,2631,1677,698,1341,465,103,78,233,155,954,812,289,750,806,2.41,2.90,6331,2631,1391,1673,129,507,170,2665,736,1470,49,104,306,2632,559,1391,29,322,331,91,36,57,73,0,130,58,37,19,18,46,115,1,0,0,19,7,16,1451,102,84,693,410,162,4504,227,187,1638,1015,431,772,234,-888888888,-888888888,4971,525,6420,951,1549,90,3651,377,1220,484,6514,5641,836,383,453,278,175,37,6570,6487,6486,4959,1527,1,83,83,20,63,84,1,0,1,83,33,50,83,11,0,0,6,65,1,6167,5799,368,106,119,77,208,28,0,0,41,1,6570,239,4,92,114,202,426,196,26,3413,0,9,652,151,0,451,229,9,73,55,86,0,2,315,13,0,31,0,-888888888,-888888888,-888888888
2015,Bon Homme County; South Dakota,2480,1603,618,1365,463,128,69,110,86,877,772,420,671,924,2.23,2.75,5518,2480,1360,1349,90,239,137,3551,1455,1435,85,89,487,2394,342,1536,2,328,186,126,56,134,119,0,296,21,28,22,14,46,009,6,0,2,22,15,12,1371,63,75,598,419,216,5081,330,284,1904,1048,573,696,246,-888888888,-888888888,5647,668,5582,780,1348,30,2939,304,1295,446,6919,5804,1100,375,725,595,130,15,7013,6926,6907,4996,1911,19,87,87,34,53,106,19,0,19,87,24,63,87,16,23,15,0,27,6,6688,6307,381,73,155,53,109,3,19,12,98,5,7013,246,5,1035,60,629,376,115,17,3111,0,6,894,108,5,326,93,7,107,71,75,15,15,118,34,0,7,0,-888888888,-888888888,-888888888
2015,Brookings County; South Dakota,12325,7174,3088,5601,2118,821,494,752,476,5151,3744,1003,3213,2314,2.38,2.90,29282,12325,5642,7086,869,3360,793,14074,7210,5915,71,310,568,13521,5879,5732,89,774,1047,461,197,31,49,2,64,56,72,46,11,46,011,9,4,22,46,29,17,13574,463,463,2678,1238,8732,17285,388,536,4515,3228,1572,4738,2308,-888888888,-888888888,26561,1776,32914,3205,6474,234,23199,1933,3241,1038,32602,22978,9494,4453,5041,2806,2235,130,33046,31316,31218,19338,11880,98,1730,1730,406,1324,1828,98,0,98,1730,375,1355,1730,111,815,326,3,353,122,31108,28996,2112,616,698,213,677,165,485,166,252,72,33046,933,215,442,818,1910,1702,653,178,13900,176,12,4096,304,23,7248,504,59,130,166,351,0,187,1236,103,24,125,6,-888888888,-888888888,-888888888
2015,Fall River County; South Dakota,3087,1829,602,1445,405,113,84,271,113,1258,1169,568,646,1128,2.14,2.77,6607,3087,1444,1447,348,281,123,3014,669,1549,81,125,590,2891,390,1541,56,431,473,67,21,44,62,0,136,13,51,20,20,46,047,0,0,0,20,11,20,1188,49,83,543,346,167,5308,131,266,1647,1451,579,878,356,-888888888,-888888888,5644,965,6703,1535,1250,56,3865,693,1588,786,6851,5769,1076,556,520,109,411,6,6906,6809,6795,3351,3444,14,97,97,59,38,111,14,0,14,97,6,91,97,48,30,8,0,11,0,6608,6328,280,91,41,7,44,0,30,30,165,54,6906,505,16,107,176,173,788,182,61,2315,2,24,779,205,0,553,72,0,46,90,280,0,8,256,56,0,130,0,-888888888,-888888888,-888888888
2015,Hamlin County; South Dakota,2178,1621,710,1422,579,107,71,92,60,557,424,184,738,629,2.64,3.10,5750,2178,1406,1940,62,164,119,2235,506,1501,7,44,177,2164,341,1409,37,237,140,128,19,53,114,83,213,34,28,15,6,46,057,1,8,0,15,12,6,1448,72,150,754,350,122,3667,166,150,1589,703,323,558,178,-888888888,-888888888,4127,412,5841,697,1855,44,3073,349,913,304,5863,5209,636,256,380,256,124,18,5982,5841,5820,4385,1435,21,141,141,48,93,162,21,0,21,141,24,117,141,32,8,1,0,93,7,5390,5183,207,93,126,77,62,16,3,0,16,0,5982,183,2,76,267,385,371,123,10,2075,1,5,469,63,0,1482,145,8,16,18,39,0,1,247,17,0,13,0,-888888888,-888888888,-888888888
2015,Jackson County; South Dakota,1032,710,348,515,254,68,31,127,63,322,268,142,445,339,3.05,3.80,3143,1032,525,946,516,124,98,1177,428,579,12,55,103,1196,428,538,34,101,95,90,42,104,121,81,215,0,188,118,11,46,071,4,25,78,118,77,61,903,38,56,411,224,174,1833,45,169,591,503,162,262,101,-888888888,-888888888,2216,247,3194,409,1021,28,1748,221,425,160,3149,2879,270,78,192,95,97,0,3237,3180,3180,2536,644,0,57,57,16,41,57,0,0,0,57,2,55,57,0,16,5,0,36,0,2939,2426,513,96,110,25,2,2,14,14,387,55,3237,48,0,63,13,55,129,143,0,645,3,0,257,64,0,100,39,15,9,2,10,0,5,98,12,0,0,0,-888888888,-888888888,-888888888
2015,Custer County; South Dakota,3759,2558,788,2223,577,50,9,285,202,1201,992,435,858,1376,2.12,2.51,7966,3759,2197,1519,151,340,252,3587,665,2316,10,56,540,3682,465,2308,36,402,471,60,11,19,44,0,124,6,96,79,0,46,033,42,0,37,79,47,51,1384,83,161,538,486,116,6556,195,264,2026,1583,785,1262,441,-888888888,-888888888,6903,1021,8088,1309,1302,41,4798,591,1988,677,8328,7175,1130,501,629,425,204,23,8394,8252,8222,3941,4281,30,142,142,71,71,172,30,0,30,142,11,131,142,46,38,4,0,54,0,8067,7722,345,115,200,58,93,45,5,3,47,9,8394,380,12,183,155,290,1040,295,46,2826,4,21,1289,109,0,865,199,0,27,39,193,0,4,441,20,47,29,1,-888888888,-888888888,-888888888
2015,Hyde County; South Dakota,545,357,155,282,119,35,17,40,19,188,180,112,159,208,2.52,3.20,1376,545,291,390,105,45,23,594,209,328,0,21,36,581,128,321,0,74,58,36,15,127,134,0,340,0,5,5,0,46,069,0,0,5,5,5,0,260,8,9,127,98,18,1001,37,44,476,193,90,142,19,-888888888,-888888888,1083,91,1376,127,330,12,776,29,270,86,1381,1224,157,96,61,61,0,0,1413,1400,1373,1166,207,27,13,13,9,4,40,27,0,27,13,4,9,13,6,0,0,7,0,0,1315,1297,18,12,8,8,4,4,0,0,6,0,1413,29,7,45,19,14,89,41,0,668,0,0,199,5,0,161,15,0,14,48,16,0,0,59,0,4,0,0,-888888888,-888888888,-888888888
2015,Faulk County; South Dakota,951,557,172,492,140,35,13,30,19,394,337,193,182,379,2.16,2.75,2050,951,480,492,5,122,90,977,373,449,12,44,99,939,169,555,0,150,65,62,0,0,157,0,302,27,0,0,0,46,049,0,0,0,0,0,0,521,21,36,211,83,170,1597,87,60,548,337,194,279,92,-888888888,-888888888,1859,174,2304,369,500,15,1302,194,502,160,2297,1887,406,101,305,171,134,4,2359,2356,2356,1715,641,0,3,3,2,1,3,0,0,0,3,1,2,3,0,3,0,0,0,0,2199,2184,15,0,7,0,1,0,3,0,4,0,2359,74,11,35,38,38,108,40,0,1457,0,2,239,103,0,238,57,0,63,15,37,0,0,69,27,7,3,0,-888888888,-888888888,-888888888
2015,Hutchinson County; South Dakota,2942,1957,774,1628,556,97,56,232,162,985,928,451,797,973,2.23,2.78,6574,2942,1623,1764,89,156,91,2934,910,1721,16,65,222,2939,679,1644,16,447,153,92,49,91,71,17,189,7,44,34,3,46,067,3,18,10,34,10,21,1611,147,94,683,451,236,5069,387,252,1667,880,531,961,391,-888888888,-888888888,5542,506,6983,1063,1646,63,3815,418,1522,582,7132,6379,720,266,454,364,90,33,7226,7143,7137,5548,1589,6,83,83,9,74,89,6,0,6,83,18,65,83,11,4,16,0,46,6,6766,6365,401,116,89,52,297,64,4,0,11,0,7226,225,0,154,160,300,320,131,10,4689,17,16,622,72,4,298,69,0,238,31,26,0,14,133,22,6,3,0,-888888888,-888888888,-888888888
2015,Walworth County; South Dakota,2389,1402,489,1143,342,48,18,211,129,987,898,421,530,866,2.21,2.92,5274,2389,1146,1391,148,200,150,2186,615,1225,18,79,249,2291,376,1174,0,340,401,82,50,96,77,58,178,20,40,27,0,46,129,7,11,9,27,12,11,1143,106,105,506,277,149,3916,206,240,1444,764,413,694,155,-888888888,-888888888,4267,513,5317,773,1218,25,2913,327,1186,421,5420,4449,831,456,375,213,162,140,5495,5233,5223,3439,1784,10,262,262,45,217,272,10,0,10,262,140,122,262,22,143,0,12,71,14,5157,4687,470,233,173,56,96,17,165,155,36,5,5495,155,0,25,67,208,168,159,9,3073,0,23,310,21,0,534,88,0,407,34,40,0,0,55,3,17,16,0,-888888888,-888888888,-888888888
2015,Buffalo County; South Dakota,546,435,210,216,118,61,27,158,65,111,101,42,322,136,3.73,4.20,2034,546,220,754,419,95,38,685,327,248,4,15,91,724,344,247,18,42,73,49,39,117,98,34,159,53,163,132,12,46,017,19,29,72,132,91,82,642,65,50,325,125,77,1051,52,138,456,230,75,73,27,-888888888,-888888888,1291,89,2038,319,747,56,1098,175,193,88,2001,1916,85,58,27,19,8,0,2038,2038,2017,1840,177,21,0,0,0,0,21,21,12,9,0,0,0,0,0,0,0,0,0,0,1804,1661,143,16,5,0,3,3,23,0,112,13,2038,29,0,42,29,16,40,33,0,229,0,0,36,0,0,29,4,0,2,19,5,0,7,0,0,0,6,4,-888888888,-888888888,-888888888
2015,Day County; South Dakota,2533,1591,590,1239,344,110,85,242,161,942,884,393,649,888,2.15,2.71,5458,2533,1258,1341,114,212,147,2308,606,1323,28,102,249,2262,364,1246,16,330,306,77,36,80,85,32,183,5,53,42,0,46,037,12,25,5,42,32,20,1135,112,153,518,231,121,4043,185,269,1567,921,410,513,178,-888888888,-888888888,4388,528,5458,838,1230,59,2978,350,1250,429,5549,4715,826,370,456,296,160,8,5618,5586,5566,4398,1168,20,32,32,1,31,52,20,0,20,32,22,10,32,3,22,0,7,0,0,5298,5162,136,38,16,8,52,12,37,18,31,0,5618,158,13,23,61,124,190,107,47,2321,1,4,381,6,0,1477,698,0,48,5,68,5,9,174,4,9,8,0,-888888888,-888888888,-888888888
2015,Douglas County; South Dakota,1296,875,271,784,222,51,33,40,16,421,359,129,311,416,2.22,2.70,2872,1296,765,672,47,92,72,1200,247,763,6,58,126,1218,160,833,8,138,79,35,7,39,72,0,192,12,15,6,0,46,043,0,5,1,6,6,0,595,37,32,316,121,89,2112,192,106,867,386,153,296,112,-888888888,-888888888,2300,261,2877,422,673,9,1565,147,639,266,2941,2585,328,135,193,160,33,28,2973,2943,2927,2323,604,16,30,30,1,29,46,16,0,16,30,27,3,30,27,1,0,0,0,2,2808,2727,81,31,15,0,59,30,1,1,6,0,2973,120,0,78,34,805,91,60,4,1363,0,16,212,10,0,163,54,0,24,22,65,0,0,50,5,31,8,0,-888888888,-888888888,-888888888
2015,Harding County; South Dakota,507,342,163,292,135,18,10,32,18,165,151,61,169,139,2.48,3.11,1259,507,306,387,27,32,24,565,196,309,0,9,51,524,114,313,4,68,25,30,4,29,100,57,256,16,8,0,0,46,063,0,0,0,0,0,0,338,23,11,119,163,22,853,16,45,257,203,77,204,51,-888888888,-888888888,991,70,1305,113,314,3,813,55,178,55,1307,1171,136,47,89,57,32,0,1328,1316,1304,606,698,12,12,12,6,6,24,12,0,12,12,3,9,12,3,6,3,0,0,0,1232,1202,30,5,5,5,21,0,0,0,4,0,1328,123,0,28,45,29,83,21,3,509,0,14,108,12,0,326,13,0,29,9,9,0,3,56,13,0,16,0,-888888888,-888888888,-888888888
2015,McPherson County; South Dakota,1009,614,184,505,114,27,6,82,64,395,387,189,188,414,1.89,2.43,1909,1009,478,391,10,21,6,1004,349,465,19,39,132,920,133,536,26,156,69,49,39,355,153,0,398,12,12,12,7,46,089,0,0,5,12,7,12,358,10,24,185,81,58,1724,246,109,521,424,159,225,40,-888888888,-888888888,1883,252,2175,374,380,4,1210,162,585,208,2239,1850,384,66,318,187,131,5,2263,2255,2255,1538,717,0,8,8,8,0,8,0,0,0,8,0,8,8,0,8,0,0,0,0,2156,1860,296,52,53,0,192,44,8,8,43,0,2263,24,0,3,62,96,111,14,36,1397,4,10,200,4,0,161,14,0,295,2,7,0,2,33,8,0,15,0,-888888888,-888888888,-888888888
2015,Roberts County; South Dakota,3652,2427,962,1698,564,245,130,484,268,1225,1072,516,1176,1249,2.74,3.43,10022,3652,1686,3177,1024,483,218,3951,1459,1812,26,160,494,3948,1127,1787,53,463,518,147,59,48,71,50,162,2,331,151,68,46,109,33,23,27,151,111,70,2538,196,157,1273,643,269,6528,366,512,2448,1286,829,733,354,-888888888,-888888888,7389,739,10120,1255,2913,55,5452,584,1755,616,10186,8816,1362,686,676,375,301,8,10318,10248,10211,6969,3242,37,70,70,19,51,107,37,8,29,70,8,62,70,12,6,18,0,28,6,9471,9075,396,76,69,23,76,3,10,4,241,46,10318,254,18,95,170,151,345,153,11,3193,3,6,512,51,0,1724,173,0,45,22,79,0,18,511,40,0,28,0,-888888888,-888888888,-888888888
2015,Sully County; South Dakota,622,400,158,345,125,32,16,23,17,222,203,80,179,184,2.34,2.99,1457,622,351,404,39,41,17,651,181,365,0,11,94,529,89,346,0,62,32,38,11,103,136,0,373,0,35,14,0,46,119,14,0,0,14,7,14,349,34,25,151,50,89,992,25,57,353,206,115,203,33,-888888888,-888888888,1132,104,1469,153,337,10,863,49,269,94,1442,1292,135,74,61,40,21,15,1469,1456,1447,1195,252,9,13,13,0,13,22,9,5,4,13,10,3,13,0,0,10,0,0,3,1371,1342,29,7,3,0,20,7,0,0,6,0,1469,30,0,32,12,30,115,59,2,762,0,0,305,0,0,179,4,0,39,8,17,0,10,37,5,0,2,0,-888888888,-888888888,-888888888
2015,Lincoln County; South Dakota,18037,13370,6979,11335,5377,405,301,1630,1301,4667,3704,1137,7186,3247,2.74,3.17,49423,18037,11264,16510,1183,2429,899,18296,5031,11629,113,405,1118,18962,4369,11523,217,1101,1752,870,168,33,71,0,133,27,229,83,24,46,083,0,21,38,83,47,62,13968,1203,794,6672,2597,2702,31974,775,648,6974,6525,4123,8684,4245,-888888888,-888888888,35227,2842,49595,3453,14591,506,30323,1617,4681,1330,49163,41916,7182,1804,5378,4304,1074,65,49874,48810,48728,32218,16510,82,1064,1064,600,464,1146,82,23,59,1064,61,1003,1064,179,316,352,0,174,43,45608,43883,1725,509,719,324,532,47,244,68,230,70,49874,1968,95,1215,1133,5006,2271,905,87,21187,80,254,5362,571,18,8432,610,0,473,274,322,6,197,1639,488,69,140,0,-888888888,-888888888,-888888888
2015,Lake County; South Dakota,4764,3108,1137,2655,783,146,97,307,257,1656,1453,751,1257,1561,2.38,2.87,11348,4764,2679,2878,263,764,230,5115,1696,2890,86,173,270,4874,1100,2622,104,555,493,98,13,11,41,0,57,46,176,93,0,46,079,32,22,39,93,48,93,3454,263,101,1088,529,1473,8090,189,367,2591,1626,699,1943,675,-888888888,-888888888,9584,873,11936,1331,2502,51,7280,674,2154,606,11936,9514,2401,1274,1127,726,401,21,12086,11941,11914,8911,3003,27,145,145,28,117,172,27,2,25,145,33,112,145,27,88,0,0,25,5,11295,11009,286,107,126,4,29,6,92,74,39,23,12086,438,53,116,377,971,669,256,45,5367,0,22,1456,63,0,3162,145,0,69,128,147,4,0,575,79,13,204,2,-888888888,-888888888,-888888888
2015,Lawrence County; South Dakota,10528,6476,2587,5233,1761,463,296,780,530,4052,3221,1255,2805,2970,2.22,2.74,23324,10528,5248,5092,946,1510,502,10285,3215,5436,56,343,1235,10602,2693,5472,133,1184,1120,203,89,30,37,55,61,0,256,89,23,46,081,0,0,66,89,58,89,6158,402,185,2075,1166,2330,16840,357,522,5681,3930,1374,3438,1538,-888888888,-888888888,20026,2348,24398,3822,4541,157,15673,1977,4184,1688,24510,19942,4417,1939,2478,1268,1210,151,24645,23947,23810,13929,9881,137,698,698,266,432,835,137,22,115,698,81,617,698,270,159,61,20,96,92,23456,22274,1182,359,505,111,419,131,118,76,140,41,24645,1106,21,277,344,923,2377,988,135,9689,0,35,2957,368,65,2640,381,36,500,186,543,24,96,974,147,150,101,19,-888888888,-888888888,-888888888
2015,Codington County; South Dakota,11934,7298,3196,5598,2006,528,307,1172,883,4636,3614,1368,3394,2950,2.28,2.84,27236,11934,5592,7165,700,1845,934,11016,3500,5764,103,333,1316,11057,2711,5633,102,1194,1417,425,196,60,71,45,112,37,241,69,13,46,029,13,13,30,69,36,43,6825,466,299,2962,1364,1734,18496,699,935,7339,3704,2067,2964,788,-888888888,-888888888,20984,2229,27448,3686,6760,290,16689,2017,3999,1379,27363,22664,4668,3029,1639,1219,420,31,27750,27502,27400,20356,7044,102,248,248,111,137,350,102,0,102,248,62,186,248,70,50,46,0,82,0,25828,25150,678,202,322,108,155,22,53,29,148,43,27750,1021,56,349,382,1086,1316,568,238,13071,70,42,2902,185,0,5994,727,0,296,128,369,10,45,1023,101,27,26,4,-888888888,-888888888,-888888888
2015,Butte County; South Dakota,4079,2548,946,2127,720,157,59,264,167,1531,1234,562,1041,1301,2.49,3.15,10170,4079,2121,3003,360,607,278,4044,1073,2345,58,205,363,4142,800,2188,49,498,607,59,14,13,27,0,70,0,160,52,15,46,019,0,0,37,52,24,52,2397,113,148,1111,662,363,6985,250,568,2455,1809,666,1051,186,-888888888,-888888888,7694,886,10160,1518,2561,131,5857,784,1742,603,10221,8483,1699,802,897,740,157,39,10292,10231,10205,6704,3501,26,61,61,17,44,87,26,0,26,61,2,59,61,14,10,14,0,14,9,9584,9432,152,40,24,5,79,7,20,10,29,18,10292,444,40,118,125,350,975,324,152,4561,0,11,1581,329,0,940,62,0,85,92,213,0,3,532,11,18,6,4,-888888888,-888888888,-888888888
2015,Corson County; South Dakota,1229,942,412,537,184,125,71,280,157,287,242,95,575,335,3.37,3.79,4144,1229,546,1425,658,286,123,1488,675,588,17,34,174,1445,572,582,38,119,134,84,71,120,93,60,165,31,272,249,31,46,031,30,12,176,249,159,158,1218,104,60,674,286,94,2328,99,317,800,431,306,295,80,-888888888,-888888888,2721,283,4149,543,1428,60,2275,287,446,196,4084,3813,260,96,164,74,90,11,4149,4131,4131,1613,2518,0,18,18,3,15,18,0,0,0,18,12,6,18,5,12,0,0,1,0,3768,3145,623,18,9,1,32,1,2,0,580,16,4149,37,2,16,20,31,89,38,12,932,0,0,212,6,0,254,16,11,50,4,7,0,0,38,2,0,0,0,-888888888,-888888888,-888888888
2015,Edmunds County; South Dakota,1586,1091,441,945,372,41,14,105,55,495,427,176,459,493,2.30,2.82,3646,1586,930,966,86,78,58,1603,507,905,24,31,136,1652,261,1010,37,218,126,35,23,84,43,162,49,0,74,41,29,46,045,2,0,10,41,24,39,907,55,9,488,264,91,2764,191,116,936,467,392,431,231,-888888888,-888888888,3047,276,3897,458,971,27,2163,196,763,235,3995,3640,350,142,208,164,44,5,4018,3974,3974,3067,907,0,44,44,19,25,44,0,0,0,44,17,27,44,1,9,5,0,18,11,3813,3581,232,33,56,9,175,24,1,0,0,0,4018,132,0,54,23,78,157,135,0,2611,0,0,351,13,0,364,50,0,278,6,33,0,0,137,6,1,15,0,-888888888,-888888888,-888888888
2015,Campbell County; South Dakota,683,420,134,401,123,8,2,11,9,263,242,135,140,263,2.27,3.00,1548,683,437,372,33,23,13,594,125,382,6,26,55,681,96,472,0,75,38,6,0,0,19,0,54,0,14,14,0,46,021,2,0,12,14,6,14,327,10,29,135,137,16,1094,67,43,460,194,91,199,40,-888888888,-888888888,1166,94,1548,208,382,9,788,73,378,126,1542,1415,123,9,114,42,72,4,1548,1526,1524,979,545,2,22,22,13,9,24,2,0,2,22,9,13,22,5,12,0,0,0,5,1469,1388,81,4,5,0,76,4,0,0,0,0,1548,13,0,0,36,184,22,20,3,987,7,2,80,7,0,206,11,0,260,5,14,0,0,14,0,5,0,0,-888888888,-888888888,-888888888
2015,Bennett County; South Dakota,1050,762,364,439,163,144,90,179,111,288,261,101,483,267,3.24,3.81,3398,1050,418,1079,641,210,96,1178,484,529,5,52,108,1271,464,476,17,163,151,44,27,52,59,0,123,32,184,102,9,46,007,27,22,44,102,70,42,1139,101,102,517,288,131,1929,125,269,555,484,159,277,60,-888888888,-888888888,2254,218,3398,464,1184,28,1862,251,352,185,3393,2988,405,178,227,177,50,0,3438,3438,3438,2611,827,0,0,0,0,0,0,0,0,0,0,0,0,0,0,0,0,0,0,0,3096,2769,327,23,11,0,4,0,0,0,312,23,3438,112,0,50,33,32,136,285,20,547,0,0,202,12,0,50,9,0,12,2,30,0,0,57,7,0,5,0,-888888888,-888888888,-888888888
2015,Haakon County; South Dakota,855,602,246,544,214,14,14,44,18,253,227,127,249,294,2.39,2.91,2044,855,542,573,37,37,33,830,201,541,1,24,63,853,87,574,0,132,60,10,0,0,32,0,91,0,38,19,0,46,055,12,7,0,19,12,19,462,24,22,233,131,52,1464,57,89,551,332,141,239,55,-888888888,-888888888,1592,113,2044,326,489,12,1135,133,420,181,2065,1895,170,103,67,36,31,0,2083,2083,2080,1752,328,3,0,0,0,0,3,3,0,3,0,0,0,0,0,0,0,0,0,0,1984,1967,17,3,1,0,14,3,2,0,0,0,2083,26,0,17,24,83,129,48,3,795,0,0,351,21,6,425,43,0,18,19,23,3,2,47,0,0,16,0,-888888888,-888888888,-888888888
2015,Jones County; South Dakota,426,214,58,192,49,4,3,18,6,212,204,68,60,134,1.83,2.59,781,426,198,138,5,14,9,338,84,188,4,20,42,341,48,202,2,59,30,4,0,0,29,0,103,0,0,0,0,46,075,0,0,0,0,0,0,120,11,7,51,36,15,616,14,33,239,146,82,93,9,-888888888,-888888888,668,66,781,129,113,0,492,48,176,81,777,739,38,17,21,5,16,0,781,779,764,626,138,15,2,2,0,2,17,15,0,15,2,0,2,2,2,0,0,0,0,0,753,743,10,0,8,0,2,0,0,0,0,0,781,35,0,30,23,25,90,45,3,317,0,0,130,7,0,110,6,0,0,0,10,0,0,11,6,0,0,0,-888888888,-888888888,-888888888
2015,Meade County; South Dakota,10593,7565,3281,6202,2355,545,412,818,514,3028,2444,871,3446,2507,2.42,2.82,25604,10593,6252,7037,467,1255,703,10910,3199,6556,58,189,908,10029,1652,6383,92,767,1135,550,156,71,95,95,149,42,235,90,22,46,093,23,2,43,90,55,68,6664,494,303,2821,1245,1801,17159,581,734,5534,4257,2101,3007,945,-888888888,-888888888,18821,3042,25065,3648,6417,366,15205,1951,3443,1331,25962,21348,4424,1177,3247,1950,1297,190,26381,25975,25578,15042,10536,397,406,406,218,188,803,397,31,366,406,77,329,406,146,129,26,0,80,25,24583,23802,781,165,327,46,253,36,120,57,81,26,26381,1021,96,441,427,856,2376,941,158,9695,47,28,3755,679,0,2559,684,51,426,256,357,79,26,684,68,43,213,42,-888888888,-888888888,-888888888
2015,Turner County; South Dakota,3520,2382,956,2081,741,115,76,186,139,1138,946,433,986,1068,2.31,2.80,8123,3520,2078,2147,63,315,208,3313,783,2168,15,85,262,3370,572,2100,31,415,252,84,32,51,51,0,112,22,31,11,2,46,125,5,2,2,11,7,5,1781,117,102,901,463,198,5837,252,216,2120,1256,770,947,276,-888888888,-888888888,6342,639,8145,1054,1953,41,4666,487,1526,526,8241,7400,834,337,497,382,115,7,8302,8237,8198,6410,1788,39,65,65,17,48,104,39,0,39,65,13,52,65,30,3,0,0,30,2,7807,7545,262,78,66,45,172,27,5,3,19,3,8302,261,2,119,694,452,388,144,71,4105,12,8,681,33,12,1314,89,8,43,33,44,0,2,283,75,49,41,0,-888888888,-888888888,-888888888
2015,Brown County; South Dakota,15996,9966,4498,7908,3037,605,393,1453,1068,6030,5261,1849,4694,4087,2.29,2.87,36616,15996,7927,9928,780,1985,821,14797,4431,8385,125,403,1453,15842,4279,8152,164,1585,1662,430,157,34,49,11,95,15,346,201,5,46,013,73,36,87,201,122,117,9658,627,469,3941,2000,2621,25239,1032,856,8395,5210,2607,5261,1878,-888888888,-888888888,29072,2469,37510,3633,8901,161,22941,1651,5668,1821,37703,30564,6969,4083,2886,1569,1317,170,38060,36806,36656,26870,9786,150,1254,1254,333,921,1404,150,8,142,1254,328,926,1254,102,601,148,0,372,31,35551,33596,1955,910,477,299,689,136,644,457,145,18,38060,1335,34,491,458,848,1966,616,203,20073,61,47,3398,334,0,5829,527,34,1679,141,261,0,284,1089,85,42,90,19,-888888888,-888888888,-888888888
2015,Hanson County; South Dakota,1056,796,375,742,338,10,1,44,36,260,244,106,381,289,2.96,3.54,3124,1056,740,1245,34,49,31,1243,372,714,13,40,104,1212,300,778,16,60,58,34,3,13,50,0,103,22,9,5,0,46,061,0,0,5,5,4,4,1040,115,37,510,227,151,2062,82,43,709,383,308,392,145,-888888888,-888888888,2280,229,3383,416,1103,36,1813,190,467,190,3347,3032,315,94,221,157,64,0,3386,3382,3367,2630,737,15,4,4,2,2,19,15,10,5,4,0,4,4,0,2,0,0,0,2,3070,2838,232,12,63,3,117,5,0,0,52,4,3386,144,0,56,19,99,155,155,6,1804,4,8,348,60,0,161,43,0,34,0,46,0,0,78,7,0,2,0,-888888888,-888888888,-888888888
2015,McCook County; South Dakota,2253,1544,655,1284,518,90,34,170,103,709,597,262,681,634,2.37,2.86,5335,2253,1265,1544,56,217,136,2178,653,1250,1,63,211,2203,362,1371,20,288,162,74,15,37,72,0,166,23,10,0,0,46,087,0,0,0,0,0,0,1317,134,64,631,318,170,3785,155,198,1258,708,561,642,263,-888888888,-888888888,4148,417,5464,673,1462,105,3026,271,976,297,5540,4853,681,291,390,280,110,6,5613,5554,5516,4345,1171,38,59,59,8,51,97,38,3,35,59,9,50,59,3,3,3,0,48,2,5202,5089,113,41,64,35,35,4,0,0,14,2,5613,237,0,108,93,352,280,111,39,3091,14,2,678,26,0,691,82,0,57,33,48,0,7,301,13,0,29,0,-888888888,-888888888,-888888888
2015,Mellette County; South Dakota,675,488,177,281,73,49,26,158,78,187,168,60,234,187,3.04,3.56,2052,675,276,614,360,127,55,759,321,311,43,30,54,711,239,308,22,96,46,34,22,91,84,55,171,0,73,63,11,46,095,10,10,32,63,55,10,655,49,80,299,159,68,1217,62,127,471,270,101,157,29,-888888888,-888888888,1386,96,2052,344,700,42,1097,189,255,113,2055,1868,182,93,89,70,19,5,2086,2074,2074,1764,310,0,12,12,7,5,12,0,0,0,12,5,7,12,9,0,0,0,0,3,1874,1653,221,11,7,0,11,5,0,0,203,6,2086,23,5,47,31,21,80,19,1,325,0,0,247,0,3,56,9,5,21,11,37,2,0,32,4,0,16,0,-888888888,-888888888,-888888888
2015,Union County; South Dakota,5939,3897,1605,3323,1219,251,181,323,205,2042,1813,671,1696,1575,2.48,3.11,14723,5939,3306,4525,395,558,345,5900,1492,3424,145,187,652,5888,1100,3515,53,481,739,226,37,26,72,12,136,46,250,68,28,46,127,6,34,0,68,50,34,3679,302,289,1416,989,683,10039,265,569,3010,1995,1041,1769,1390,-888888888,-888888888,11101,1057,14722,1508,3731,108,8784,754,2207,646,14600,12659,1939,598,1341,354,987,2,14842,14454,14395,4266,10129,59,388,388,296,92,447,59,0,59,388,6,382,388,55,146,6,0,120,61,13964,13480,484,151,274,103,174,48,15,0,21,0,14842,737,76,404,418,784,1020,883,340,5454,23,19,2426,250,5,1627,174,0,103,73,238,0,13,922,76,0,79,25,-888888888,-888888888,-888888888
2015,Miner County; South Dakota,1006,636,271,548,222,34,14,54,35,370,329,173,294,362,2.24,2.83,2250,1006,533,606,23,82,56,920,192,552,17,43,116,889,128,545,4,143,69,40,0,0,104,0,221,33,11,8,0,46,097,0,0,8,8,3,8,501,54,10,297,110,30,1597,80,59,625,276,189,282,86,-888888888,-888888888,1720,145,2264,292,586,16,1206,109,472,167,2276,1993,283,128,155,77,78,0,2306,2269,2269,1833,436,0,37,37,11,26,37,0,0,0,37,6,31,37,16,6,0,0,13,2,2159,2115,44,18,8,8,36,10,0,0,0,0,2306,134,0,18,56,81,154,47,0,1216,0,0,319,14,0,399,21,0,0,6,4,0,0,66,4,0,6,0,-888888888,-888888888,-888888888
2015,Moody County; South Dakota,2681,1844,762,1397,466,182,100,265,196,837,743,344,802,711,2.30,2.76,6168,2681,1387,1682,180,238,169,2541,780,1427,11,74,249,2559,626,1429,24,228,252,146,38,60,110,126,181,38,47,30,9,46,101,14,0,7,30,24,14,1569,102,79,743,378,267,4281,151,241,1449,845,497,772,326,-888888888,-888888888,4812,451,6383,744,1627,46,3757,391,999,307,6333,5423,838,429,409,321,88,72,6439,6229,6203,4522,1681,26,210,210,37,173,236,26,0,26,210,158,52,210,20,109,47,0,34,0,5981,5514,467,124,110,34,86,55,103,28,168,7,6439,118,2,73,152,456,230,273,5,2643,1,8,775,108,0,1154,94,7,69,36,56,0,47,194,52,8,52,0,-888888888,-888888888,-888888888
2015,Pennington County; South Dakota,41670,26542,11204,19981,6892,2038,1199,4523,3113,15128,12646,4286,12482,10552,2.46,3.04,102708,41670,19938,29003,5328,6769,3127,41972,14192,20945,510,973,5352,42494,11276,21163,631,3649,5775,1371,576,45,58,56,97,15,1559,632,121,46,103,111,112,288,632,377,509,26717,1398,1495,11106,5058,7660,70952,1756,3529,19956,18429,7294,13169,6819,-888888888,-888888888,79431,11412,103140,14369,25355,1272,62770,7611,15015,5486,104618,84865,19313,11511,7802,3274,4528,440,106085,103825,102346,59546,42800,1479,2260,2260,1137,1123,3739,1479,98,1381,2260,333,1927,2260,612,815,198,17,427,191,98578,94092,4486,1147,1535,472,1116,165,764,349,1071,161,106085,3962,267,1430,1380,1973,7802,2614,1054,37649,229,294,13293,2700,94,10689,1674,171,1313,891,1743,195,330,3074,280,375,848,54,-888888888,-888888888,-888888888
