year,county_name,number_sex_and_age_total_population,number_sex_and_age_total_population_male,number_sex_and_age_total_population_female,number_sex_and_age_total_population_under_5_years,number_sex_and_age_total_population_5_to_9_years,number_sex_and_age_total_population_10_to_14_years,number_sex_and_age_total_population_15_to_19_years,number_sex_and_age_total_population_20_to_24_years,number_sex_and_age_total_population_25_to_34_years,number_sex_and_age_total_population_35_to_44_years,number_sex_and_age_total_population_45_to_54_years,number_sex_and_age_total_population_55_to_59_years,number_sex_and_age_total_population_60_to_64_years,number_sex_and_age_total_population_65_to_74_years,number_sex_and_age_total_population_75_to_84_years,number_sex_and_age_total_population_85_years_and_o,number_sex_and_age_total_population_median_age_yea,number_sex_and_age_total_population_18_years_and_o,number_sex_and_age_total_population_21_years_and_o,number_sex_and_age_total_population_62_years_and_o,number_sex_and_age_total_population_65_years_and_o,number_sex_and_age_total_population_18_years_and_o,number_sex_and_age_total_population_18_years_and_o,number_sex_and_age_total_population_18_years_and_o,number_sex_and_age_total_population_65_years_and_o,number_sex_and_age_total_population_65_years_and_o,number_sex_and_age_total_population_65_years_and_o,number_race_total_population,number_race_total_population_one_race,number_race_total_population_two_or_more_races,number_race_one_race,number_race_one_race_white,number_race_one_race_black_or_african_american,number_race_one_race_american_indian_and_alaska_na,number_race_one_race_american_indian_and_alaska_na,number_race_one_race_american_indian_and_alaska_na,number_race_one_race_american_indian_and_alaska_na,number_race_one_race_american_indian_and_alaska_na,number_race_one_race_asian,number_race_one_race_asian_asian_indian,number_race_one_race_asian_chinese,number_race_one_race_asian_filipino,number_race_one_race_asian_japanese,number_race_one_race_asian_korean,number_race_one_race_asian_vietnamese,state_fips,county_fips,number_race_one_race_asian_other_asian,number_race_one_race_native_hawaiian_and_other_pac,number_race_one_race_native_hawaiian_and_other_pac,number_race_one_race_native_hawaiian_and_other_pac,number_race_one_race_native_hawaiian_and_other_pac,number_race_one_race_native_hawaiian_and_other_pac,number_race_one_race_some_other_race,number_race_two_or_more_races,number_race_two_or_more_races_white_and_black_or_a,number_race_two_or_more_races_white_and_american_i,number_race_two_or_more_races_white_and_asian,number_race_two_or_more_races_black_or_african_ame,number_race_alone_or_in_combination_with_one_or_mo,number_race_alone_or_in_combination_with_one_or_mo,number_race_alone_or_in_combination_with_one_or_mo,number_race_alone_or_in_combination_with_one_or_mo,number_race_alone_or_in_combination_with_one_or_mo,number_race_alone_or_in_combination_with_one_or_mo,number_race_alone_or_in_combination_with_one_or_mo,number_hispanic_or_latino_and_race_total_populatio,number_hispanic_or_latino_and_race_total_populatio,number_hispanic_or_latino_and_race_total_populatio,number_hispanic_or_latino_and_race_total_populatio,number_hispanic_or_latino_and_race_total_populatio,number_hispanic_or_latino_and_race_total_populatio,number_hispanic_or_latino_and_race_total_populatio,number_hispanic_or_latino_and_race_total_populatio,number_hispanic_or_latino_and_race_total_populatio,number_hispanic_or_latino_and_race_total_populatio,number_hispanic_or_latino_and_race_total_populatio,number_hispanic_or_latino_and_race_total_populatio,number_hispanic_or_latino_and_race_total_populatio,number_hispanic_or_latino_and_race_total_populatio,number_hispanic_or_latino_and_race_total_populatio,number_hispanic_or_latino_and_race_total_populatio,number_total_housing_units
2009,Aitkin County; Minnesota,15871,8063,7808,787,735,830,884,629,1073,1615,2498,1242,1495,2404,1211,468,50.5,12936,12530,4969,4083,12936,6486,6450,4083,1956,2127,15871,15629,242,15629,15175,39,321,0,280,0,0,25,0,13,3,1,4,0,27,001,4,0,0,0,0,0,69,242,23,164,8,3,15871,15414,80,503,33,0,98,15871,140,109,0,0,31,15731,15111,39,314,25,0,0,242,29,213,15687
2009,Anoka County; Minnesota,326489,164931,161558,22431,22955,24761,23643,19458,45155,53380,52598,19688,13993,17038,8486,2903,36.0,240802,228797,36083,28427,240802,120961,119841,28427,12702,15725,326489,320243,6246,320243,290705,11083,2198,161,1313,20,92,12083,1943,947,570,163,1076,2394,27,003,4990,142,142,0,0,0,4032,6246,2031,1599,1205,128,326489,296341,13808,4249,13722,387,4701,326489,8864,5749,603,125,2387,317625,286276,11007,2120,12041,64,548,5569,179,5390,123706
2009,Becker County; Minnesota,31832,15870,15962,2144,1958,2213,2249,1757,3029,3844,4891,2309,2084,2925,1691,738,42.4,24108,22891,6526,5354,24108,11899,12209,5354,2345,3009,31832,30725,1107,30725,28269,122,2122,19,1667,0,139,106,0,10,28,13,38,0,27,005,17,30,0,30,0,0,76,1107,69,864,73,7,31832,29356,214,3006,187,65,119,31832,416,288,34,0,94,31416,28045,122,2093,106,30,0,1020,3,1017,18426
2009,Beltrami County; Minnesota,43407,21553,21854,3189,2819,3096,3710,3798,6145,4741,5900,2527,2070,2931,1712,769,32.5,32298,29676,6484,5412,32298,15663,16635,5412,2362,3050,43407,42043,1364,42043,33114,268,8011,63,7263,0,46,362,69,36,25,46,96,48,27,007,42,179,0,0,0,179,109,1364,127,879,99,133,43407,34300,621,9084,461,184,182,43407,720,497,77,13,133,42687,32751,252,7938,362,179,10,1195,0,1195,18578
2009,Benton County; Minnesota,39460,19656,19804,2946,2615,2644,2580,3101,7086,5604,5405,1956,1494,1897,1237,895,33.0,29641,28126,4755,4029,29641,14616,15025,4029,1697,2332,39460,38640,820,38640,37410,472,250,0,112,0,16,435,0,38,0,26,64,166,27,009,141,0,0,0,0,0,73,820,401,136,201,0,39460,38230,876,389,643,25,130,39460,538,485,9,4,40,38922,37148,472,199,435,0,0,668,0,668,16440
2009,Big Stone County; Minnesota,5335,2621,2714,282,220,381,365,288,290,574,884,370,348,609,570,154,48.2,4215,4076,1543,1333,4215,2042,2173,1333,571,762,5335,5284,51,5284,5235,32,0,0,0,0,0,3,0,0,0,0,0,3,27,011,0,0,0,0,0,0,14,51,23,28,0,0,5335,5286,55,28,3,0,14,5335,27,27,0,0,0,5308,5225,32,0,0,0,0,51,0,51,3285
2009,Blue Earth County; Minnesota,59883,29779,30104,3576,3217,2996,6077,10651,6970,6522,7483,2971,2495,3171,2588,1166,29.5,48147,41700,8250,6925,48147,23837,24310,6925,2845,4080,59883,58891,992,58891,55761,1190,57,0,27,0,10,1331,164,103,85,18,242,349,27,013,370,0,0,0,0,0,552,992,238,301,203,121,59883,56587,1559,479,1581,0,678,59883,1292,675,39,29,549,58591,55057,1188,57,1331,0,42,916,53,863,25319
2009,Brown County; Minnesota,25881,12972,12909,1491,1666,1538,2023,1875,2122,3071,4254,1694,1374,2178,1597,998,42.8,20008,18782,5590,4773,20008,9899,10109,4773,2086,2687,25881,25717,164,25717,25208,25,4,0,0,0,0,191,0,34,0,4,27,74,27,015,52,9,0,9,0,0,280,164,81,13,0,0,25881,25372,106,17,191,37,322,25881,830,645,18,7,160,25051,24696,25,4,169,9,0,148,26,122,11638
2009,Carlton County; Minnesota,33875,17300,16575,2079,2264,2193,2269,1979,3550,4924,5561,2311,1680,2531,1592,942,40.7,25878,24881,5971,5065,25878,13207,12671,5065,2130,2935,33875,33310,565,33310,30691,440,1741,22,1379,0,38,208,69,21,17,5,37,12,27,017,47,2,0,2,0,0,228,565,11,426,17,0,33875,31251,479,2251,269,66,246,33875,465,369,31,0,65,33410,30513,435,1711,208,2,0,541,4,537,15483
2009,Carver County; Minnesota,88208,44677,43531,6761,7495,7531,6369,4996,9913,15897,14856,4141,3310,3634,2495,810,35.9,62271,59109,8799,6939,62271,31452,30819,6939,3040,3899,88208,86998,1210,86998,82241,983,122,0,97,0,0,2188,797,140,169,84,244,266,27,019,488,31,21,10,0,0,1433,1210,402,283,160,196,88208,83255,1581,601,2348,85,1548,88208,3320,2170,32,0,1118,84888,80370,957,122,2188,31,136,1084,26,1058,33162
2009,Cass County; Minnesota,28654,14329,14325,1750,1577,1719,1882,1484,2417,3234,4421,2399,2305,3440,1573,453,45.6,22347,21637,6866,5466,22347,11200,11147,5466,2669,2797,28654,28089,565,28089,24801,29,3090,46,2756,0,5,78,3,19,3,5,21,22,27,021,5,15,15,0,0,0,76,565,100,322,55,17,28654,25344,171,3459,133,31,106,28654,371,229,70,1,71,28283,24582,29,3045,78,15,3,531,0,531,25119
2009,Chippewa County; Minnesota,12454,6174,6280,717,762,880,910,650,989,1587,2000,912,647,984,962,454,43.2,9468,9061,2739,2400,9468,4589,4879,2400,951,1449,12454,12207,247,12207,11683,50,250,0,100,0,90,22,0,0,9,2,7,3,27,023,1,0,0,0,0,0,202,247,18,155,39,0,12454,11920,101,414,87,0,204,12454,335,232,0,0,103,12119,11553,50,250,22,0,5,239,2,237,6001
2009,Chisago County; Minnesota,49771,26016,23755,3601,3800,3891,3552,2747,5912,8624,7825,2472,2303,2793,1655,596,36.7,36104,34425,6294,5044,36104,18894,17210,5044,2336,2708,49771,49222,549,49222,47542,854,251,1,73,0,6,396,13,11,7,1,29,27,27,025,308,2,0,0,2,0,177,549,96,222,145,0,49771,48084,959,475,550,12,244,49771,969,683,88,56,142,48802,46900,781,249,381,2,7,482,15,467,19127
2009,Clay County; Minnesota,54902,26463,28439,3483,3104,3650,5703,7690,5252,6645,7514,3115,1903,3115,2553,1175,32.5,42458,37052,7883,6843,42458,19980,22478,6843,2851,3992,54902,54134,768,54134,51496,446,838,15,249,0,373,688,65,51,62,26,189,101,27,027,194,16,16,0,0,0,650,768,87,384,175,2,54902,52259,539,1225,874,27,758,54902,1940,1815,0,26,99,52962,50413,446,718,688,16,81,600,1,599,22976
2009,Clearwater County; Minnesota,8231,4166,4065,571,476,568,567,467,820,909,1287,572,462,798,400,334,42.8,6254,5955,1787,1532,6254,3126,3128,1532,697,835,8231,8131,100,8131,7261,28,789,0,667,0,17,37,5,2,0,7,18,5,27,029,0,0,0,0,0,0,16,100,0,84,3,0,8231,7361,41,886,40,0,16,8231,90,50,13,0,27,8141,7235,28,771,37,0,4,66,0,66,4277
2009,Cook County; Minnesota,5411,2672,2739,227,205,307,221,148,645,624,1019,547,477,576,343,72,48.6,4471,4434,1230,991,4471,2220,2251,991,475,516,5411,5279,132,5279,4794,12,338,0,284,0,4,89,0,3,0,0,2,21,27,031,63,0,0,0,0,0,46,132,0,103,19,0,5411,4926,12,451,108,10,46,5411,61,61,0,0,0,5350,4794,12,323,89,0,0,132,0,132,5429
2009,Cottonwood County; Minnesota,11343,5582,5761,781,709,796,846,534,868,1375,1690,881,581,941,876,465,43.1,8473,8102,2598,2282,8473,4096,4377,2282,947,1335,11343,11195,148,11195,10653,54,31,0,0,0,3,270,0,0,6,0,14,0,27,033,250,0,0,0,0,0,187,148,96,19,27,0,11343,10801,150,50,297,0,193,11343,501,461,0,0,40,10842,10342,54,29,270,0,2,145,6,139,5434
2009,Crow Wing County; Minnesota,61435,30399,31036,3957,3690,3917,3954,3597,6907,7424,9183,4086,3786,5916,3660,1358,41.9,47284,45200,13297,10934,47284,23122,24162,10934,4902,6032,61435,60741,694,60741,59558,306,517,0,326,14,6,220,61,10,51,36,58,2,27,035,2,0,0,0,0,0,140,694,175,263,149,5,61435,60235,513,820,375,27,188,61435,564,364,75,0,125,60871,59251,282,488,220,0,0,630,0,630,39556
2009,Dakota County; Minnesota,389434,192850,196584,27951,27515,29589,27972,24550,53437,62025,64084,23477,15763,18650,10642,3779,35.6,286043,271902,41812,33071,286043,140187,145856,33071,14483,18588,389434,382036,7398,382036,340773,15578,1628,34,679,12,288,16419,3767,2301,1274,383,1668,2245,27,037,4781,162,40,25,77,20,7476,7398,2619,1418,1508,50,389434,347533,18999,3704,18375,268,8553,389434,17207,11706,1102,273,4126,372227,332120,15496,1467,16296,148,689,6011,236,5775,154927
2009,Dodge County; Minnesota,19504,9708,9796,1471,1651,1501,1411,1037,2332,3039,2929,1010,801,1169,767,386,36.5,13931,13222,2741,2322,13931,6951,6980,2322,1023,1299,19504,19259,245,19259,18987,37,19,0,19,0,0,108,0,0,9,4,95,0,27,039,0,0,0,0,0,0,108,245,22,63,82,0,19504,19224,79,102,198,0,166,19504,836,715,40,26,55,18668,18330,37,19,99,0,0,183,0,183,7797
2009,Douglas County; Minnesota,35854,17858,17996,2153,1922,2161,2221,2300,4253,4109,5338,2399,2165,3458,2458,917,42.5,28183,27077,8049,6833,28183,13971,14212,6833,2991,3842,35854,35607,247,35607,35153,79,217,0,110,0,8,153,0,45,39,4,43,0,27,041,22,0,0,0,0,0,5,247,54,152,20,0,35854,35392,140,369,188,0,19,35854,329,127,79,5,118,35525,34958,38,168,153,0,2,206,13,193,19848
2009,Faribault County; Minnesota,14834,7391,7443,814,916,874,1106,840,1082,1675,2414,1043,850,1376,1196,648,45.5,11476,11001,3738,3220,11476,5582,5894,3220,1331,1889,14834,14649,185,14649,14265,31,61,8,30,0,7,54,10,13,28,0,3,0,27,043,0,0,0,0,0,0,238,185,45,82,3,21,14834,14426,116,180,57,0,256,14834,707,564,6,0,137,14127,13875,21,49,46,0,11,125,4,121,7291
2009,Fillmore County; Minnesota,20966,10440,10526,1405,1364,1352,1510,1184,1821,2643,3239,1356,1215,1770,1334,773,43.1,15845,15085,4492,3877,15845,7827,8018,3877,1659,2218,20966,20881,85,20881,20639,36,85,0,71,0,14,43,0,8,12,0,19,4,27,045,0,8,0,8,0,0,70,85,54,14,9,0,20966,20724,90,99,52,12,74,20966,159,117,9,2,31,20807,20543,36,85,43,0,15,85,4,81,9697
2009,Freeborn County; Minnesota,31211,15467,15744,1874,1653,1974,1942,1767,3139,3902,4915,2110,1830,2893,1994,1218,43.7,24429,23550,7149,6105,24429,11988,12441,6105,2555,3550,31211,31032,179,31032,30093,249,49,0,0,0,20,214,6,0,62,0,35,0,27,047,111,0,0,0,0,0,427,179,8,101,37,0,31211,30270,259,150,253,0,458,31211,2275,1873,5,59,338,28936,28298,218,45,214,0,22,139,0,139,14172
2009,Goodhue County; Minnesota,45605,22792,22813,2898,2931,3061,3291,2755,4529,6102,7653,2873,2509,3358,2283,1362,40.7,34587,32919,8395,7003,34587,17130,17457,7003,2999,4004,45605,45317,288,45317,43734,466,468,7,77,0,273,303,7,22,73,69,95,0,27,049,37,59,0,0,0,59,287,288,91,95,75,8,45605,44013,576,583,378,60,294,45605,820,733,0,0,87,44785,43213,466,453,303,59,8,283,2,281,19943
2009,Grant County; Minnesota,5965,2935,3030,341,335,368,408,300,483,669,908,378,390,630,484,271,46.2,4662,4458,1612,1385,4662,2280,2382,1385,608,777,5965,5931,34,5931,5828,18,33,0,27,0,0,12,2,0,4,0,1,5,27,051,0,0,0,0,0,0,40,34,3,21,0,0,5965,5860,23,54,12,8,44,5965,79,38,0,0,41,5886,5789,16,33,12,0,2,34,2,32,3193
2009,Hennepin County; Minnesota,1136224,561862,574362,79751,67761,69799,72470,77622,187606,165668,172501,68819,49548,60185,43769,20725,35.8,875378,831743,152216,124679,875378,428990,446388,124679,51370,73309,1136224,1108993,27231,1108993,888860,116799,9186,225,5374,11,980,63225,13754,8834,2373,1309,5501,8284,27,053,23170,796,324,263,0,209,30127,27231,10332,4834,5260,1286,1136224,913804,131146,17519,69648,1746,32254,1136224,68227,46594,3311,812,17510,1067997,853107,115503,8521,63050,752,2904,24160,512,23648,501738
2009,Houston County; Minnesota,19463,9592,9871,1109,944,1583,1444,1094,1723,2506,3381,1316,1109,1479,1179,596,42.8,14876,14203,3919,3254,14876,7304,7572,3254,1407,1847,19463,19291,172,19291,19090,50,38,0,7,0,12,105,6,1,52,7,17,0,27,055,22,8,8,0,0,0,0,172,122,17,33,0,19463,19262,172,55,138,8,0,19463,151,58,0,0,93,19312,18939,50,38,105,8,0,172,0,172,8645
2009,Hubbard County; Minnesota,18675,9273,9402,1088,968,1211,1201,1007,1455,2218,2913,1362,1446,2183,1127,496,45.8,14628,14017,4651,3806,14628,7203,7425,3806,1786,2020,18675,18371,304,18371,17938,10,392,0,318,0,0,11,0,3,4,0,0,4,27,057,0,0,0,0,0,0,20,304,85,159,46,0,18675,18242,95,551,65,8,26,18675,209,195,0,0,14,18466,17761,10,392,11,0,0,292,0,292,13069
2009,Isanti County; Minnesota,38589,19421,19168,2525,2727,2992,2743,2421,5176,5993,6001,2028,1864,2308,828,983,36.3,28573,27158,5197,4119,28573,14297,14276,4119,1822,2297,38589,38017,572,38017,37286,187,189,0,153,0,0,274,29,19,15,0,55,3,27,059,153,0,0,0,0,0,81,572,126,242,78,0,38589,37845,332,456,377,0,182,38589,626,517,21,6,82,37963,36812,171,174,274,0,0,532,69,463,15546
2009,Itasca County; Minnesota,44364,22121,22243,2492,2266,2875,3036,2442,4162,5324,7378,3529,3003,4234,2622,1001,44.4,34702,33212,9563,7857,34702,17182,17520,7857,3618,4239,44364,43729,635,43729,41719,128,1607,38,1109,0,57,238,0,0,92,14,26,22,27,061,84,0,0,0,0,0,37,635,69,504,9,16,44364,42317,220,2148,255,3,64,44364,466,303,4,15,144,43898,41418,128,1556,238,0,6,552,8,544,27018
2009,Jackson County; Minnesota,10881,5501,5380,585,580,688,781,644,993,1257,1824,774,512,977,897,369,44.3,8532,8114,2540,2243,8532,4305,4227,2243,964,1279,10881,10799,82,10799,10477,21,27,10,6,0,0,137,0,0,14,0,3,0,27,063,120,14,14,0,0,0,123,82,16,43,23,0,10881,10559,37,70,160,14,123,10881,288,222,9,0,57,10593,10306,21,27,137,14,23,65,0,65,5192
2009,Kanabec County; Minnesota,16059,8118,7941,942,1050,1069,1175,907,1564,2158,2675,1168,905,1425,788,233,41.5,12225,11584,2953,2446,12225,6125,6100,2446,1138,1308,16059,15816,243,15816,15518,75,107,0,58,4,0,72,11,3,13,2,41,1,27,065,1,0,0,0,0,0,44,243,17,154,36,16,16059,15745,108,277,108,0,64,16059,186,159,0,0,27,15873,15373,75,107,72,0,23,223,0,223,7627
2009,Kandiyohi County; Minnesota,40950,20460,20490,2875,2619,2543,2951,2699,4637,4978,6436,2772,2032,3116,2147,1145,39.3,31049,29491,7573,6408,31049,15408,15641,6408,2787,3621,40950,40613,337,40613,38866,330,237,0,49,0,41,236,0,136,8,0,50,29,27,067,13,0,0,0,0,0,944,337,155,94,4,0,40950,39203,485,331,240,0,1028,40950,3932,3224,38,29,641,37018,36109,287,101,236,0,36,249,0,249,19803
2009,Kittson County; Minnesota,4523,2233,2290,203,257,299,275,273,283,523,751,304,299,440,376,240,47.4,3564,3437,1181,1056,3564,1753,1811,1056,443,613,4523,4495,28,4495,4410,31,29,0,18,0,0,0,0,0,0,0,0,0,27,069,0,0,0,0,0,0,25,28,0,22,0,0,4523,4438,33,53,0,1,28,4523,79,53,25,0,1,4444,4375,12,29,0,0,0,28,3,25,2738
2009,Koochiching County; Minnesota,13396,6621,6775,628,554,1031,908,664,1082,1690,2224,1139,779,1367,1089,241,46.0,10568,10138,3066,2697,10568,5174,5394,2697,1158,1539,13396,13293,103,13293,12760,0,487,1,282,0,0,23,0,0,0,0,0,0,27,071,23,0,0,0,0,0,23,103,0,97,0,4,13396,12859,4,588,23,0,25,13396,115,76,39,0,0,13281,12660,0,485,23,0,12,101,0,101,8116
2009,Lac qui Parle County; Minnesota,7258,3607,3651,337,395,457,525,336,510,759,1255,530,491,674,576,413,47.7,5749,5519,1940,1663,5749,2848,2901,1663,700,963,7258,7238,20,7238,7137,29,18,0,17,0,0,23,0,0,0,13,1,0,27,073,9,6,6,0,0,0,25,20,6,7,0,0,7258,7157,39,29,27,6,28,7258,76,60,5,0,11,7182,7091,29,17,23,6,0,16,3,13,3750
2009,Lake County; Minnesota,10751,5403,5348,461,509,583,636,544,992,1336,1912,816,708,1136,852,266,46.9,8786,8512,2726,2254,8786,4428,4358,2254,1046,1208,10751,10569,182,10569,10279,42,83,0,40,0,0,19,0,7,0,0,10,0,27,075,2,0,0,0,0,0,146,182,0,63,4,0,10751,10429,52,178,65,0,219,10751,39,37,0,0,2,10712,10277,42,83,19,0,113,178,69,109,7487
2009,Lake of the Woods County; Minnesota,4068,2030,2038,217,183,249,264,184,327,456,757,337,247,460,253,134,47.7,3238,3109,998,847,3238,1619,1619,847,397,450,4068,3960,108,3960,3889,10,55,0,32,0,0,6,0,0,0,0,6,0,27,077,0,0,0,0,0,0,0,108,0,85,12,0,4068,3997,10,140,18,0,11,4068,11,5,0,0,6,4057,3889,10,55,6,0,0,97,0,97,3531
2009,Le Sueur County; Minnesota,27768,13994,13774,1893,1915,1934,1927,1669,2801,4023,4340,1801,1480,2042,1355,588,39.7,20757,19807,4813,3985,20757,10490,10267,3985,1786,2199,27768,27604,164,27604,26680,95,107,0,72,0,0,115,26,7,14,0,18,2,27,079,48,0,0,0,0,0,607,164,31,76,31,0,27768,26826,134,183,164,0,633,27768,1353,1068,29,0,256,26415,25916,90,107,107,0,39,156,18,138,12401
2009,Lincoln County; Minnesota,5832,2883,2949,351,334,387,361,284,461,653,850,409,301,626,596,219,45.8,4522,4367,1607,1441,4522,2222,2300,1441,601,840,5832,5810,22,5810,5735,0,28,0,14,0,8,0,0,0,0,0,0,0,27,081,0,10,0,7,0,3,37,22,6,16,0,0,5832,5757,6,44,0,10,37,5832,74,53,0,0,21,5758,5711,0,28,0,3,0,16,0,16,3146
2009,Lyon County; Minnesota,24910,12337,12573,1571,1696,1544,2016,2152,3347,2879,3657,1225,1264,1538,1255,766,35.6,19026,17484,4333,3559,19026,9267,9759,3559,1485,2074,24910,24513,397,24513,23027,383,79,0,40,0,31,385,40,9,3,13,41,0,27,083,279,130,0,0,130,0,509,397,52,111,27,0,24910,23424,436,190,427,130,715,24910,1368,1006,14,19,329,23542,22397,383,79,385,130,0,168,0,168,10973
2009,McLeod County; Minnesota,36879,18480,18399,2646,2599,2725,2508,2207,4343,5070,5521,2167,1871,2572,1752,898,38.1,27285,25909,6293,5222,27285,13569,13716,5222,2196,3026,36879,36514,365,36514,35271,134,96,26,49,0,0,308,170,30,15,23,13,57,27,085,0,0,0,0,0,0,705,365,106,96,63,0,36879,35627,249,192,375,5,796,36879,1869,1667,20,0,182,35010,34209,134,80,308,0,2,277,9,268,15626
2009,Mahnomen County; Minnesota,5051,2552,2499,436,321,435,437,304,395,526,722,322,292,442,263,156,38.8,3596,3388,1018,861,3596,1791,1805,861,381,480,5051,4689,362,4689,2957,8,1686,0,1326,0,91,19,11,0,0,2,0,0,27,087,6,11,0,0,0,11,8,362,20,256,10,27,5051,3271,78,1994,29,11,57,5051,151,141,0,0,10,4900,2884,8,1659,19,11,0,319,21,298,2807
2009,Marshall County; Minnesota,9452,4788,4664,528,562,666,622,533,692,1266,1565,679,535,826,636,342,44.0,7293,7010,2116,1804,7293,3688,3605,1804,786,1018,9452,9402,50,9402,9200,21,41,0,11,0,12,30,0,9,1,0,3,4,27,089,13,0,0,0,0,0,110,50,6,22,0,0,9452,9250,40,85,39,0,110,9452,389,248,0,0,141,9063,8920,21,38,30,0,4,50,0,50,4885
2009,Martin County; Minnesota,20448,10080,10368,1097,1364,1266,1366,1106,1493,2451,3357,1632,1033,1826,1730,727,45.2,15820,15197,4947,4283,15820,7705,8115,4283,1746,2537,20448,20359,89,20359,19844,64,32,0,4,0,5,210,0,22,89,3,53,30,27,091,13,0,0,0,0,0,209,89,8,60,16,0,20448,19933,74,94,226,0,212,20448,616,366,8,0,242,19832,19466,64,13,210,0,4,75,0,75,10056
2009,Meeker County; Minnesota,23195,11684,11511,1620,1568,1629,1620,1339,2129,2928,3765,1627,1158,1830,1272,710,41.2,17351,16512,4456,3812,17351,8689,8662,3812,1634,2178,23195,23069,126,23069,22578,29,26,13,3,1,0,122,23,16,29,9,15,9,27,093,21,24,0,24,0,0,290,126,24,66,24,0,23195,22704,63,102,146,24,292,23195,710,580,17,0,113,22485,22131,29,26,122,24,27,126,2,124,10783
2009,Mille Lacs County; Minnesota,26071,12894,13177,1833,1617,1854,1938,1427,3078,3546,3795,1428,1427,2152,1324,652,39.3,19441,18514,4919,4128,19441,9588,9853,4128,1771,2357,26071,25657,414,25657,24105,93,1178,4,996,0,69,93,14,12,6,0,8,12,27,095,41,5,0,5,0,0,183,414,122,218,31,12,26071,24491,235,1432,130,5,200,26071,377,286,8,4,79,25694,23959,93,1140,93,5,13,391,12,379,12156
2009,Morrison County; Minnesota,32717,16437,16280,2231,2169,2298,2348,1998,3469,4242,5143,1998,1708,2577,1660,876,39.6,24507,23566,6085,5113,24507,12279,12228,5113,2181,2932,32717,32387,330,32387,31982,6,103,0,20,0,67,145,1,12,2,2,11,109,27,097,8,5,5,0,0,0,146,330,58,215,11,0,32717,32312,64,351,189,5,159,32717,279,221,3,0,55,32438,31858,6,103,138,5,11,317,0,317,15771
2009,Mower County; Minnesota,38119,18918,19201,2731,2423,2809,2462,2274,4121,4884,5284,2351,1740,2905,2794,1341,39.6,28538,27343,8004,7040,28538,14004,14534,7040,2828,4212,38119,37600,519,37600,35832,464,67,0,29,0,0,561,17,110,11,4,127,65,27,099,227,0,0,0,0,0,676,519,114,134,183,0,38119,36332,579,202,778,15,748,38119,3043,2853,12,31,147,35076,33577,464,67,552,0,11,405,19,386,17009
2009,Murray County; Minnesota,8529,4214,4315,436,444,601,603,317,680,1028,1363,694,479,875,477,532,46.3,6665,6379,2119,1884,6665,3276,3389,1884,821,1063,8529,8459,70,8459,8292,3,43,0,1,0,13,21,9,0,0,0,3,0,27,101,9,18,18,0,0,0,82,70,1,47,10,0,8529,8362,4,90,37,24,88,8529,203,175,0,2,26,8326,8187,2,41,21,18,11,46,0,46,4226
2009,Nicollet County; Minnesota,31694,15990,15704,1996,1820,1890,3253,4125,3181,3896,4405,2112,1197,1990,1314,515,33.6,24686,21696,4437,3819,24686,12284,12402,3819,1633,2186,31694,31347,347,31347,30009,452,93,0,35,0,5,446,27,86,90,23,74,8,27,103,138,10,0,0,10,0,337,347,152,64,88,0,31694,30356,612,157,534,10,380,31694,835,718,10,0,107,30859,29489,452,84,438,10,72,314,20,294,12674
2009,Nobles County; Minnesota,20278,10311,9967,1653,1404,1460,1470,1237,2030,2485,2954,1236,1048,1475,1187,639,38.7,14920,14044,3835,3301,14920,7499,7421,3301,1386,1915,20278,20012,266,20012,17729,438,29,0,7,0,0,883,58,15,0,6,2,6,27,105,796,8,0,0,0,8,925,266,61,125,31,0,20278,17958,504,159,951,22,955,20278,3499,2596,70,33,800,16779,15319,395,17,883,8,0,157,0,157,8592
2009,Norman County; Minnesota,6629,3326,3303,373,410,499,474,290,438,818,1096,432,370,630,567,232,45.1,5023,4812,1648,1429,5023,2489,2534,1429,604,825,6629,6493,136,6493,6309,7,118,9,71,0,6,12,0,6,0,0,0,6,27,107,0,0,0,0,0,0,47,136,18,113,0,0,6629,6440,25,236,17,0,47,6629,293,223,0,0,70,6336,6072,4,114,12,0,0,134,0,134,3499
2009,Olmsted County; Minnesota,139585,68916,70669,10881,9260,9350,8950,9488,20463,19459,21151,8010,5969,8455,5595,2554,35.7,104233,99401,19897,16604,104233,50678,53555,16604,7129,9475,139585,137432,2153,137432,124076,5044,382,19,130,14,96,7000,1411,965,457,167,600,685,27,109,2715,145,53,26,0,66,785,2153,713,447,739,13,139585,126099,5864,866,7857,183,955,139585,4175,2992,155,79,949,135410,120733,5026,259,6975,130,283,2004,115,1889,58929
2009,Otter Tail County; Minnesota,56912,28432,28480,3071,3260,3494,3921,3329,4699,6618,9217,4034,3842,5794,3904,1729,45.1,44540,42612,13764,11427,44540,22011,22529,11427,5030,6397,56912,56579,333,56579,55274,368,325,5,194,0,3,298,0,37,27,4,54,148,27,111,28,76,0,0,76,0,238,333,54,138,58,0,56912,55607,428,469,364,84,307,56912,1151,936,67,0,148,55761,54518,327,289,291,76,0,260,6,254,35585
2009,Pennington County; Minnesota,13750,6827,6923,884,940,806,858,978,1871,1602,2119,844,723,973,754,398,39.0,10597,10036,2591,2125,10597,5199,5398,2125,863,1262,13750,13459,291,13459,13029,38,170,14,110,0,46,110,22,25,5,0,35,23,27,113,0,20,20,0,0,0,92,291,99,127,7,0,13750,13320,137,297,117,20,150,13750,303,271,0,0,32,13447,12908,38,170,110,20,0,201,0,201,6300
2009,Pine County; Minnesota,28175,14688,13487,1635,1514,1981,1900,1598,3211,3936,4412,1913,1612,2499,1488,476,41.4,21786,20832,5468,4463,21786,11384,10402,4463,2037,2426,28175,27654,521,27654,26222,332,795,3,417,0,117,88,1,9,44,0,0,0,27,115,34,14,14,0,0,0,203,521,198,168,62,0,28175,26737,563,988,163,33,252,28175,604,452,41,0,111,27571,25902,318,765,88,14,5,479,13,466,16651
2009,Pipestone County; Minnesota,9303,4516,4787,653,617,615,631,477,752,1163,1389,575,443,842,822,324,43.4,7001,6693,2224,1988,7001,3343,3658,1988,780,1208,9303,9192,111,9192,8809,38,186,0,23,0,152,65,0,25,9,0,24,0,27,117,7,0,0,0,0,0,94,111,13,91,0,0,9303,8920,51,277,65,0,101,9303,172,79,38,0,55,9131,8796,29,140,65,0,0,101,0,101,4530
2009,Polk County; Minnesota,30693,15265,15428,1906,1730,2139,2287,2284,3264,3652,4787,1958,1544,2308,1955,879,40.3,23535,22256,5989,5142,23535,11558,11977,5142,2080,3062,30693,30403,290,30403,28907,196,522,0,164,0,64,146,13,7,23,1,65,8,27,119,29,0,0,0,0,0,632,290,18,126,24,45,30693,29143,273,715,170,8,693,30693,1560,1062,10,6,482,29133,28061,196,501,136,0,18,221,8,213,14677
2009,Pope County; Minnesota,10979,5442,5537,674,581,618,732,643,916,1280,1758,761,733,1051,879,353,45.2,8635,8296,2716,2283,8635,4200,4435,2283,955,1328,10979,10877,102,10877,10765,61,23,0,5,0,11,28,0,0,4,0,24,0,27,121,0,0,0,0,0,0,0,102,0,39,63,0,10979,10867,61,62,91,0,0,10979,30,8,4,0,18,10949,10758,42,23,28,0,0,98,0,98,6398
2009,Ramsey County; Minnesota,500436,241240,259196,35693,30573,31139,36387,38855,76812,63999,71247,30074,21480,29757,23314,11106,35.1,382558,358133,76346,64177,382558,180586,201972,64177,25467,38710,500436,487199,13237,487199,380709,45018,3236,48,1329,21,429,48273,3079,3602,1415,472,2462,3178,27,123,34065,83,9,4,65,5,9880,13237,4506,2552,2364,965,500436,392315,52032,7795,51098,289,11375,500436,31745,22931,1757,266,6791,468691,361375,44276,2787,47975,79,800,11399,274,11125,214720
2009,Red Lake County; Minnesota,4157,2089,2068,245,253,257,293,247,448,476,697,281,236,342,197,185,42.8,3217,3086,852,724,3217,1604,1613,724,308,416,4157,4054,103,4054,4010,0,33,0,20,0,0,3,0,0,0,0,3,0,27,125,0,0,0,0,0,0,8,103,9,90,3,0,4157,4112,9,124,6,0,9,4157,56,53,0,0,3,4101,3969,0,33,3,0,0,96,0,96,1945
2009,Redwood County; Minnesota,15625,7768,7857,1038,958,1106,1149,922,1126,1968,2381,960,904,1393,1043,677,43.0,11760,11259,3549,3113,11760,5828,5932,3113,1319,1794,15625,15422,203,15422,14480,63,601,21,64,0,358,269,14,0,5,0,5,4,27,127,241,0,0,0,0,0,9,203,15,152,12,0,15625,14683,90,765,281,1,32,15625,286,185,46,0,55,15339,14244,63,589,269,0,0,174,0,174,7317
2009,Renville County; Minnesota,16101,8029,8072,969,1056,1176,1154,966,1228,1995,2743,1034,805,1336,1040,599,43.0,12163,11550,3432,2975,12163,6064,6099,2975,1271,1704,16101,15999,102,15999,15574,44,163,2,40,0,67,26,0,0,6,0,20,0,27,129,0,7,0,7,0,0,185,102,3,55,12,0,16101,15676,56,227,38,7,208,16101,1179,1073,10,9,87,14922,14619,44,151,26,7,0,75,0,75,7484
2009,Rice County; Minnesota,61865,31168,30697,4036,3970,4091,5979,6214,6950,8512,8741,3504,2668,3659,2532,1009,34.5,47159,42221,8701,7200,47159,23704,23455,7200,3057,4143,61865,61044,821,61044,58001,1092,212,1,103,0,12,900,134,127,59,130,129,121,27,131,200,0,0,0,0,0,839,821,143,129,272,12,61865,58807,1272,397,1199,39,1017,61865,4573,3732,38,35,768,57292,53992,1049,212,900,0,481,658,15,643,23480
2009,Rock County; Minnesota,9444,4609,4835,678,652,635,630,537,830,1110,1425,691,477,758,675,346,42.0,7084,6745,2049,1779,7084,3396,3688,1779,716,1063,9444,9321,123,9321,9123,43,38,0,18,0,0,76,0,0,0,0,35,0,27,133,41,0,0,0,0,0,41,123,37,15,31,0,9444,9246,80,53,107,0,81,9444,209,135,7,0,67,9235,9000,43,38,76,0,0,78,0,78,4268
2009,Roseau County; Minnesota,16012,8171,7841,1067,1135,1264,1258,909,1519,2383,2646,1090,709,1023,643,366,39.4,11726,11110,2444,2032,11726,5974,5752,2032,913,1119,16012,15826,186,15826,15153,32,224,0,87,0,40,355,0,3,0,2,12,0,27,135,338,17,0,0,0,17,45,186,18,127,18,0,16012,15339,50,351,373,17,68,16012,112,88,0,0,24,15900,15092,32,224,355,17,18,162,4,158,7518
2009,St. Louis County; Minnesota,196820,97344,99476,10550,10379,10659,17260,20776,16364,23341,31558,14050,10775,14865,11327,4916,40.6,157699,143567,36879,31108,157699,77090,80609,31108,12968,18140,196820,193854,2966,193854,184887,2522,4068,38,2669,5,141,1817,209,491,80,43,222,169,27,137,603,27,27,0,0,0,533,2966,673,1547,257,52,196820,187735,3387,5772,2095,115,787,196820,1991,1203,215,73,500,194829,183717,2445,3990,1817,27,41,2792,101,2691,99932
2009,Scott County; Minnesota,125714,63360,62354,10938,10819,9757,8294,6590,18537,23551,18458,5833,4429,5092,2462,954,34.2,88647,84356,11251,8508,88647,44544,44103,8508,3936,4572,125714,123978,1736,123978,112299,2975,1046,259,128,0,417,6404,1320,691,344,21,367,1380,27,139,2281,90,67,0,0,23,1164,1736,307,521,522,43,125714,113796,3385,1714,7121,90,1373,125714,4828,3471,149,56,1152,120886,108974,2931,867,6373,23,168,1550,71,1479,45433
2009,Sherburne County; Minnesota,85211,43499,41712,6857,7487,6600,6000,5495,13298,14403,11948,4285,2865,3463,1565,945,32.7,60437,56802,7544,5973,60437,30965,29472,5973,2742,3231,85211,83981,1230,83981,81299,1143,392,18,175,0,86,915,115,78,28,15,168,61,27,141,450,0,0,0,0,0,232,1230,464,311,286,21,85211,82489,1685,762,1220,0,323,85211,1670,1148,153,46,323,83541,79982,1113,344,915,0,86,1101,0,1101,31270
2009,Sibley County; Minnesota,15001,7556,7445,1035,979,1100,1081,876,1647,2022,2272,949,666,1142,933,299,39.5,11186,10655,2753,2374,11186,5590,5596,2374,999,1375,15001,14865,136,14865,14176,13,37,0,2,0,0,83,31,0,24,0,13,8,27,143,7,0,0,0,0,0,556,136,9,69,10,0,15001,14280,54,106,93,0,604,15001,1102,1063,0,0,39,13899,13618,13,16,83,0,42,127,44,83,6442
2009,Stearns County; Minnesota,146168,73395,72773,9554,9327,9015,13790,19229,14672,18595,20283,8113,5957,9014,6415,2204,33.3,112282,100008,20898,17633,112282,56231,56051,17633,7832,9801,146168,144723,1445,144723,137837,2484,305,13,72,0,19,2496,386,256,116,109,405,604,27,145,620,28,16,0,0,12,1573,1445,286,454,347,35,146168,139197,3016,912,2993,47,1667,146168,2802,2178,140,68,416,143366,136575,2402,265,2496,26,245,1357,20,1337,59224
2009,Steele County; Minnesota,36273,17771,18502,2883,2553,2651,2501,2255,4406,5272,5200,2219,1563,2345,1794,631,37.2,26554,25364,5637,4770,26554,13051,13503,4770,1997,2773,36273,35687,586,35687,33909,981,19,0,3,0,0,303,77,108,4,0,22,0,27,147,92,0,0,0,0,0,475,586,203,204,93,0,36273,34495,1192,231,396,0,553,36273,2000,1617,133,8,242,34273,32529,981,19,303,0,0,441,0,441,14885
2009,Stevens County; Minnesota,9635,4683,4952,531,487,491,766,1202,1430,854,1284,536,431,586,493,544,33.6,7776,7022,1886,1623,7776,3758,4018,1623,687,936,9635,9431,204,9431,9061,152,134,9,37,0,35,59,18,28,10,0,2,0,27,149,1,0,0,0,0,0,25,204,42,63,78,11,9635,9254,205,215,137,7,28,9635,149,120,2,23,4,9486,8943,152,130,59,0,4,198,0,198,4194
2009,Swift County; Minnesota,10890,6135,4755,541,503,754,727,698,1139,1623,1645,656,578,839,830,357,42.5,8622,8281,2333,2026,8622,4970,3652,2026,815,1211,10890,10851,39,10851,10294,352,77,0,3,0,9,25,0,0,6,0,5,12,27,151,2,0,0,0,0,0,103,39,17,18,4,0,10890,10333,369,95,29,0,103,10890,385,292,0,0,93,10505,10021,352,71,25,0,0,36,0,36,4937
2009,Todd County; Minnesota,23968,12191,11777,1528,1455,1743,1789,1520,2135,2929,3889,1635,1394,2064,1235,652,41.6,18044,17239,4775,3951,18044,9124,8920,3951,1773,2178,23968,23653,315,23653,23245,6,107,10,60,0,15,53,0,32,11,0,10,0,27,153,0,0,0,0,0,0,242,315,67,193,5,0,23968,23560,73,300,58,0,292,23968,1011,922,9,0,80,22957,22547,6,101,49,0,3,251,0,251,12826
2009,Traverse County; Minnesota,3684,1831,1853,172,220,232,253,170,250,410,524,222,209,420,372,230,47.4,2899,2791,1141,1022,2899,1437,1462,1022,451,571,3684,3633,51,3633,3459,0,142,2,2,0,113,7,0,0,5,0,2,0,27,155,0,0,0,0,0,0,25,51,0,14,7,0,3684,3510,0,156,14,0,55,3684,66,49,16,1,0,3618,3449,0,142,7,0,0,20,0,20,2189
2009,Wabasha County; Minnesota,21831,10879,10952,1323,1283,1509,1571,1300,1971,2982,3515,1602,1209,1807,1201,558,42.1,16663,15900,4243,3566,16663,8250,8413,3566,1602,1964,21831,21657,174,21657,21283,100,38,0,33,0,0,87,7,0,7,8,65,0,27,157,0,0,0,0,0,0,149,174,22,121,14,0,21831,21457,122,159,101,0,166,21831,546,459,28,0,59,21285,20875,100,38,87,0,19,166,9,157,10239
2009,Wadena County; Minnesota,13343,6628,6715,867,712,937,931,693,1328,1560,1957,832,700,1283,1091,452,43.3,10224,9876,3264,2826,10224,5028,5196,2826,1200,1626,13343,13230,113,13230,12946,143,56,12,9,0,2,27,0,21,1,0,2,3,27,159,0,0,0,0,0,0,58,113,24,47,3,0,13343,13059,169,103,30,0,97,13343,159,102,2,13,42,13184,12876,143,51,27,0,0,87,14,73,6749
2009,Waseca County; Minnesota,19241,9850,9391,1281,1158,1362,1346,1195,2473,2666,3022,1246,858,1199,1227,208,38.6,14630,13864,3101,2634,14630,7552,7078,2634,1095,1539,19241,18854,387,18854,18260,202,79,0,0,0,27,284,8,10,146,20,28,49,27,161,23,0,0,0,0,0,29,387,35,207,90,0,19241,18643,241,286,378,20,64,19241,724,508,46,0,170,18517,17656,160,78,284,0,0,339,0,339,7885
2009,Washington County; Minnesota,225551,112704,112847,15533,16966,17798,16578,13544,25256,36585,38131,13977,11004,11719,6263,2197,37.2,164308,156250,26582,20179,164308,81647,82661,20179,9069,11110,225551,221106,4445,221106,201924,6505,611,0,299,0,32,10038,1194,1021,328,368,988,1195,27,163,4944,75,44,31,0,0,1953,4445,1516,1122,902,187,225551,206104,8614,2238,11005,136,2244,225551,6255,4513,394,159,1189,219296,197611,6468,581,10006,75,645,3910,48,3862,88485
2009,Watonwan County; Minnesota,11019,5373,5646,784,855,726,771,591,982,1210,1718,632,667,949,813,321,42.0,8145,7763,2628,2083,8145,3940,4205,2083,883,1200,11019,10697,322,10697,9475,16,19,0,11,0,0,190,0,10,0,0,10,0,27,165,170,0,0,0,0,0,997,322,16,13,0,0,11019,9795,34,32,192,0,1288,11019,2128,1774,0,2,352,8891,8572,16,19,190,0,33,61,37,24,5144
2009,Wilkin County; Minnesota,6455,3172,3283,387,350,484,464,336,479,904,1193,523,222,476,272,365,43.5,4927,4753,1250,1113,4927,2376,2551,1113,480,633,6455,6374,81,6374,6187,5,61,0,60,0,0,20,0,0,20,0,0,0,27,167,0,1,0,0,0,1,100,81,4,26,42,0,6455,6268,9,87,62,1,109,6455,156,141,0,0,15,6299,6140,5,61,20,1,0,72,0,72,3016
2009,Winona County; Minnesota,49558,24263,25295,2734,2517,2794,5471,7692,4174,5501,6917,2813,2314,3136,2503,992,33.5,39752,34217,7899,6631,39752,19227,20525,6631,2824,3807,49558,49012,546,49012,47222,383,155,12,20,0,0,1149,191,197,105,3,125,137,27,169,391,0,0,0,0,0,103,546,238,104,115,0,49558,47745,630,271,1287,39,144,49558,775,655,16,0,104,48783,46598,357,155,1149,0,9,515,22,493,21006
2009,Wright County; Minnesota,116527,58863,57664,10416,9295,9343,8020,6420,16622,19317,16460,5663,4697,5788,3184,1302,33.9,82082,78339,12936,10274,82082,41345,40737,10274,4681,5593,116527,115116,1411,115116,110972,1156,334,0,261,0,10,1112,64,113,187,30,157,123,27,171,438,12,0,12,0,0,1530,1411,396,375,497,0,116527,112357,1623,749,1642,20,1601,116527,2408,1696,172,45,495,114119,109994,1135,334,1090,12,208,1346,6,1340,47305
2009,Yellow Medicine County; Minnesota,10067,5061,5006,606,603,642,689,626,872,1207,1602,677,463,890,833,357,42.9,7760,7430,2372,2080,7760,3845,3915,2080,857,1223,10067,9947,120,9947,9475,110,185,20,18,0,132,28,10,0,0,0,5,0,27,173,13,2,1,0,0,1,147,120,5,15,15,9,10067,9547,130,250,45,3,220,10067,290,175,6,45,64,9777,9419,110,177,28,2,0,41,1,40,4969
