year,county_name,number_employment_status_population_16_years_and_o,number_employment_status_population_16_years_and_o,number_employment_status_population_16_years_and_o,number_employment_status_population_16_years_and_o,number_employment_status_population_16_years_and_o,number_employment_status_population_16_years_and_o,number_employment_status_population_16_years_and_o,number_employment_status_civilian_labor_force,number_employment_status_civilian_labor_force_perc,number_employment_status_females_16_years_and_over,number_employment_status_females_16_years_and_over,number_employment_status_females_16_years_and_over,number_employment_status_females_16_years_and_over,number_employment_status_own_children_under_6_year,number_employment_status_own_children_under_6_year,number_employment_status_own_children_6_to_17_year,number_employment_status_own_children_6_to_17_year,number_commuting_to_work_workers_16_years_and_over,number_commuting_to_work_workers_16_years_and_over,number_commuting_to_work_workers_16_years_and_over,number_commuting_to_work_workers_16_years_and_over,number_commuting_to_work_workers_16_years_and_over,number_commuting_to_work_workers_16_years_and_over,number_commuting_to_work_workers_16_years_and_over,number_commuting_to_work_workers_16_years_and_over,number_occupation_civilian_employed_population_16_,number_occupation_civilian_employed_population_16_,number_occupation_civilian_employed_population_16_,number_occupation_civilian_employed_population_16_,number_occupation_civilian_employed_population_16_,number_occupation_civilian_employed_population_16_,number_occupation_civilian_employed_population_16_,number_industry_civilian_employed_population_16_ye,number_industry_civilian_employed_population_16_ye,number_industry_civilian_employed_population_16_ye,state_fips,county_fips,number_industry_civilian_employed_population_16_ye,number_industry_civilian_employed_population_16_ye,number_industry_civilian_employed_population_16_ye,number_industry_civilian_employed_population_16_ye,number_industry_civilian_employed_population_16_ye,number_industry_civilian_employed_population_16_ye,number_industry_civilian_employed_population_16_ye,number_industry_civilian_employed_population_16_ye,number_industry_civilian_employed_population_16_ye,number_industry_civilian_employed_population_16_ye,number_industry_civilian_employed_population_16_ye,number_class_of_worker_civilian_employed_populatio,number_class_of_worker_civilian_employed_populatio,number_class_of_worker_civilian_employed_populatio,number_class_of_worker_civilian_employed_populatio,number_class_of_worker_civilian_employed_populatio,number_income_and_benefits_in_2009_inflation_adjus,number_income_and_benefits_in_2009_inflation_adjus,number_income_and_benefits_in_2009_inflation_adjus,number_income_and_benefits_in_2009_inflation_adjus,number_income_and_benefits_in_2009_inflation_adjus,number_income_and_benefits_in_2009_inflation_adjus,number_income_and_benefits_in_2009_inflation_adjus,number_income_and_benefits_in_2009_inflation_adjus,number_income_and_benefits_in_2009_inflation_adjus,number_income_and_benefits_in_2009_inflation_adjus,number_income_and_benefits_in_2009_inflation_adjus,number_income_and_benefits_in_2009_inflation_adjus,number_income_and_benefits_in_2009_inflation_adjus,number_income_and_benefits_in_2009_inflation_adjus,number_income_and_benefits_in_2009_inflation_adjus,number_income_and_benefits_in_2009_inflation_adjus,number_income_and_benefits_in_2009_inflation_adjus,number_income_and_benefits_in_2009_inflation_adjus,number_income_and_benefits_in_2009_inflation_adjus,number_income_and_benefits_in_2009_inflation_adjus,number_income_and_benefits_in_2009_inflation_adjus,number_income_and_benefits_in_2009_inflation_adjus,number_income_and_benefits_in_2009_inflation_adjus,number_income_and_benefits_in_2009_inflation_adjus,number_income_and_benefits_in_2009_inflation_adjus,number_income_and_benefits_in_2009_inflation_adjus,number_income_and_benefits_in_2009_inflation_adjus,number_income_and_benefits_in_2009_inflation_adjus,number_income_and_benefits_in_2009_inflation_adjus,number_income_and_benefits_in_2009_inflation_adjus,number_income_and_benefits_in_2009_inflation_adjus,number_income_and_benefits_in_2009_inflation_adjus,number_income_and_benefits_in_2009_inflation_adjus,number_income_and_benefits_in_2009_inflation_adjus,number_income_and_benefits_in_2009_inflation_adjus,number_income_and_benefits_in_2009_inflation_adjus,number_income_and_benefits_in_2009_inflation_adjus,number_income_and_benefits_in_2009_inflation_adjus,number_income_and_benefits_in_2009_inflation_adjus,number_income_and_benefits_in_2009_inflation_adjus,number_income_and_benefits_in_2009_inflation_adjus,number_income_and_benefits_in_2009_inflation_adjus,number_income_and_benefits_in_2009_inflation_adjus,number_income_and_benefits_in_2009_inflation_adjus,number_health_insurance_coverage_civilian_noninsti,number_health_insurance_coverage_civilian_noninsti,number_health_insurance_coverage_civilian_noninsti,number_health_insurance_coverage_civilian_noninsti,number_health_insurance_coverage_civilian_noninsti,number_health_insurance_coverage_civilian_noninsti,number_health_insurance_coverage_civilian_noninsti,number_percentage_of_families_and_people_whose_inc,number_percentage_of_families_and_people_whose_inc,number_percentage_of_families_and_people_whose_inc,number_percentage_of_families_and_people_whose_inc,number_percentage_of_families_and_people_whose_inc,number_percentage_of_families_and_people_whose_inc,number_percentage_of_families_and_people_whose_inc,number_percentage_of_families_and_people_whose_inc,number_percentage_of_families_and_people_whose_inc,number_percentage_of_families_and_people_whose_inc,number_percentage_of_families_and_people_whose_inc,number_percentage_of_families_and_people_whose_inc,number_percentage_of_families_and_people_whose_inc,number_percentage_of_families_and_people_whose_inc,number_percentage_of_families_and_people_whose_inc,number_percentage_of_families_and_people_whose_inc,number_percentage_of_families_and_people_whose_inc,number_percentage_of_families_and_people_whose_inc,number_percentage_of_families_and_people_whose_inc
2009,Abbeville County; South Carolina,20117,12047,12029,10464,1565,18,8070,12029,13.0,10650,5898,5898,5028,1769,1407,3753,2818,10187,8021,1228,52,364,170,352,24.9,10464,2708,2141,1879,54,1240,2442,10464,95,664,45,001,2419,193,1082,598,181,284,594,2685,874,458,337,10464,8140,1587,699,38,9636,1734,813,1429,1031,1304,1721,1008,466,80,50,33495,41909,6787,44946,3521,14688,1516,17338,363,5234,151,1260,1647,6743,626,487,877,692,988,1469,1008,466,80,50,44002,51082,16772,2893,14519,19911,21185,38036,28325,(X),(X),(X),(X),(X),(X),(X),18.9,29.2,20.1,5.6,7.3,4.0,58.2,69.7,42.4,22.6,31.6,31.5,32.5,31.2,19.8,19.6,20.8,19.1,42.9
2009,Aiken County; South Carolina,120615,72199,72050,66726,5324,149,48416,72050,7.4,63570,34361,34318,31857,11533,7794,23056,16331,65072,53916,7442,140,755,733,2086,24.2,66726,21844,11179,14849,421,7552,10881,66726,1136,5545,45,003,9883,1074,7217,4660,1191,2874,7238,13904,5343,3497,3164,66726,50153,12242,4233,98,60186,6216,3972,7386,7360,7757,10799,7058,6417,1815,1406,44534,59245,44947,61243,18798,15435,13046,20196,2102,8205,952,2182,5705,41959,2730,1977,4059,4031,5707,8795,6017,5748,1674,1221,56146,69174,23960,18227,24418,34182,28437,43894,32624,(X),(X),(X),(X),(X),(X),(X),12.9,20.4,29.1,6.1,8.8,13.1,36.5,45.3,70.2,16.1,22.9,22.5,28.4,20.4,14.0,14.0,14.1,13.9,28.0
2009,Allendale County; South Carolina,8347,3659,3647,3048,599,12,4688,3647,16.4,3887,1660,1660,1377,719,457,1398,753,3041,2268,197,139,259,22,156,32.8,3048,659,438,700,109,187,955,3048,129,38,45,005,748,125,382,152,21,92,255,410,203,330,163,3048,2225,530,267,26,3470,784,408,740,413,313,363,208,144,44,53,20551,36630,2215,46011,989,12372,573,11934,135,5279,35,1411,961,2339,336,228,628,194,282,282,204,96,37,52,24580,43006,14298,1131,11461,22485,19535,30595,25709,(X),(X),(X),(X),(X),(X),(X),33.5,44.1,40.9,23.0,29.3,55.6,64.4,69.2,75.3,40.4,53.0,53.0,62.8,49.2,35.3,37.1,25.8,38.3,51.8
2009,Anderson County; South Carolina,141159,87379,87285,79460,7825,94,53780,87285,9.0,74094,41865,41840,38308,13795,9241,27183,19125,76649,65270,8105,240,836,627,1571,22.6,79460,23936,11578,20227,310,8327,15082,79460,554,6324,45,007,16554,3004,10176,3309,1071,3522,4802,17659,5931,4391,2163,79460,64347,9859,5160,94,70597,6878,4927,9601,8597,10371,13287,8599,5635,1569,1133,43109,55216,53620,55677,24230,15215,13392,16847,2473,6612,911,3432,7768,50457,3466,1768,5576,5216,7969,11197,7549,5268,1509,939,52665,63646,22110,20140,22619,32401,26084,41211,30726,(X),(X),(X),(X),(X),(X),(X),11.9,19.2,25.8,5.2,7.6,10.3,36.5,46.2,58.4,15.5,22.6,22.3,27.2,20.5,13.1,13.7,10.7,13.0,29.5
2009,Bamberg County; South Carolina,12378,6239,6236,5636,600,3,6139,6236,9.6,6628,3346,3346,3076,1143,741,2275,1644,5506,4165,443,4,469,39,386,32.1,5636,1470,1094,1119,4,424,1525,5636,252,316,45,009,1448,101,417,273,134,190,159,1320,280,247,499,5636,3882,1203,551,0,5375,1107,326,877,596,796,1063,243,329,21,17,30889,39628,3735,44700,1643,11694,1048,14044,309,5758,23,696,937,3529,521,91,476,554,583,766,205,295,21,17,38370,46056,14549,1846,18636,24843,21851,32989,26950,(X),(X),(X),(X),(X),(X),(X),25.0,38.0,40.9,8.3,9.7,28.6,57.1,66.8,64.9,33.1,42.4,41.1,42.4,40.6,29.9,29.7,30.8,27.0,53.4
2009,Barnwell County; South Carolina,17709,10149,10149,8926,1223,0,7560,10149,12.1,9345,4614,4614,4042,1789,1061,3699,2374,8720,6827,1281,105,199,90,218,31.6,8926,2395,1520,1633,74,893,2411,8926,256,629,45,011,2256,121,880,693,96,322,706,1544,411,381,631,8926,6526,1972,428,0,8412,1287,666,1164,1024,1366,1391,917,372,146,79,35888,46627,5965,52673,2438,14397,1756,14750,576,5420,182,2107,1483,5934,687,314,809,660,1041,1090,782,372,107,72,42057,53200,18239,2478,21745,29263,25545,37726,29905,(X),(X),(X),(X),(X),(X),(X),18.9,29.3,29.6,9.7,13.2,17.7,40.8,48.4,46.3,21.7,35.0,34.9,40.8,32.7,17.2,18.1,12.7,20.4,29.9
2009,Beaufort County; South Carolina,118592,73355,65793,61571,4222,7562,45237,65793,6.4,60264,33336,32387,30078,11619,7221,18928,13410,66855,49397,8976,328,2270,1535,4349,20.2,61571,19419,13496,16561,228,7291,4576,61571,445,7356,45,013,2182,1274,7911,2152,1056,4900,7736,10464,9375,3430,3290,61571,48025,8849,4619,78,58198,3682,2286,5658,6872,8316,10878,7384,7465,2608,3049,54131,78506,43032,66710,21107,17566,15516,36291,927,6672,727,3087,3547,40463,1574,1054,3260,3828,5439,7946,5889,6380,2385,2708,65571,90573,32116,17735,34588,49519,26049,39562,32682,(X),(X),(X),(X),(X),(X),(X),7.8,14.7,15.1,3.3,5.9,4.4,30.6,35.7,49.1,10.5,15.7,15.6,16.8,15.0,8.9,9.8,6.4,8.7,18.7
2009,Berkeley County; South Carolina,126079,85122,80948,74850,6098,4174,40957,80948,7.5,63786,38021,37578,34889,13654,8519,26060,17657,77089,63372,7728,472,2254,856,2407,25.9,74850,21121,11847,19550,204,9918,12210,74850,382,7805,45,015,9368,1830,9578,5562,1417,3947,8037,12180,6347,3692,4705,74850,57787,13459,3468,136,56203,3952,2715,5998,6866,9013,12543,7572,5396,1299,849,49286,59396,46817,57642,13556,13853,12380,19364,1776,7407,892,2827,5434,40779,1796,1280,3823,4444,6345,9862,6460,4874,1128,767,55608,66355,21979,15424,30889,37476,26283,37907,30325,(X),(X),(X),(X),(X),(X),(X),9.6,14.4,11.5,3.4,3.8,2.4,30.8,37.0,31.8,12.7,18.3,18.1,17.5,18.3,10.7,10.5,11.7,10.5,24.8
2009,Calhoun County; South Carolina,11933,7250,7245,6434,811,5,4683,7245,11.2,6368,3653,3653,3291,912,593,2138,1728,6313,4815,576,94,48,317,463,28.6,6434,1738,919,1689,66,703,1319,6434,241,515,45,017,1034,222,567,599,74,396,496,1377,212,299,402,6434,4643,1361,411,19,5967,707,517,805,771,823,1101,555,564,94,30,37402,49168,4287,51436,2172,13547,1296,19361,255,7945,100,1757,780,3801,169,224,438,355,544,915,468,564,94,30,55618,62448,20960,2166,19783,24986,26533,41263,29710,(X),(X),(X),(X),(X),(X),(X),10.6,18.3,23.6,5.0,6.3,0.0,26.5,31.3,50.5,14.3,18.0,17.8,24.5,15.7,13.3,12.1,18.0,10.6,31.0
2009,Charleston County; South Carolina,278272,184745,181757,168789,12968,2988,93527,181757,7.1,145839,89540,89153,83106,26170,17279,43414,31466,168296,134152,16429,2795,4759,4092,6069,22.0,168789,63525,29544,43944,414,15349,16013,168789,620,13262,45,019,9142,5149,20812,8582,4016,11067,20852,37406,21215,8020,8646,168789,126169,31609,10851,160,139754,13245,7233,15297,15803,21268,24426,16082,14945,5070,6385,47770,69249,112767,67191,34308,14274,25841,23581,4153,7592,1685,2785,10998,82880,4939,2917,7882,7660,11426,15161,11971,11166,4406,5352,60168,84053,28963,56874,33840,45819,28139,41649,33529,(X),(X),(X),(X),(X),(X),(X),11.3,18.7,17.3,4.0,5.6,2.8,30.6,39.6,44.2,15.6,23.1,22.8,27.4,20.7,13.4,13.9,11.1,13.0,23.5
2009,Cherokee County; South Carolina,42260,25278,25239,21974,3265,39,16982,25239,12.9,22118,11773,11773,10119,3658,2469,8102,5199,21192,17712,2814,35,204,126,301,22.2,21974,4699,3080,5160,115,2831,6089,21974,251,1898,45,021,6112,690,2962,1421,110,588,913,3886,1673,770,700,21974,18019,2929,981,45,20545,2662,1749,3105,2809,3099,3722,1875,1168,248,108,34808,44448,14979,47323,7386,13789,3903,13948,929,6009,534,2536,2957,13609,1045,466,1622,1992,2172,3185,1744,1063,237,83,46081,53357,18052,6936,19136,25312,25485,39053,27768,(X),(X),(X),(X),(X),(X),(X),13.8,21.9,23.8,7.2,10.3,9.0,35.2,47.2,59.9,18.3,26.1,25.8,30.7,24.1,15.8,16.4,12.7,15.5,32.9
2009,Chester County; South Carolina,25655,14637,14637,13179,1458,0,11018,14637,10.0,13673,7106,7106,6420,2400,1593,5077,3636,12982,10967,1499,17,192,166,141,26.7,13179,2630,1927,3087,30,1571,3934,13179,120,1006,45,023,3492,641,1561,883,212,540,615,2039,816,637,617,13179,10830,1783,557,9,12891,1679,1384,2033,1834,1780,2087,1156,656,148,134,31964,43671,9509,47208,4475,12763,2115,11584,471,7980,272,2011,1829,8805,959,499,1211,1240,1260,1697,1052,605,148,134,40088,51432,17798,4086,19561,25047,25859,36693,26535,(X),(X),(X),(X),(X),(X),(X),18.5,27.2,42.2,8.3,9.6,30.6,41.5,47.8,63.4,20.6,30.9,30.2,45.2,24.7,17.2,16.7,19.6,19.3,27.5
2009,Chesterfield County; South Carolina,33468,19859,19775,17713,2062,84,13609,19775,10.4,17514,9227,9227,8166,3060,2109,6550,4635,17400,13580,2605,94,218,305,598,25.4,17713,4301,2651,3713,255,2123,4670,17713,459,1422,45,025,4458,460,2454,917,234,471,1060,3261,1035,748,734,17713,13961,2468,1231,53,16191,2336,1539,2369,2074,2544,2749,1110,1093,223,154,33968,44020,11320,49657,5363,13350,2608,14152,972,6827,268,3584,3091,10939,913,635,1342,1572,1940,2308,984,915,180,150,41411,51714,17582,5252,16420,25720,24068,35004,26761,(X),(X),(X),(X),(X),(X),(X),15.8,24.7,38.5,6.5,9.4,5.1,41.3,50.4,80.7,20.9,29.6,29.1,38.8,25.9,18.0,18.1,17.5,17.8,36.2
2009,Clarendon County; South Carolina,26306,14029,14004,12317,1687,25,12277,14004,12.0,13399,6599,6599,5749,2115,1544,4677,3504,12036,9431,1600,63,121,457,364,25.9,12317,3015,2430,2389,258,1336,2889,12317,536,963,45,027,2112,291,1297,713,105,567,617,2705,1185,586,640,12317,9623,2045,609,40,12641,1557,1294,2149,1842,1887,2097,893,725,128,69,31761,42355,9020,42556,4762,13407,2851,15496,645,6601,211,2467,2231,8737,652,525,1463,1437,1298,1751,804,636,128,43,38935,48725,16532,3904,16926,27017,21470,29505,26794,(X),(X),(X),(X),(X),(X),(X),16.2,26.6,21.2,7.8,11.3,14.8,37.2,50.8,28.4,22.5,33.6,32.9,34.1,32.4,19.1,19.8,16.7,19.7,35.9
2009,Colleton County; South Carolina,30444,17588,17488,15505,1983,100,12856,17488,11.3,16163,8452,8452,7572,3004,2235,6036,4307,15049,12041,2086,120,331,182,289,32.8,15505,3685,2895,3511,154,2634,2626,15505,487,1630,45,029,2080,330,1549,822,363,869,1323,3399,1243,711,699,15505,11254,2931,1246,74,14729,2055,1310,2187,1970,2414,2714,900,869,172,138,34135,44845,10716,44895,4872,13842,3309,16160,861,6970,426,2595,2243,10017,812,729,1315,1300,1759,2269,760,786,153,134,40873,53060,17784,4712,18972,25593,22491,35149,26135,(X),(X),(X),(X),(X),(X),(X),17.8,25.4,12.9,8.3,10.9,0.0,41.5,51.4,41.9,21.4,28.8,28.6,35.2,26.3,19.0,18.9,19.4,18.9,35.3
2009,Darlington County; South Carolina,52408,31679,31651,28113,3538,28,20729,31651,11.2,28046,15546,15546,13880,4825,3396,10074,7581,27538,22124,3668,69,412,622,643,21.9,28113,7631,4853,6591,228,2710,6100,28113,760,1469,45,031,6378,719,3262,1439,403,1360,1864,6242,1774,1327,1116,28113,22998,3750,1328,37,25154,2982,2312,2976,3475,3952,4412,2613,1440,634,358,38753,50016,19027,52496,7825,13917,5099,14771,1798,5862,762,2689,3762,17118,1031,1053,2081,2263,2679,3525,2183,1332,629,342,46923,58974,19794,8036,22264,28403,25255,38852,28810,(X),(X),(X),(X),(X),(X),(X),14.8,22.4,22.7,7.0,9.2,4.4,36.9,44.7,54.8,19.3,28.9,28.9,30.3,28.4,16.0,16.2,15.3,17.4,29.6
2009,Dillon County; South Carolina,23140,12963,12936,11789,1147,27,10177,12936,8.9,12700,6427,6403,5918,2970,1524,5200,3648,11489,9414,1409,191,226,73,176,21.7,11789,2234,1809,2673,255,1379,3439,11789,336,739,45,033,3054,672,1363,591,38,392,566,2229,822,545,442,11789,9575,1711,493,10,11419,1532,1429,2270,1446,1845,1653,703,463,47,31,27588,37303,8280,39101,4107,12037,1750,11763,1075,7722,460,2272,2679,7674,710,762,1428,936,1246,1532,615,370,44,31,35020,42630,14074,3745,16971,24317,20509,29957,21824,(X),(X),(X),(X),(X),(X),(X),25.2,37.0,43.9,14.0,20.3,26.7,43.9,53.9,73.1,29.8,44.3,44.2,59.5,38.2,24.1,24.1,24.1,28.5,36.3
2009,Dorchester County; South Carolina,93720,62583,61262,56722,4540,1321,31137,61262,7.4,48329,29746,29608,27181,9676,6414,21553,15821,56617,47071,6146,146,587,579,2088,27.4,56722,17576,8702,15197,203,7524,7520,56722,415,5631,45,035,7178,1675,6553,3182,1228,3037,5508,11138,4872,2496,3809,56722,43632,9930,3125,35,42675,2548,2045,3840,4567,6611,9333,6462,5278,1240,751,54139,64014,35510,62601,10098,14246,9473,21959,1354,6701,823,3231,4029,31428,1027,1050,2431,2795,4693,7288,5579,4762,1106,697,62431,71443,23505,11247,33024,40918,28566,43652,30640,(X),(X),(X),(X),(X),(X),(X),8.4,12.7,17.6,2.9,4.0,5.1,25.4,33.1,48.2,11.2,15.9,15.6,22.1,13.3,9.4,9.3,10.3,9.3,23.1
2009,Edgefield County; South Carolina,20667,11328,11293,10475,818,35,9339,11293,7.2,9418,5230,5230,4852,1607,967,3545,2527,10269,8221,1568,147,90,94,149,26.5,10475,2857,1598,2252,163,1038,2567,10475,357,637,45,037,1929,262,1349,636,118,447,855,2152,682,597,454,10475,8061,1726,665,23,8852,967,844,1046,944,904,1932,871,1067,198,79,44391,54917,6823,57115,2420,14395,1729,19227,483,7945,64,947,1178,6448,385,517,693,501,609,1702,786,1002,174,79,57030,63966,20089,2404,20810,29501,25472,40020,29726,(X),(X),(X),(X),(X),(X),(X),15.4,23.8,12.0,8.1,11.6,0.0,40.3,53.7,42.7,18.5,29.8,29.4,32.6,28.3,14.9,14.6,16.6,16.8,29.2
2009,Fairfield County; South Carolina,18521,10424,10424,9630,794,0,8097,10424,7.6,9849,5380,5380,5070,1633,1093,3678,2917,9395,7978,1015,5,36,190,171,27.8,9630,2524,1775,2408,9,877,2037,9630,42,599,45,039,1678,269,926,759,183,521,820,1939,639,338,917,9630,6918,2152,537,23,8275,1429,522,1410,1070,1096,1184,834,486,198,46,32120,44462,5611,51573,2851,13592,1813,13081,350,7296,130,1797,1009,5066,342,198,635,750,743,1054,704,429,167,44,47159,56842,18491,3209,17677,23596,25643,36423,30139,(X),(X),(X),(X),(X),(X),(X),12.9,20.0,17.8,4.7,8.6,0.0,26.9,33.8,28.2,20.7,27.3,27.0,38.2,23.2,18.7,18.0,21.7,16.4,41.7
2009,Florence County; South Carolina,102462,63734,63582,58065,5517,152,38728,63582,8.7,55268,32112,32047,29336,11025,7726,19652,14709,56922,46773,5964,293,905,720,2267,21.5,58065,18521,9612,15227,226,5644,8835,58065,534,3626,45,041,8221,1785,7323,2756,889,4198,3952,15132,4636,2840,2173,58065,45681,8534,3754,96,49189,4850,3505,6578,6420,7659,8898,4883,4234,1256,906,41142,55539,38577,56871,15188,14032,7916,17979,3176,7209,829,3092,6743,34552,2150,1477,4079,4053,5623,7172,4310,3721,1156,811,49670,64314,21538,14637,23421,33193,25795,39534,29021,(X),(X),(X),(X),(X),(X),(X),13.2,19.6,18.1,5.9,7.4,7.3,30.8,39.1,33.8,16.8,24.5,24.3,27.7,22.9,14.2,14.1,14.5,14.8,28.5
2009,Georgetown County; South Carolina,48135,26470,26390,23845,2545,80,21665,26390,9.6,25295,12898,12898,11754,4356,2630,8169,5934,23487,18787,2736,318,269,504,873,24.2,23845,6525,5161,5676,386,2759,3338,23845,498,2354,45,043,2551,360,2606,878,232,1641,2189,4555,3297,1438,1246,23845,18294,3779,1746,26,22092,2605,1454,3177,2584,2571,3932,2336,2068,634,731,42283,61529,15135,59925,9118,15312,5549,25212,871,7801,361,2135,2321,15434,1118,670,1801,1573,1911,3243,1982,1907,560,669,54047,73139,24147,6658,21986,33790,22366,39161,28343,(X),(X),(X),(X),(X),(X),(X),13.8,23.0,21.9,5.2,7.6,2.5,42.2,50.8,66.7,19.3,28.2,27.8,35.1,25.0,16.7,18.4,10.6,16.4,35.2
2009,Greenville County; South Carolina,336260,220357,219911,203327,16584,446,115903,219911,7.5,173342,100621,100569,92613,35148,21151,65440,44751,198848,164517,20354,918,4056,2585,6418,21.2,203327,70009,30383,54333,368,20115,28119,203327,707,17784,45,045,35661,7877,24246,7845,4336,11170,21288,38359,17868,11039,5147,203327,170618,19955,12479,275,166342,13578,10365,20185,19113,25163,30104,19650,17698,5326,5160,46671,63622,133889,65013,44285,15225,25792,17697,4556,7690,3060,3227,14007,110793,5953,3563,10537,11299,16363,22223,15846,15539,4862,4608,58138,75134,25390,55549,27850,39105,26961,43540,32352,(X),(X),(X),(X),(X),(X),(X),10.4,16.1,21.7,4.7,6.6,8.9,29.4,37.5,55.1,13.8,19.4,18.9,24.4,16.7,11.9,12.3,9.9,11.6,23.6
2009,Greenwood County; South Carolina,53675,33229,33192,29894,3298,37,20446,33192,9.9,28904,16167,16167,14501,5419,3808,10498,7928,29061,24861,2687,88,749,189,487,19.8,29894,8831,4679,6740,135,2904,6605,29894,183,1957,45,047,7268,614,3510,1150,309,1285,1953,6647,2291,1700,1027,29894,23768,4505,1563,58,25659,2334,1952,3502,3583,3916,4509,2764,1982,598,519,39801,54757,19340,55769,8567,15460,5349,17788,1119,7493,436,2861,2886,17331,1190,660,1938,2377,2507,3508,2322,1809,549,471,49956,64506,21630,8328,23952,32304,25260,36561,29104,(X),(X),(X),(X),(X),(X),(X),12.7,22.4,24.9,3.9,5.1,6.6,37.1,49.3,63.1,16.8,26.4,26.5,33.0,24.0,13.7,14.7,9.5,15.1,25.1
2009,Hampton County; South Carolina,16192,8374,8307,7510,797,67,7818,8307,9.6,8004,3863,3855,3484,1450,928,3510,2350,7463,5917,1094,175,179,44,54,32.6,7510,1504,1637,1468,155,1167,1579,7510,317,798,45,049,1126,78,1015,255,55,151,665,1510,567,284,689,7510,5300,1870,337,3,7111,939,551,1289,866,1213,1246,590,355,58,4,34285,41608,5088,43510,2319,13875,1546,16271,337,6778,89,2919,954,4885,357,325,657,646,961,994,563,323,55,4,41314,48811,15438,2226,19065,23121,22055,31277,25150,(X),(X),(X),(X),(X),(X),(X),16.5,24.1,41.3,8.8,14.0,30.3,40.0,48.6,65.2,20.2,26.8,25.6,30.1,23.8,17.7,17.5,18.6,18.1,32.6
2009,Horry County; South Carolina,202499,126783,126597,117288,9309,186,75716,126597,7.4,104032,59982,59968,55439,16771,10954,31262,23405,114465,94025,11939,489,1585,2168,4259,20.7,117288,32619,25567,34721,397,14763,9221,117288,790,13714,45,051,5144,2732,18263,4187,2376,9780,10754,17912,22346,4966,4324,117288,94793,13612,8673,210,106733,8000,6989,14009,14155,18692,20613,11511,8173,2230,2361,42642,57291,81665,54146,36564,15642,23987,23119,2768,7889,1194,3503,9710,68809,3392,2615,7281,7585,12282,15607,9301,6879,1849,2018,51691,66747,24790,37924,27694,36783,23505,36209,28813,(X),(X),(X),(X),(X),(X),(X),10.5,19.7,24.2,4.4,7.0,6.3,33.6,42.7,51.4,15.2,23.9,23.5,29.6,20.9,12.9,14.2,8.1,12.1,25.9
2009,Jasper County; South Carolina,17131,10086,10086,9146,940,0,7045,10086,9.3,7981,4428,4428,4023,1958,1037,2783,2002,8981,6831,1410,61,107,170,402,30.4,9146,1809,2401,1952,107,1564,1313,9146,282,1255,45,053,415,183,1244,893,32,486,964,1522,992,522,356,9146,7124,1208,778,36,7253,859,597,1017,999,1268,1082,851,368,121,91,36288,47580,5623,48156,2370,13897,1283,17036,251,5748,66,4030,991,4944,334,205,717,630,1036,811,747,282,146,36,43007,53680,17162,2309,19547,30140,20938,33997,24834,(X),(X),(X),(X),(X),(X),(X),13.7,21.2,28.2,3.7,3.3,0.0,35.5,47.7,58.7,19.9,32.1,31.9,33.4,31.2,15.6,15.9,14.2,17.1,33.7
2009,Kershaw County; South Carolina,45151,28038,27835,25676,2159,203,17113,27835,7.8,23774,13553,13470,12450,4450,3043,9023,7130,25190,20967,2991,164,310,108,650,27.5,25676,7480,3852,6660,183,3255,4246,25676,445,2583,45,055,4202,386,3306,1086,218,1879,2089,5045,1636,1065,1736,25676,19079,4550,1928,119,22651,1429,1549,3013,3014,3349,4649,2616,2342,429,261,45035,56459,17433,56468,7175,14761,4939,21721,983,7831,344,1920,2369,16674,755,618,1789,2174,2413,3874,2330,2110,350,261,53309,63691,22011,5977,23662,32594,27265,40551,29900,(X),(X),(X),(X),(X),(X),(X),11.6,18.4,13.4,4.7,5.9,3.1,32.6,41.9,57.1,14.8,20.8,20.8,23.7,19.7,12.7,12.9,12.1,12.7,26.9
2009,Lancaster County; South Carolina,58146,33741,33738,30136,3602,3,24405,33738,10.7,29660,15921,15921,14063,5287,3022,11579,7895,29350,24870,3069,13,293,473,632,27.3,30136,6989,4635,8495,142,4035,5840,30136,388,2913,45,057,6470,1123,3871,1193,408,2123,2151,5145,1809,1684,858,30136,25067,3550,1504,15,26006,2815,2070,3572,3403,4180,4918,2582,1836,342,288,38590,49189,19038,53217,8236,15427,4474,16570,1242,7722,596,3038,2949,18083,1216,965,2121,2105,3215,3973,2260,1639,320,269,47753,56421,18929,7923,22162,31490,26229,38057,29388,(X),(X),(X),(X),(X),(X),(X),14.1,22.2,21.8,7.6,12.7,0.0,37.3,41.8,66.9,19.0,26.8,26.6,35.6,23.4,16.4,17.2,12.9,17.1,29.9
2009,Laurens County; South Carolina,55461,32186,32179,28819,3360,7,23275,32179,10.4,28917,15678,15678,13778,4731,2780,9969,6504,28009,21559,3954,101,765,723,907,23.8,28819,6747,4647,6680,100,3557,7088,28819,356,2172,45,059,7189,624,3483,1691,435,1229,1932,5442,1794,1572,900,28819,22881,3740,2140,58,26288,2515,1944,3879,3634,4541,5300,2415,1531,318,211,38816,47461,19942,48140,9498,14416,5830,13796,1338,6931,368,1598,3763,18322,1133,862,2374,2468,3222,4341,2096,1375,280,171,46287,53887,18650,7966,21741,30122,22834,36250,26538,(X),(X),(X),(X),(X),(X),(X),13.9,23.9,32.0,7.1,9.4,2.8,33.1,47.6,61.1,19.0,28.9,27.7,37.1,24.3,15.9,15.6,17.3,15.7,34.1
2009,Lee County; South Carolina,15992,7601,7601,6297,1304,0,8391,7601,17.2,7649,3593,3593,3007,1427,799,2802,1866,6116,4544,1082,54,120,104,212,27.4,6297,1335,1083,1238,97,824,1720,6297,242,333,45,061,1242,220,673,363,28,399,367,1383,278,395,374,6297,4769,1105,409,14,6584,1134,777,1399,708,832,944,440,229,71,50,24847,37055,4309,42241,2321,12378,1025,12254,565,8172,268,3803,1964,4324,418,325,872,503,708,759,446,185,62,46,35846,45403,13185,2260,14507,20725,19499,32263,27010,(X),(X),(X),(X),(X),(X),(X),23.0,33.5,23.6,10.6,16.6,0.0,44.1,50.6,45.7,29.2,41.5,41.4,58.9,35.0,25.0,25.9,21.2,25.9,46.1
2009,Lexington County; South Carolina,190017,130394,129787,122199,7588,607,59623,129787,5.8,99112,62070,62028,58438,19580,13060,39953,30895,120050,99376,11639,305,1277,3017,4436,24.5,122199,42628,16798,34708,337,13806,13922,122199,973,10934,45,063,12985,4419,13720,6289,2616,9901,10991,25082,9741,6330,8218,122199,93493,21529,6921,256,95936,5972,4226,10652,10032,15157,19903,13131,11658,2891,2314,51983,64463,79118,63979,24820,15072,17841,20911,2282,7930,1145,2104,6509,65950,2703,1759,5213,5440,9666,14783,11297,10356,2641,2092,63432,74756,25819,29986,31128,39280,30366,43708,33824,(X),(X),(X),(X),(X),(X),(X),8.2,12.4,15.0,3.4,4.2,5.2,27.8,33.4,47.9,10.9,15.2,15.0,21.3,12.6,9.4,9.5,8.8,9.1,19.5
2009,McCormick County; South Carolina,8737,3949,3946,3334,612,3,4788,3946,15.5,4073,1941,1941,1706,379,287,901,728,3186,2746,316,0,36,2,86,26.7,3334,719,889,744,5,353,624,3334,62,287,45,065,481,88,265,125,10,161,235,775,276,235,334,3334,2158,888,281,7,3799,476,268,502,674,604,598,386,222,32,37,34786,48254,2476,42219,1969,17769,1337,22336,221,5219,64,1608,569,2744,205,117,357,434,484,526,386,180,32,23,40257,55501,18537,1055,18932,28641,20000,30654,24512,(X),(X),(X),(X),(X),(X),(X),13.3,32.2,60.5,5.3,9.1,38.2,40.2,55.0,64.6,16.8,31.7,31.3,56.0,24.2,13.8,16.4,8.0,15.2,27.5
2009,Marion County; South Carolina,26614,15257,15257,13720,1537,0,11357,15257,10.1,14492,7537,7537,6833,2329,1443,5183,3810,13445,9973,2303,191,220,177,581,24.8,13720,3044,2636,3192,321,1597,2930,13720,343,1085,45,067,2327,461,1822,631,68,925,584,3103,1088,666,617,13720,10408,2452,825,35,12904,1833,1273,2367,1718,1892,2019,876,708,117,101,29626,41227,9476,42348,4602,12857,2087,13525,1070,6912,174,4757,2840,9248,936,545,1701,1474,1481,1540,749,615,117,90,34729,46064,15892,3656,15982,26942,20635,30234,23635,(X),(X),(X),(X),(X),(X),(X),20.3,28.9,35.7,7.1,6.9,1.6,37.2,49.3,52.1,24.1,33.4,32.9,43.8,28.8,20.9,21.5,17.7,22.1,34.9
2009,Marlboro County; South Carolina,22664,11186,11143,9457,1686,43,11478,11143,15.1,10865,5410,5375,4563,2092,1708,3716,2963,9204,7383,1354,69,134,134,130,21.2,9457,1693,1602,1874,242,922,3124,9457,298,624,45,069,3143,308,1041,355,48,303,380,1467,949,304,237,9457,8055,1059,343,0,9964,1700,1056,2105,1419,1287,1462,503,347,63,22,26002,34737,6698,37718,3846,12713,1700,11033,758,6506,175,2355,1981,6562,660,576,1479,914,844,1251,438,315,63,22,31065,40575,12981,3402,16527,22173,19519,27469,23618,(X),(X),(X),(X),(X),(X),(X),21.4,27.8,23.6,9.2,5.2,6.8,39.9,49.4,38.2,25.4,34.6,34.6,34.7,34.6,22.2,22.5,21.0,23.1,36.9
2009,Newberry County; South Carolina,29867,18673,18567,16920,1647,106,11194,18567,8.9,15402,8404,8348,7518,2913,1715,5565,3839,16558,13338,2378,40,185,259,358,23.1,16920,4397,2909,3742,321,1918,3633,16920,518,1480,45,071,3661,401,2267,800,93,550,1196,3241,1443,557,713,16920,13445,2498,955,22,14055,1488,949,1981,1655,2198,2605,1551,1293,224,111,41080,52279,10561,53826,4866,14443,2813,18451,425,5896,89,2138,1683,9889,758,423,1084,1012,1723,2010,1394,1189,191,105,49336,60512,20237,4166,21839,30593,24988,36669,28234,(X),(X),(X),(X),(X),(X),(X),12.4,17.9,23.5,3.8,4.5,3.1,40.0,47.0,55.3,15.6,21.9,21.6,28.8,18.6,13.7,14.2,11.2,13.3,27.5
2009,Oconee County; South Carolina,57074,32646,32615,29902,2713,31,24428,32615,8.3,29429,15009,15009,13690,4578,3288,9888,6539,29191,23804,3491,99,473,478,846,23.8,29902,9011,4409,7028,147,3565,5742,29902,367,2342,45,073,6183,501,2920,2132,287,1218,1773,6925,2909,1471,874,29902,22178,4937,2671,116,29802,3059,2408,3428,4217,4272,5631,2884,2573,684,646,41095,55253,21172,55604,11596,15297,7160,20834,954,6871,367,2095,2703,20554,1157,923,1788,2826,3008,4599,2640,2354,637,622,53183,66194,23411,9248,20300,28679,26407,40313,29438,(X),(X),(X),(X),(X),(X),(X),11.7,19.5,22.9,6.5,10.4,5.5,41.5,47.2,59.3,16.1,22.2,22.1,27.7,20.0,14.4,15.8,9.6,13.1,31.2
2009,Orangeburg County; South Carolina,71069,41199,41147,36170,4977,52,29870,41147,12.1,39064,20816,20798,18465,7106,4754,12342,9663,35073,28855,3756,159,691,952,660,23.2,36170,9178,5856,8599,457,4050,8030,36170,852,2820,45,075,7365,959,4126,1925,435,1183,2445,8148,2685,1703,1524,36170,27134,6413,2621,2,34394,5860,2801,5007,4599,4984,5421,2782,2028,495,417,32132,44742,25201,46681,10846,13644,6851,17335,1904,7063,755,1982,5918,22680,2445,1399,3033,3049,3457,4238,2419,1809,417,414,40000,53426,17612,11714,18510,26370,21517,34346,27229,(X),(X),(X),(X),(X),(X),(X),20.2,31.5,35.1,7.8,12.4,10.3,42.9,51.8,57.4,25.4,33.9,33.6,38.8,31.5,22.6,23.3,19.3,22.0,40.4
2009,Pickens County; South Carolina,94005,56033,55903,51311,4592,130,37972,55903,8.2,47033,25909,25896,23421,7577,4843,16186,11544,49917,41848,4444,390,1479,646,1110,23.2,51311,17240,7931,12171,200,5779,7990,51311,340,4609,45,077,9129,1080,6232,2313,828,2370,3220,12763,4459,2523,1445,51311,39510,8562,3055,184,44601,4749,3203,5553,5872,6784,8343,5099,3386,851,761,41969,53381,34853,53792,13606,15216,7702,16790,1244,7557,572,3690,3576,29982,1472,820,3055,3519,4837,7284,4470,3022,794,709,53987,64720,20626,14619,20103,28967,21615,41449,30699,(X),(X),(X),(X),(X),(X),(X),9.2,15.7,25.7,6.5,11.9,20.4,22.6,34.7,57.5,16.5,17.0,16.7,21.0,15.1,16.4,18.0,8.6,10.2,42.6
2009,Richland County; South Carolina,284091,195748,182203,168064,14139,13545,88343,182203,7.8,149257,98275,93551,85966,27593,19966,51996,41283,176980,135195,17953,2740,3535,3456,14101,21.6,168064,66807,29710,44322,209,10522,16494,168064,657,8718,45,079,13015,4646,18276,6566,4634,15897,16758,41478,15195,7332,14892,168064,120611,38839,8456,158,137279,11941,7339,14886,16178,20838,25383,16582,15012,4852,4268,47969,64920,115322,63240,30730,14276,26242,21421,3451,6747,2112,2339,13198,83899,4579,2876,7093,7529,11288,16609,12698,13009,4390,3828,61987,79809,25865,53380,31743,39916,26105,42750,33412,(X),(X),(X),(X),(X),(X),(X),10.1,14.9,17.3,2.9,3.3,3.3,28.7,34.9,44.1,13.8,17.2,16.8,21.5,14.9,12.6,12.9,10.2,10.8,24.4
2009,Saluda County; South Carolina,15016,9650,9650,8912,738,0,5366,9650,7.6,7378,4418,4418,4045,1324,1055,2824,2286,8436,6410,1556,24,99,109,238,28.7,8912,1950,1015,1897,449,1347,2254,8912,552,1061,45,081,2187,227,1075,348,26,312,426,1694,244,245,515,8912,6838,1507,558,9,6484,729,351,850,743,1328,1169,508,575,161,70,41510,51517,4920,53387,2257,15034,1078,17955,175,5474,109,2546,844,4644,299,153,665,550,960,808,476,513,161,59,45463,57675,19522,1840,22412,30524,23141,31506,28402,(X),(X),(X),(X),(X),(X),(X),10.6,16.2,27.2,4.6,7.1,15.6,25.3,32.5,60.9,13.2,14.1,14.1,19.3,12.0,12.9,12.3,15.5,10.1,30.5
2009,Spartanburg County; South Carolina,216873,133896,133761,122662,11099,135,82977,133761,8.3,112734,63518,63518,57897,21491,13975,41488,29038,119142,100802,12111,348,1941,1348,2592,21.6,122662,37121,19368,28994,376,12725,24078,122662,711,10019,45,083,26187,5171,13964,5095,2156,5500,9442,24324,10560,6066,3467,122662,99972,15642,6651,397,106227,9255,8059,13876,13559,15397,20999,11571,8810,2645,2056,42349,56123,81121,58929,34286,14987,19821,15344,3446,7241,1139,2597,8218,73398,3500,2828,7995,8682,10895,16950,10042,8132,2456,1918,53398,66395,22230,32829,22563,31202,27036,41070,30865,(X),(X),(X),(X),(X),(X),(X),10.6,16.6,22.2,5.2,7.3,10.1,29.8,37.6,48.1,14.1,19.7,19.1,24.3,17.1,12.2,12.4,11.3,11.8,26.6
2009,Sumter County; South Carolina,80161,47860,44829,39572,5257,3031,32301,44829,11.7,42474,23073,22522,19543,8894,6093,16257,10925,41644,34789,4859,251,555,505,685,21.4,39572,10834,7059,8792,101,4203,8583,39572,249,2732,45,085,7269,1035,4597,1921,739,1948,2204,8069,3308,1929,3572,39572,29044,8519,1959,50,39197,4111,2822,6058,5291,6298,7279,3893,2419,589,437,37752,49001,29413,49824,11716,13037,8686,18863,2494,8040,781,3466,5116,26793,1776,1456,3488,3614,4363,5654,3354,2131,555,402,44836,56151,19025,12404,23437,31117,24657,35208,28285,(X),(X),(X),(X),(X),(X),(X),14.9,23.3,28.1,5.2,7.3,6.6,38.8,47.4,65.4,19.0,28.1,27.9,35.3,24.8,15.7,15.8,15.2,17.4,27.2
2009,Union County; South Carolina,22173,12556,12554,11183,1371,2,9617,12554,10.9,11929,6346,6346,5650,2035,1568,3765,2922,10911,9061,1354,0,104,215,177,24.3,11183,3033,1996,2168,40,1248,2698,11183,177,838,45,087,2919,276,1078,561,100,439,589,2629,744,320,513,11183,8376,2145,651,11,11462,1684,923,2016,1335,2043,1731,1036,516,82,96,33345,42689,8036,44906,4426,14027,2291,12649,829,7398,301,1824,1849,7770,710,439,1175,769,1652,1443,954,450,82,96,42139,50950,17990,3692,18136,23557,24043,38187,26908,(X),(X),(X),(X),(X),(X),(X),17.0,27.0,36.6,5.6,7.6,16.4,44.1,54.1,58.9,20.2,27.6,27.5,30.4,26.4,17.9,17.8,18.6,17.2,34.3
2009,Williamsburg County; South Carolina,27554,14294,14291,12325,1966,3,13260,14291,13.8,14201,7022,7019,6040,2545,1722,4733,3647,11800,9344,1107,458,179,264,448,26.4,12325,2801,2667,2936,118,1202,2601,12325,263,747,45,089,1968,106,1102,1040,174,705,672,2995,942,606,1005,12325,8635,2849,737,104,11755,1960,1640,2130,1481,1619,1458,712,533,179,43,25948,38142,7855,42413,4874,11931,1810,16085,1093,7694,318,1258,2411,8159,853,828,1464,1127,1267,1215,693,512,157,43,32307,45289,14636,3596,13938,20751,20634,34559,22307,(X),(X),(X),(X),(X),(X),(X),24.3,37.2,51.3,10.8,12.4,10.9,47.0,58.6,86.2,29.5,40.1,39.6,51.1,35.4,26.0,25.9,26.2,27.2,43.1
2009,York County; South Carolina,161891,112109,111977,102734,9243,132,49782,111977,8.3,84398,53588,53550,49223,16951,11631,33704,26336,99886,81259,11905,399,1431,874,4018,24.3,102734,35304,15138,27030,394,9927,14941,102734,596,8482,45,091,15853,4567,11152,6200,2394,8222,8802,18751,9724,4844,3147,102734,84463,12449,5555,267,78451,5439,3953,8539,8598,11577,15087,10592,9493,2924,2249,51332,66399,64651,67265,20670,15223,13778,17235,1706,7281,1102,2125,7217,55406,2766,1344,4334,5128,7706,11626,9294,8328,2801,2079,63549,76733,25674,23045,28959,39384,29439,45262,33138,(X),(X),(X),(X),(X),(X),(X),9.2,15.0,15.7,3.5,5.2,4.6,30.9,40.1,52.3,12.3,18.3,17.9,20.7,16.8,10.3,10.6,8.5,10.3,23.1
