year,county_name,sex_and_age_total_population,sex_and_age_male,sex_and_age_female,sex_and_age_under_5_years,sex_and_age_5_to_9_years,sex_and_age_10_to_14_years,sex_and_age_15_to_19_years,sex_and_age_20_to_24_years,sex_and_age_25_to_34_years,sex_and_age_35_to_44_years,sex_and_age_45_to_54_years,sex_and_age_55_to_59_years,sex_and_age_60_to_64_years,sex_and_age_65_to_74_years,sex_and_age_75_to_84_years,sex_and_age_85_years_and_over,sex_and_age_median_age_years,sex_and_age_18_years_and_over,sex_and_age_21_years_and_over,sex_and_age_62_years_and_over,sex_and_age_65_years_and_over,sex_and_age_18_years_and_over,sex_and_age_male,sex_and_age_female,sex_and_age_65_years_and_over,sex_and_age_male,sex_and_age_female,race_total_population,race_one_race,race_two_or_more_races,race_one_race,race_one_race_white,race_one_race_black_or_african_american,race_one_race_american_indian_and_alaska_native,race_one_race_american_indian_and_alaska_native_ch,race_one_race_american_indian_and_alaska_native_ch,race_one_race_american_indian_and_alaska_native_na,race_one_race_american_indian_and_alaska_native_si,race_one_race_asian,race_one_race_asian_asian_indian,race_one_race_asian_chinese,race_one_race_asian_filipino,race_one_race_asian_japanese,race_one_race_asian_korean,race_one_race_asian_vietnamese,state_fips,county_fips,race_one_race_asian_other_asian,race_one_race_native_hawaiian_and_other_pacific_is,race_one_race_native_hawaiian_and_other_pacific_is,race_one_race_native_hawaiian_and_other_pacific_is,race_one_race_native_hawaiian_and_other_pacific_is,race_one_race_native_hawaiian_and_other_pacific_is,race_one_race_some_other_race,race_two_or_more_races,race_two_or_more_races_white_and_black_or_african_,race_two_or_more_races_white_and_american_indian_a,race_two_or_more_races_white_and_asian,race_two_or_more_races_black_or_african_american_a,race_race_alone_or_in_combination_with_one_or_more,race_white,race_black_or_african_american,race_american_indian_and_alaska_native,race_asian,race_native_hawaiian_and_other_pacific_islander,race_some_other_race,hispanic_or_latino_and_race_total_population,hispanic_or_latino_and_race_hispanic_or_latino_of_,hispanic_or_latino_and_race_hispanic_or_latino_of_,hispanic_or_latino_and_race_hispanic_or_latino_of_,hispanic_or_latino_and_race_hispanic_or_latino_of_,hispanic_or_latino_and_race_hispanic_or_latino_of_,hispanic_or_latino_and_race_not_hispanic_or_latino,hispanic_or_latino_and_race_not_hispanic_or_latino,hispanic_or_latino_and_race_not_hispanic_or_latino,hispanic_or_latino_and_race_not_hispanic_or_latino,hispanic_or_latino_and_race_not_hispanic_or_latino,hispanic_or_latino_and_race_not_hispanic_or_latino,hispanic_or_latino_and_race_not_hispanic_or_latino,hispanic_or_latino_and_race_not_hispanic_or_latino,hispanic_or_latino_and_race_not_hispanic_or_latino,hispanic_or_latino_and_race_not_hispanic_or_latino,total_housing_units
2011,Aiken County; South Carolina,158253,76615,81638,9727,9662,10600,11066,9675,18975,19689,23965,11370,9493,13630,8048,2353,40.0,121696,115074,29561,24031,121696,57984,63712,24031,10614,13417,158253,155885,2368,155885,110509,39411,339,151,0,0,0,1122,123,348,331,26,71,174,45,003,49,59,0,59,0,0,4445,2368,660,890,440,42,158253,112742,40160,1300,1655,107,4673,158253,7444,4354,801,307,1982,150809,107723,39180,339,1103,39,279,2146,49,2097,71685
2011,Allendale County; South Carolina,10548,5720,4828,612,537,785,751,654,1466,1408,1540,663,747,784,420,181,37.8,8173,7749,1707,1385,8173,4377,3796,1385,592,793,10548,10516,32,10516,2548,7812,15,3,0,0,0,0,0,0,0,0,0,0,45,005,0,0,0,0,0,0,141,32,0,13,0,4,10548,2576,7831,32,0,15,141,10548,149,24,8,0,117,10399,2540,7812,15,0,0,0,32,0,32,4506
2011,Edgefield County; South Carolina,26782,14412,12370,1425,1647,1572,1824,1568,3478,3913,4243,1658,1998,2098,1032,326,40.2,21006,19827,4531,3456,21006,11483,9523,3456,1522,1934,26782,26522,260,26522,15796,10257,67,0,0,0,0,54,20,0,0,0,11,12,45,037,11,0,0,0,0,0,348,260,0,124,8,22,26782,15989,10306,250,72,18,454,26782,1315,944,106,9,256,25467,15023,10197,10,54,0,20,163,7,156,10487
2011,Chester County; South Carolina,33190,16003,17187,2105,1912,2531,2466,1867,3619,4428,5005,2569,1880,2792,1624,392,40.4,25055,23741,5816,4808,25055,11790,13265,4808,2011,2797,33190,32719,471,32719,19880,12503,204,7,0,0,0,101,0,51,13,0,34,0,45,023,3,7,0,7,0,0,24,471,248,31,59,9,33190,20268,12834,244,160,7,148,33190,496,249,63,0,184,32694,19664,12307,204,101,7,0,411,74,337,14727
2011,Colleton County; South Carolina,38833,18738,20095,2498,2297,3110,2796,2290,4111,4867,5633,2929,2423,3479,1732,668,40.0,29183,27563,7303,5879,29183,13845,15338,5879,2621,3258,38833,38691,142,38691,22638,15521,385,13,0,0,0,27,0,27,0,0,0,0,45,029,0,0,0,0,0,0,120,142,91,27,0,0,38833,22767,15622,412,40,3,131,38833,1077,991,75,0,11,37756,21618,15521,385,27,0,74,131,0,131,19810
2011,Marion County; South Carolina,33335,15427,17908,2250,1923,2376,2419,2044,3906,4046,4842,2482,2247,2790,1537,473,39.4,25283,23847,5969,4800,25283,11371,13912,4800,1882,2918,33335,33074,261,33074,13846,18752,29,0,0,0,0,100,0,100,0,0,0,0,45,067,0,0,0,0,0,0,347,261,175,38,8,2,33335,14105,18967,107,108,0,347,33335,817,659,21,50,87,32518,13447,18702,8,100,0,0,261,0,261,15006
2011,Lexington County; South Carolina,257756,125732,132024,17147,18041,17257,17189,16054,33602,36880,38910,16877,14696,18081,9353,3669,37.5,194335,184576,39691,31103,194335,93613,100722,31103,13450,17653,257756,253155,4601,253155,209828,36731,908,372,16,0,0,3480,932,970,336,104,234,164,45,063,740,116,10,86,20,0,2092,4601,1603,1118,826,149,257756,214007,38947,2410,4581,249,2541,257756,13484,8439,1059,341,3645,244272,199362,36219,895,3472,116,299,3909,49,3860,112422
2011,Oconee County; South Carolina,73629,36339,37290,4177,4247,4382,4538,4304,7964,9207,10371,5230,5595,8159,4329,1126,42.8,58039,55354,16854,13614,58039,28277,29762,13614,6249,7365,73629,72532,1097,72532,65731,5667,129,10,0,0,3,323,69,200,31,13,5,5,45,073,0,0,0,0,0,0,682,1097,400,306,79,33,73629,66728,6100,492,542,105,832,73629,3182,2394,344,93,351,70447,63406,5666,121,323,0,11,920,58,862,38251
2011,Berkeley County; South Carolina,174679,87191,87488,12764,12418,11560,12789,13348,25831,24934,24397,10282,9155,11023,4814,1364,34.4,130515,122381,22016,17201,130515,64719,65796,17201,7689,9512,174679,170589,4090,170589,117276,44236,895,162,0,0,0,4213,376,515,2169,156,246,584,45,015,167,174,53,33,29,59,3795,4090,1361,805,786,247,174679,120743,46373,2301,5284,195,4201,174679,9966,5437,2187,201,2141,164713,111895,43455,829,4145,174,551,3664,192,3472,72028
2011,Charleston County; South Carolina,346981,168211,178770,22737,20141,18386,22846,31084,54479,43839,47968,21953,19905,24093,14013,5537,35.8,273989,255985,54483,43643,273989,131065,142924,43643,18475,25168,346981,342288,4693,342288,225940,105285,996,269,15,0,20,4352,818,1062,1091,238,350,367,45,019,426,266,128,22,0,116,5449,4693,1286,814,950,502,346981,229255,107443,2503,6037,748,5858,346981,17691,11684,1806,477,3724,329290,215060,104327,801,4248,266,310,4278,173,4105,168768
2011,Georgetown County; South Carolina,60280,28802,31478,3392,3821,3523,3771,2920,5747,6839,8767,4781,5028,7136,3359,1196,45.1,47123,45203,14803,11691,47123,21985,25138,11691,5305,6386,60280,59979,301,59979,38060,20453,76,4,0,19,0,409,268,43,17,16,8,57,45,043,0,0,0,0,0,0,981,301,47,135,56,8,60280,38312,20533,233,506,0,1011,60280,1860,1668,63,9,120,58420,37444,20400,52,234,0,5,285,16,269,33563
2011,Marlboro County; South Carolina,28977,15340,13637,1651,1823,1695,2093,1607,4145,4109,4390,2035,1626,2280,1098,425,38.7,22602,21328,4593,3803,22602,11995,10607,3803,1591,2212,28977,28165,812,28165,11979,14879,965,275,0,0,0,119,13,28,0,0,47,0,45,069,31,62,62,0,0,0,161,812,175,430,12,55,28977,12671,15187,1524,145,69,245,28977,534,332,88,0,114,28443,11735,14858,930,119,62,5,734,6,728,12078
2011,Anderson County; South Carolina,185675,89635,96040,11918,11939,13211,12535,10646,21588,25136,27280,12150,11549,15658,8675,3390,39.7,140998,133717,34447,27723,140998,66902,74096,27723,11909,15814,185675,182705,2970,182705,150229,29394,216,135,0,0,8,1269,452,223,260,49,52,136,45,007,97,28,28,0,0,0,1569,2970,1573,735,210,52,185675,153013,31221,1163,1651,144,1701,185675,5252,2717,1002,261,1272,180423,146557,29273,187,1269,28,236,2873,38,2835,84370
2011,Chesterfield County; South Carolina,46378,22548,23830,2869,3212,3439,3464,2611,5161,6465,6902,2798,3254,3632,1898,673,39.1,34746,32765,8070,6203,34746,16736,18010,6203,2639,3564,46378,45693,685,45693,29998,15257,66,6,0,0,0,194,19,72,65,0,12,23,45,025,3,0,0,0,0,0,178,685,265,307,19,0,46378,30654,15551,373,213,0,272,46378,1623,1448,89,32,54,44755,28650,15239,49,194,0,28,595,6,589,21343
2011,Greenwood County; South Carolina,69243,32535,36708,4631,4504,4514,5180,5059,8364,8929,9416,4135,4182,5431,3391,1507,38.2,52738,49301,12521,10329,52738,24068,28670,10329,4254,6075,69243,68214,1029,68214,44128,21160,57,49,0,0,0,636,56,38,203,96,70,42,45,047,131,70,70,0,0,0,2163,1029,432,197,61,329,69243,44825,21927,583,697,70,2173,69243,3654,2831,399,45,379,65589,42699,21032,57,636,70,140,955,0,955,30929
2011,Horry County; South Carolina,265139,129781,135358,15127,14734,14781,16083,18268,33474,33849,36467,19284,18772,27167,13574,3559,41.3,211389,200896,55303,44300,211389,102322,109067,44300,20370,23930,265139,261914,3225,261914,210575,36453,1221,274,0,0,13,3062,579,458,527,173,139,413,45,051,773,74,0,0,0,74,10529,3225,1395,834,410,132,265139,213566,38112,2204,3634,162,10776,265139,15544,9565,1345,201,4433,249595,205305,36330,1212,3035,74,748,2891,87,2804,183061
2011,Kershaw County; South Carolina,61010,29622,31388,4118,4161,4125,4167,3318,6755,8161,9397,4435,3812,4915,2619,1027,40.3,45977,43645,10570,8561,45977,21798,24179,8561,3655,4906,61010,60525,485,60525,43751,15425,249,102,0,0,0,268,57,0,42,6,93,9,45,055,61,0,0,0,0,0,832,485,147,121,112,0,61010,44161,15655,378,380,0,929,61010,2165,1258,360,15,532,58845,42579,15373,247,268,0,22,356,0,356,27169
2011,Orangeburg County; South Carolina,92503,43603,48900,6273,5519,5876,7654,7748,10362,10548,13019,6519,5448,7754,4155,1628,37.5,70874,65197,16884,13537,70874,32439,38435,13537,5607,7930,92503,91890,613,91890,32000,57807,505,10,0,0,221,731,276,63,44,61,30,105,45,075,152,0,0,0,0,0,847,613,280,174,53,26,92503,32523,58193,718,812,0,886,92503,1705,985,417,31,272,90798,31577,57577,503,731,0,26,384,0,384,42364
2011,Spartanburg County; South Carolina,281777,136715,145062,19005,19286,18666,21040,18216,34113,39117,40569,18444,15870,21410,12273,3768,37.9,212687,199977,45953,37451,212687,101295,111392,37451,15683,21768,281777,277197,4580,277197,209220,58074,650,210,0,0,0,5577,1215,198,615,74,287,323,45,083,2865,77,0,28,5,44,3599,4580,2230,823,536,99,281777,213280,60981,1825,6369,140,4061,281777,15908,12353,1200,318,2037,265869,198054,57041,492,5561,77,524,4120,100,4020,122029
2011,Bamberg County; South Carolina,16061,7568,8493,951,1184,777,1449,1340,1515,1649,2433,1228,970,1481,600,484,40.0,12429,11368,3086,2565,12429,5801,6628,2565,1074,1491,16061,16010,51,16010,5807,10012,0,0,0,0,0,46,10,0,0,0,0,36,45,009,0,0,0,0,0,0,145,51,25,5,0,0,16061,5837,10037,5,67,0,166,16061,187,131,16,1,39,15874,5753,10012,0,46,0,14,49,21,28,7692
2011,Beaufort County; South Carolina,159048,78718,80330,10521,9046,8844,9993,11597,19559,17468,18424,9823,11996,19270,9658,2849,40.7,125453,118467,39054,31777,125453,61646,63807,31777,15091,16686,159048,156378,2670,156378,117669,30941,298,24,0,10,5,1816,292,263,512,131,125,204,45,013,289,11,11,0,0,0,5643,2670,1035,421,304,288,159048,119645,32565,1130,2460,190,5888,159048,18347,10510,1877,177,5783,140701,105503,30628,255,1768,11,210,2326,17,2309,91430
2011,Calhoun County; South Carolina,15198,7427,7771,898,878,980,964,862,1478,1956,2433,1302,1037,1449,730,231,43.8,11827,11246,3050,2410,11827,5645,6182,2410,1084,1326,15198,14954,244,14954,8322,6517,10,3,0,0,0,17,0,15,0,0,0,0,45,017,2,0,0,0,0,0,88,244,123,64,9,0,15198,8550,6650,86,48,0,114,15198,402,218,81,0,103,14796,8034,6517,10,17,0,0,218,0,218,7336
2011,Dillon County; South Carolina,31745,14681,17064,2413,2615,2041,2331,2006,3732,4128,4532,2022,1778,2350,1275,522,37.2,23232,21897,5276,4147,23232,10425,12807,4147,1598,2549,31745,31051,694,31051,15231,14660,646,185,0,0,0,56,40,0,16,0,0,0,45,033,0,0,0,0,0,0,458,694,149,429,51,5,31745,15894,14832,1080,151,38,462,31745,847,811,9,4,23,30898,15004,14642,494,56,0,70,632,0,632,13697
2011,Saluda County; South Carolina,19681,10001,9680,1386,1098,1385,1188,1292,2395,2447,2820,1304,1228,1809,906,423,40.1,15079,14320,3695,3138,15079,7547,7532,3138,1420,1718,19681,19435,246,19435,12905,5232,0,0,0,0,0,4,0,0,0,0,4,0,45,081,0,0,0,0,0,0,1294,246,15,127,32,16,19681,13091,5307,143,80,0,1306,19681,2663,2479,24,66,94,17018,11535,5232,0,4,0,13,234,0,234,9253
2011,Richland County; South Carolina,378989,184327,194662,24285,22934,24415,33059,39404,56936,50236,51004,21673,18176,20481,11618,4768,32.7,291953,264658,46877,36867,291953,139964,151989,36867,15121,21746,378989,371876,7113,371876,182050,173123,792,282,0,2,12,8493,1782,1709,977,290,2035,784,45,079,916,335,60,152,57,66,7083,7113,2711,1052,1146,747,378989,187972,177432,3044,10089,617,7587,378989,17683,7601,5083,587,4412,361306,173103,171838,743,8422,334,627,6239,122,6117,159980
2011,Fairfield County; South Carolina,23916,11523,12393,1438,1655,1397,1520,1474,2526,2981,3842,1980,1592,2027,1049,435,42.1,18373,17497,4410,3511,18373,8662,9711,3511,1527,1984,23916,23691,225,23691,9188,14363,16,0,0,0,0,55,0,18,26,11,0,0,45,039,0,0,0,0,0,0,69,225,166,3,24,0,23916,9381,14561,19,111,0,69,23916,66,49,0,8,9,23850,9171,14363,16,55,0,20,225,0,225,11621
2011,Hampton County; South Carolina,21120,10806,10314,1396,1064,1673,1644,1254,2668,2908,3082,1317,1284,1646,829,355,38.3,15962,15132,3632,2830,15962,8126,7836,2830,1226,1604,21120,20872,248,20872,9007,11291,32,8,0,0,0,93,46,0,14,0,0,14,45,049,19,0,0,0,0,0,449,248,136,28,0,0,21120,9237,11458,93,115,10,493,21120,709,507,45,51,106,20411,8765,11285,17,93,0,46,205,7,198,9109
2011,Greenville County; South Carolina,445586,216316,229270,30919,29331,29880,30655,29427,59959,63332,64060,28383,23312,31808,17818,6702,37.1,337294,318322,69909,56328,337294,161212,176082,56328,23643,32685,445586,437482,8104,437482,341506,79963,976,337,18,0,9,8791,2649,1153,754,694,582,1251,45,045,1708,259,106,36,12,105,5987,8104,3083,1373,1004,418,445586,348639,83971,3026,10263,386,7741,445586,34699,17739,2926,766,13268,410887,315143,79543,798,8747,259,356,6041,196,5845,193513
2011,Lancaster County; South Carolina,74500,36804,37696,5021,4208,5350,4670,4168,9028,10687,10323,4602,5107,6830,3706,800,39.3,57014,54288,14273,11336,57014,27837,29177,11336,4887,6449,74500,73830,670,73830,54405,18131,242,43,0,0,0,406,136,70,48,40,22,53,45,057,37,0,0,0,0,0,646,670,371,139,60,56,74500,55019,18578,457,466,0,670,74500,3165,1867,483,102,713,71335,51829,18045,242,406,0,180,633,0,633,32190
2011,Dorchester County; South Carolina,133796,64944,68852,9608,9492,10657,9967,7898,17979,20098,19667,7952,7072,8347,3580,1479,35.6,97578,92215,17578,13406,97578,46700,50878,13406,5792,7614,133796,130076,3720,130076,92392,34029,835,124,24,0,0,1755,197,318,525,146,71,142,45,035,356,132,8,31,0,93,933,3720,1526,538,937,0,133796,95901,35867,1518,2857,250,1347,133796,5728,3022,838,245,1623,128068,88532,33732,771,1729,132,49,3123,31,3092,54162
2011,Florence County; South Carolina,135968,63690,72278,9245,9368,9182,9559,9323,17317,17787,19348,9674,7561,10155,5458,1991,37.3,102355,96374,21819,17604,102355,46834,55521,17604,7122,10482,135968,134218,1750,134218,76463,55778,161,12,0,12,0,1421,419,233,170,76,28,355,45,041,140,0,0,0,0,0,395,1750,707,493,307,80,135968,78085,56690,836,1798,3,408,135968,2940,1780,573,22,565,133028,74127,55566,161,1421,0,142,1611,0,1611,58093
2011,Laurens County; South Carolina,66859,32493,34366,4308,3837,4570,4989,4390,7427,8624,10063,4301,4525,5439,3262,1124,40.2,51298,47775,12605,9825,51298,24371,26927,9825,4156,5669,66859,65947,912,65947,47660,16850,84,32,0,0,0,242,94,102,0,0,24,22,45,059,0,116,90,0,0,26,995,912,415,274,3,2,66859,48470,17349,362,265,192,1135,66859,2633,1977,112,24,520,64226,46256,16826,55,242,116,0,731,2,729,30753
2011,McCormick County; South Carolina,10178,5432,4746,364,456,398,400,608,1163,1236,1377,804,1020,1569,651,132,49.0,8676,8432,3042,2352,8676,4745,3931,2352,1154,1198,10178,10054,124,10054,4951,5055,10,0,0,0,0,17,5,0,0,0,0,0,45,065,12,0,0,0,0,0,21,124,24,51,0,0,10178,5075,5128,110,17,0,21,10178,74,30,19,0,25,10104,4905,5048,10,17,0,0,124,0,124,5394
2011,Pickens County; South Carolina,118617,59150,59467,6506,6463,7046,11721,14571,13391,14427,15549,6706,6632,8877,4735,1993,34.7,94292,82512,19287,15605,94292,46701,47591,15605,6797,8808,118617,116534,2083,116534,105509,7558,360,59,0,0,53,1789,328,831,150,106,249,45,45,077,80,26,9,0,0,17,1292,2083,870,317,418,23,118617,107430,8577,700,2244,132,1654,118617,3678,2307,138,222,1011,114939,103585,7524,348,1767,26,39,1650,48,1602,51106
2011,Union County; South Carolina,28982,13808,15174,1739,1669,1970,1894,1643,2872,3936,4568,2039,1922,2642,1580,508,42.0,22364,21324,5774,4730,22364,10377,11987,4730,1915,2815,28982,28513,469,28513,19369,8913,41,11,0,0,0,38,0,12,0,0,9,0,45,087,17,56,0,56,0,0,96,469,315,102,0,0,28982,19838,9228,143,38,56,148,28982,292,129,56,3,104,28690,19225,8913,41,38,56,0,417,0,417,14125
2011,Williamsburg County; South Carolina,34719,17180,17539,2121,2318,2264,2370,2199,3997,4388,5097,2598,2357,2849,1450,711,40.6,26418,25066,6365,5010,26418,12648,13770,5010,2012,2998,34719,34328,391,34328,10943,23036,44,0,0,0,0,53,0,0,0,14,19,20,45,089,0,0,0,0,0,0,252,391,168,45,40,0,34719,11291,23218,118,123,0,374,34719,540,314,115,0,111,34179,10884,22923,23,53,0,0,296,13,283,15418
2011,Newberry County; South Carolina,37395,18331,19064,2453,2167,2519,2609,2500,4268,4788,5278,2590,2352,3266,1761,844,39.1,28845,27201,7096,5871,28845,13866,14979,5871,2468,3403,37395,36590,805,36590,23127,11223,32,0,0,0,11,155,115,0,0,0,8,10,45,071,22,6,0,6,0,0,2047,805,384,162,0,118,37395,23767,11848,324,230,6,2151,37395,2641,2053,64,0,524,34754,22661,11223,25,155,0,0,690,0,690,17874
2011,Clarendon County; South Carolina,34746,17146,17600,2019,1866,2435,2654,2472,3606,3923,4988,2371,2691,3508,1791,422,41.4,26874,25196,7238,5721,26874,13222,13652,5721,2627,3094,34746,34373,373,34373,16675,17389,49,0,0,0,0,19,0,0,0,19,0,0,45,027,0,0,0,0,0,0,241,373,189,130,0,39,34746,17009,17617,218,19,0,256,34746,895,535,119,0,241,33851,16033,17378,49,19,0,14,358,0,358,17322
2011,Sumter County; South Carolina,106899,51541,55358,7858,7810,7122,7971,8211,13913,13332,15113,6514,5454,7733,4542,1326,35.5,79491,74354,16579,13601,79491,37619,41872,13601,5594,8007,106899,105715,1184,105715,52943,50187,350,89,56,0,7,1285,244,78,471,127,178,73,45,085,114,11,0,0,11,0,939,1184,480,228,241,40,106899,53980,50866,664,1621,30,990,106899,3477,2106,506,66,799,103422,50525,50078,350,1285,9,39,1136,17,1119,45800
2011,Barnwell County; South Carolina,22638,10898,11740,1469,1340,1869,1697,1460,2489,2829,3405,1578,1353,1778,942,429,38.5,16831,15802,3747,3149,16831,7897,8934,3149,1322,1827,22638,22471,167,22471,12043,10146,127,7,0,0,0,75,68,0,0,0,7,0,45,011,0,0,0,0,0,0,80,167,59,0,21,50,22638,12145,10270,177,111,0,102,22638,435,277,142,16,0,22203,11786,10146,95,75,0,0,101,22,79,10458
2011,Darlington County; South Carolina,68581,32574,36007,4382,4745,4590,5070,4009,7691,9057,10089,4761,4577,5607,2905,1098,39.0,51767,48924,12115,9610,51767,24030,27737,9610,3992,5618,68581,67795,786,67795,38644,28314,98,30,0,0,0,208,188,0,18,2,0,0,45,031,0,0,0,0,0,0,531,786,479,210,54,4,68581,39426,28797,320,270,0,562,68581,1167,694,253,10,210,67414,37833,28263,98,208,0,245,767,12,755,30321
2011,York County; South Carolina,221441,106882,114559,15340,16647,15110,15924,13711,27783,33598,33037,13607,11939,14668,7743,2334,37.0,164680,155141,31366,24745,164680,77931,86749,24745,10636,14109,221441,217029,4412,217029,168510,41689,1491,92,0,6,24,3240,1020,355,283,75,268,751,45,091,488,35,12,0,23,0,2064,4412,1523,1188,553,312,221441,172458,43998,3388,3925,71,2408,221441,9595,4671,1381,563,2980,211846,161628,41300,1393,3240,35,266,3984,1,3983,92406
2011,Cherokee County; South Carolina,55111,26587,28524,3657,3947,3648,3899,3616,6440,7811,7790,3953,3015,4250,2399,686,37.8,41550,39028,9029,7335,41550,19699,21851,7335,3053,4282,55111,54286,825,54286,42203,10989,231,19,0,0,0,307,100,49,7,15,0,69,45,021,67,0,0,0,0,0,556,825,396,210,18,47,55111,42904,11561,540,351,16,629,55111,1956,1503,174,20,259,53155,40928,10930,111,307,0,54,825,73,752,23919
2011,Jasper County; South Carolina,24195,12732,11463,1915,1490,1679,1486,2224,3264,3370,3261,1367,1378,1674,873,214,35.1,18132,17166,3404,2761,18132,9505,8627,2761,1239,1522,24195,23426,769,23426,9678,11113,4,0,0,0,0,117,8,0,76,29,0,0,45,053,4,0,0,0,0,0,2514,769,6,166,74,430,24195,10017,11549,600,199,0,2607,24195,3435,2398,203,4,830,20760,8927,11081,0,117,0,114,521,3,518,9918
2011,Lee County; South Carolina,19412,10020,9392,1123,1273,1224,1376,1465,2492,2365,3031,1460,1017,1432,958,196,38.3,14992,14138,3162,2586,14992,7815,7177,2586,1031,1555,19412,19342,70,19342,6490,12555,25,0,0,0,0,18,0,0,18,0,0,0,45,061,0,0,0,0,0,0,254,70,3,35,0,6,19412,6528,12590,66,44,0,254,19412,342,326,0,0,16,19070,6421,12536,25,18,0,0,70,0,70,7789
2011,Abbeville County; South Carolina,25515,12469,13046,1567,1653,1631,2152,1394,2490,3164,3687,1922,1697,2319,1429,410,41.9,19561,18268,5189,4158,19561,9328,10233,4158,1779,2379,25515,25255,260,25255,17696,7493,13,0,0,0,0,22,0,9,2,11,0,0,45,001,0,0,0,0,0,0,31,260,104,129,20,0,25515,17956,7597,142,42,0,38,25515,88,85,0,0,3,25427,17630,7493,13,22,0,9,260,7,253,12082
