year,county_name,number_housing_occupancy_total_housing_units,number_housing_occupancy_total_housing_units_occup,number_housing_occupancy_total_housing_units_vacan,number_housing_occupancy_total_housing_units_homeo,number_housing_occupancy_total_housing_units_renta,number_units_in_structure_total_housing_units,number_units_in_structure_1_unit_detached,number_units_in_structure_1_unit_attached,number_units_in_structure_2_units,number_units_in_structure_3_or_4_units,number_units_in_structure_5_to_9_units,number_units_in_structure_10_to_19_units,number_units_in_structure_20_or_more_units,number_units_in_structure_mobile_home,number_units_in_structure_boat_rv_van_etc.,number_year_structure_built_total_housing_units,number_year_structure_built_built_2005_or_later,number_year_structure_built_built_2000_to_2004,number_year_structure_built_built_1990_to_1999,number_year_structure_built_built_1980_to_1989,number_year_structure_built_built_1970_to_1979,number_year_structure_built_built_1960_to_1969,number_year_structure_built_built_1950_to_1959,number_year_structure_built_built_1940_to_1949,number_year_structure_built_built_1939_or_earlier,number_rooms_total_housing_units,number_rooms_1_room,number_rooms_2_rooms,number_rooms_3_rooms,number_rooms_4_rooms,number_rooms_5_rooms,number_rooms_6_rooms,number_rooms_7_rooms,number_rooms_8_rooms,number_rooms_9_rooms_or_more,state_fips,county_fips,number_rooms_median_rooms,number_bedrooms_total_housing_units,number_bedrooms_no_bedroom,number_bedrooms_1_bedroom,number_bedrooms_2_bedrooms,number_bedrooms_3_bedrooms,number_bedrooms_4_bedrooms,number_bedrooms_5_or_more_bedrooms,number_housing_tenure_occupied_housing_units,number_housing_tenure_occupied_housing_units_owner,number_housing_tenure_occupied_housing_units_rente,number_housing_tenure_occupied_housing_units_avera,number_housing_tenure_occupied_housing_units_avera,number_year_householder_moved_into_unit_occupied_h,number_year_householder_moved_into_unit_occupied_h,number_year_householder_moved_into_unit_occupied_h,number_year_householder_moved_into_unit_occupied_h,number_year_householder_moved_into_unit_occupied_h,number_year_householder_moved_into_unit_occupied_h,number_year_householder_moved_into_unit_occupied_h,number_vehicles_available_occupied_housing_units,number_vehicles_available_occupied_housing_units_n,number_vehicles_available_occupied_housing_units_1,number_vehicles_available_occupied_housing_units_2,number_vehicles_available_occupied_housing_units_3,number_house_heating_fuel_occupied_housing_units,number_house_heating_fuel_occupied_housing_units_u,number_house_heating_fuel_occupied_housing_units_b,number_house_heating_fuel_occupied_housing_units_e,number_house_heating_fuel_occupied_housing_units_f,number_house_heating_fuel_occupied_housing_units_c,number_house_heating_fuel_occupied_housing_units_w,number_house_heating_fuel_occupied_housing_units_s,number_house_heating_fuel_occupied_housing_units_o,number_house_heating_fuel_occupied_housing_units_n,number_selected_characteristics_occupied_housing_u,number_selected_characteristics_occupied_housing_u,number_selected_characteristics_occupied_housing_u,number_selected_characteristics_occupied_housing_u,number_occupants_per_room_occupied_housing_units,number_occupants_per_room_occupied_housing_units_1,number_occupants_per_room_occupied_housing_units_1,number_occupants_per_room_occupied_housing_units_1,number_value_owner_occupied_units,number_value_owner_occupied_units_less_than_50000,number_value_owner_occupied_units_50000_to_99999,number_value_owner_occupied_units_100000_to_149999,number_value_owner_occupied_units_150000_to_199999,number_value_owner_occupied_units_200000_to_299999,number_value_owner_occupied_units_300000_to_499999,number_value_owner_occupied_units_500000_to_999999,number_value_owner_occupied_units_1000000_or_more,number_value_owner_occupied_units_median_dollars,number_mortgage_status_owner_occupied_units,number_mortgage_status_owner_occupied_units_housin,number_mortgage_status_owner_occupied_units_housin,number_selected_monthly_owner_costs_smoc_housing_u,number_selected_monthly_owner_costs_smoc_housing_u,number_selected_monthly_owner_costs_smoc_housing_u,number_selected_monthly_owner_costs_smoc_housing_u,number_selected_monthly_owner_costs_smoc_housing_u,number_selected_monthly_owner_costs_smoc_housing_u,number_selected_monthly_owner_costs_smoc_housing_u,number_selected_monthly_owner_costs_smoc_housing_u,number_selected_monthly_owner_costs_smoc_housing_u,number_selected_monthly_owner_costs_smoc_housing_u,number_selected_monthly_owner_costs_smoc_housing_u,number_selected_monthly_owner_costs_smoc_housing_u,number_selected_monthly_owner_costs_smoc_housing_u,number_selected_monthly_owner_costs_smoc_housing_u,number_selected_monthly_owner_costs_smoc_housing_u,number_selected_monthly_owner_costs_smoc_housing_u,number_selected_monthly_owner_costs_as_a_percentag,number_selected_monthly_owner_costs_as_a_percentag,number_selected_monthly_owner_costs_as_a_percentag,number_selected_monthly_owner_costs_as_a_percentag,number_selected_monthly_owner_costs_as_a_percentag,number_selected_monthly_owner_costs_as_a_percentag,number_selected_monthly_owner_costs_as_a_percentag,number_selected_monthly_owner_costs_as_a_percentag,number_selected_monthly_owner_costs_as_a_percentag,number_selected_monthly_owner_costs_as_a_percentag,number_selected_monthly_owner_costs_as_a_percentag,number_selected_monthly_owner_costs_as_a_percentag,number_selected_monthly_owner_costs_as_a_percentag,number_selected_monthly_owner_costs_as_a_percentag,number_selected_monthly_owner_costs_as_a_percentag,number_selected_monthly_owner_costs_as_a_percentag,number_gross_rent_occupied_units_paying_rent,number_gross_rent_occupied_units_paying_rent_less_,number_gross_rent_occupied_units_paying_rent_200_t,number_gross_rent_occupied_units_paying_rent_300_t,number_gross_rent_occupied_units_paying_rent_500_t,number_gross_rent_occupied_units_paying_rent_750_t,number_gross_rent_occupied_units_paying_rent_1000_,number_gross_rent_occupied_units_paying_rent_1500_,number_gross_rent_occupied_units_paying_rent_media,number_gross_rent_occupied_units_paying_rent_no_re,number_gross_rent_as_a_percentage_of_household_inc,number_gross_rent_as_a_percentage_of_household_inc,number_gross_rent_as_a_percentage_of_household_inc,number_gross_rent_as_a_percentage_of_household_inc,number_gross_rent_as_a_percentage_of_household_inc,number_gross_rent_as_a_percentage_of_household_inc,number_gross_rent_as_a_percentage_of_household_inc,number_gross_rent_as_a_percentage_of_household_inc
2009,Adair County; Kentucky,7948,6717,1231,0.6,6.5,7948,5455,141,187,204,111,133,29,1666,22,7948,79,680,1454,1369,1210,1020,957,449,730,7948,32,99,475,1656,2316,1483,668,662,557,21,001,5.2,7948,32,657,2292,3748,907,312,6717,5126,1591,2.63,2.24,6717,1575,1467,1899,813,526,437,6717,721,2138,2287,1571,6717,903,671,4308,267,0,544,0,8,16,6717,122,98,461,6717,6601,78,38,5126,1416,1777,853,482,324,141,113,20,79100,5126,2554,2572,2554,37,386,617,784,588,92,50,762,2572,108,803,915,344,402,238,2509,975,436,240,245,613,45,2539,1135,480,217,156,89,108,354,33,1413,136,278,554,373,61,11,0,417,178,1392,162,244,304,82,105,495,199
2009,Allen County; Kentucky,8467,7099,1368,2.9,8.8,8467,5798,116,184,190,151,6,0,2010,12,8467,271,708,2016,1202,1092,862,636,648,1032,8467,13,42,427,1693,2454,1797,975,576,490,21,003,5.3,8467,13,323,2602,4145,1049,335,7099,5416,1683,2.63,2.48,7099,1769,1513,2007,903,424,483,7099,450,2193,2525,1931,7099,1140,1163,4366,64,0,366,0,0,0,7099,58,73,466,7099,6989,101,9,5416,1327,2130,1085,462,228,98,77,9,85400,5416,3144,2272,3144,34,268,485,1054,1065,114,124,919,2272,123,434,938,498,279,248,3025,1393,493,266,130,743,119,2272,914,502,291,219,68,86,192,0,1447,34,290,510,453,148,12,0,473,236,1447,167,194,250,259,108,469,236
2009,Anderson County; Kentucky,8958,8214,744,2.2,8.9,8958,7053,147,559,186,122,0,43,825,23,8958,317,1148,1980,1505,1485,904,579,244,796,8958,89,64,177,1542,2321,1934,1468,681,682,21,005,5.6,8958,89,339,2159,5076,1162,133,8214,6315,1899,2.55,2.50,8214,1963,2491,2151,758,510,341,8214,214,2051,3505,2444,8214,2003,628,5199,57,0,316,0,0,11,8214,40,108,651,8214,8096,96,22,6315,412,1358,1943,1340,812,378,33,39,134400,6315,4497,1818,4497,0,124,340,1150,1766,723,394,1167,1818,33,202,689,462,432,298,4486,1934,893,642,229,788,11,1804,959,225,235,174,107,0,104,14,1706,12,9,364,817,471,26,7,644,193,1706,353,180,337,218,167,451,193
2009,Ballard County; Kentucky,4019,3502,517,2.4,8.3,4019,3117,16,45,80,70,26,0,659,6,4019,50,212,576,481,844,696,469,294,397,4019,15,25,284,727,1209,805,354,331,269,21,007,5.3,4019,15,284,1323,1944,363,90,3502,2928,574,2.43,1.87,3502,625,755,1107,338,355,322,3502,225,898,1331,1048,3502,1325,748,1354,22,0,48,0,5,0,3502,20,22,99,3502,3457,34,11,2928,793,1164,567,163,152,38,51,0,72600,2928,1625,1303,1625,13,184,387,593,337,77,34,798,1303,87,372,416,272,156,248,1625,936,211,91,102,285,0,1285,735,240,125,54,36,22,73,18,467,48,87,102,193,34,3,0,491,107,465,49,91,110,64,29,122,109
2009,Barren County; Kentucky,18110,16465,1645,2.4,5.6,18110,12975,145,938,808,448,37,130,2629,0,18110,452,1944,3565,2125,3449,1997,1826,1014,1738,18110,93,248,964,2677,4668,3780,2461,1763,1456,21,009,5.6,18110,93,1106,4649,9180,2497,585,16465,11540,4925,2.48,2.39,16465,4256,4385,3806,1762,1366,890,16465,1047,5042,6415,3961,16465,5384,2806,7412,147,0,617,14,62,23,16465,216,224,642,16465,16023,337,105,11540,2057,4129,2442,1464,891,387,143,27,95000,11540,6812,4728,6812,38,423,1265,2368,1803,571,344,903,4728,167,845,1720,1013,983,277,6768,3411,930,673,603,1151,44,4673,2129,858,473,373,209,107,524,55,4323,248,369,1204,1931,461,49,61,537,602,4299,817,420,604,424,399,1635,626
2009,Bath County; Kentucky,5315,4159,1156,4.8,15.5,5315,3283,19,8,42,132,84,44,1678,25,5315,81,400,1270,762,883,573,550,136,660,5315,31,26,308,1008,1395,1073,750,408,316,21,011,5.4,5315,31,335,1598,2611,587,153,4159,3311,848,2.86,2.26,4159,872,956,1303,445,318,265,4159,322,1249,1429,1159,4159,836,798,2128,41,11,345,0,0,0,4159,44,16,359,4159,4060,89,10,3311,945,1436,376,322,205,27,0,0,75300,3311,1682,1629,1682,0,58,483,640,258,202,41,788,1629,49,436,469,381,294,276,1666,571,147,330,174,444,16,1629,607,466,133,139,50,21,213,0,638,79,137,217,199,6,0,0,387,210,627,33,27,60,168,63,276,221
2009,Bell County; Kentucky,13892,11222,2670,1.0,8.6,13892,8471,89,364,782,553,120,222,3291,0,13892,64,418,2593,2421,3174,1091,1557,981,1593,13892,277,119,832,3364,3755,2732,1348,833,632,21,013,5.1,13892,277,999,5019,6237,1032,328,11222,7597,3625,2.47,2.50,11222,2192,2427,2788,1408,1501,906,11222,1721,4257,3516,1728,11222,2134,194,7961,409,336,161,0,0,27,11222,145,63,1132,11222,11030,147,45,7597,3301,2346,1163,475,205,67,8,32,56500,7597,3110,4487,3110,84,536,766,1000,560,135,29,741,4487,461,1833,1435,534,224,197,3100,1483,350,331,211,725,10,4367,2106,912,527,245,226,61,290,120,2989,562,424,1062,825,83,33,0,400,636,2955,461,291,240,337,294,1332,670
2009,Boone County; Kentucky,43933,40722,3211,1.7,9.8,43933,29368,2325,707,891,2791,4141,1541,2158,11,43933,2526,9568,13359,6213,4716,3168,2258,636,1489,43933,274,363,2031,5297,9081,8606,6186,5085,7010,21,015,6.1,43933,284,3203,10155,18284,10366,1641,40722,30931,9791,2.87,2.34,40722,12818,13744,9149,2845,1101,1065,40722,1712,10828,18638,9544,40722,19916,2882,15801,1550,0,399,0,90,84,40722,54,14,2146,40722,40345,218,159,30931,1550,3072,7256,7493,7075,3450,909,126,173800,30931,25748,5183,25748,19,382,1177,3655,9575,6517,4423,1402,5183,42,395,1029,1215,2502,394,25722,11085,5091,3175,1819,4552,26,5123,2630,1016,470,332,87,133,455,60,9476,139,227,491,3432,2767,1807,613,786,315,9448,1116,1641,1392,1170,762,3367,343
2009,Bourbon County; Kentucky,8942,8253,689,0.9,4.5,8942,6404,248,440,578,475,75,34,688,0,8942,267,640,1242,1061,1300,1285,825,437,1885,8942,59,174,503,1703,2579,1293,895,803,933,21,017,5.3,8942,59,726,2672,3920,1221,344,8253,5020,3233,2.40,2.23,8253,2518,2035,1946,696,511,547,8253,666,3066,2765,1756,8253,2847,835,3867,404,0,122,0,126,52,8253,33,57,804,8253,8190,50,13,5020,521,1178,1168,939,593,248,201,172,134000,5020,3182,1838,3182,34,113,394,786,1053,560,242,1107,1838,26,240,587,348,637,316,3182,1323,492,403,244,720,0,1766,799,315,129,126,123,12,262,72,2786,228,173,694,1189,342,125,35,583,447,2769,381,424,303,294,148,1219,464
2009,Boyd County; Kentucky,22704,20359,2345,2.2,7.3,22704,16935,80,698,560,499,731,672,2529,0,22704,221,1080,2618,2476,4590,3015,2971,2155,3578,22704,264,487,1206,3668,4786,4713,3092,2018,2470,21,019,5.7,22704,273,1635,6702,10041,3237,816,20359,14312,6047,2.35,2.08,20359,5036,5161,4177,2232,1880,1873,20359,1882,7028,7286,4163,20359,10405,660,8704,139,17,289,5,86,54,20359,69,19,1091,20359,20201,148,10,14312,2951,5344,2808,1636,983,474,66,50,89600,14312,8654,5658,8654,21,542,1696,2803,2406,905,281,910,5658,65,1018,1786,1738,1051,298,8612,4551,1200,984,563,1314,42,5528,2657,1171,637,345,246,163,309,130,5281,719,333,1137,2047,914,123,8,541,766,5144,815,664,569,565,441,2090,903
2009,Boyle County; Kentucky,12342,10989,1353,2.3,7.9,12342,9001,189,882,521,434,125,269,921,0,12342,355,771,2242,1426,2314,1440,1441,788,1565,12342,62,153,549,2342,3012,2062,1612,900,1650,21,021,5.5,12342,62,806,3612,5761,1572,529,10989,7557,3432,2.43,2.31,10989,3114,2788,2515,1170,780,622,10989,777,3616,4607,1989,10989,5103,564,4817,87,0,327,0,51,40,10989,27,73,463,10989,10849,133,7,7557,914,2132,1885,1098,796,504,182,46,120600,7557,4619,2938,4619,5,220,735,1442,1308,550,359,975,2938,31,534,712,870,791,324,4555,2072,790,502,378,813,64,2880,1366,583,303,189,128,88,223,58,3204,119,220,792,1451,494,76,52,572,228,3156,578,454,315,419,368,1022,276
2009,Bracken County; Kentucky,3911,3252,659,2.3,6.1,3911,2809,14,61,24,10,27,96,862,8,3911,46,150,802,497,383,202,456,303,1072,3911,8,16,161,655,925,979,612,240,315,21,023,5.7,3911,28,173,1229,1876,401,204,3252,2475,777,2.66,2.62,3252,617,809,922,383,186,335,3252,178,1158,1120,796,3252,987,378,1416,212,0,259,0,0,0,3252,26,3,93,3252,3232,14,6,2475,518,963,448,243,172,122,6,3,87400,2475,1461,1014,1461,0,149,260,445,472,107,28,934,1014,26,281,240,245,222,279,1461,682,259,141,61,318,0,1014,476,177,132,96,31,29,73,0,619,69,58,241,209,42,0,0,470,158,613,132,107,107,62,36,169,164
2009,Breathitt County; Kentucky,7211,5919,1292,3.1,4.7,7211,3892,68,180,97,165,32,6,2771,0,7211,69,592,1079,1482,1727,961,537,473,291,7211,107,59,255,1201,2243,1827,816,375,328,21,025,5.4,7211,121,422,2725,3025,788,130,5919,4401,1518,2.55,2.74,5919,962,1059,1684,1002,874,338,5919,777,2453,1911,778,5919,510,696,3814,258,306,318,0,0,17,5919,113,122,930,5919,5848,52,19,4401,2437,1138,485,162,107,54,11,7,40200,4401,1217,3184,1217,0,116,337,497,216,48,3,776,3184,532,1136,831,512,173,194,1217,569,161,61,65,361,0,3113,1432,563,381,204,154,105,274,71,1028,157,123,509,124,107,8,0,383,490,969,91,86,109,139,80,464,549
2009,Breckinridge County; Kentucky,10442,7309,3133,1.9,14.6,10442,7109,0,188,99,107,153,72,2714,0,10442,98,799,1838,1461,2429,1546,886,310,1075,10442,266,255,1208,1960,2628,1833,1156,586,550,21,027,5.1,10442,282,758,3345,4644,1078,335,7309,5786,1523,2.56,2.55,7309,1407,1836,1860,1052,669,485,7309,427,1812,2508,2562,7309,1616,1998,2852,46,0,757,0,17,23,7309,48,25,248,7309,7077,175,57,5786,1422,2113,751,742,463,192,103,0,81100,5786,3032,2754,3032,22,304,741,847,884,165,69,851,2754,116,809,940,443,446,259,3029,1460,380,280,300,609,3,2735,1492,349,243,226,109,82,234,19,1225,80,88,523,413,79,42,0,474,298,1215,196,162,149,165,224,319,308
2009,Bullitt County; Kentucky,29382,27584,1798,1.7,5.9,29382,23050,616,238,437,1162,467,270,3142,0,29382,1110,4909,7491,4071,5952,2680,1413,719,1037,29382,47,149,911,4175,9322,6144,3819,2094,2721,21,029,5.5,29382,51,770,5830,17420,4216,1095,27584,22847,4737,2.71,2.37,27584,6350,8253,7516,2275,2327,863,27584,893,6797,11857,8037,27584,14336,2126,9857,475,0,650,14,126,0,27584,89,104,757,27584,27250,298,36,22847,2063,3250,7440,4946,3890,1054,134,70,140000,22847,16949,5898,16949,48,614,1084,4344,6703,2993,1163,1166,5898,65,646,1370,1915,1902,340,16833,6943,3042,2016,1225,3607,116,5847,2593,1421,575,359,184,206,509,51,4248,139,115,758,1921,949,338,28,662,489,4197,543,500,818,522,392,1422,540
2009,Butler County; Kentucky,6114,5361,753,1.4,10.2,6114,4335,38,78,91,79,148,6,1339,0,6114,81,414,1273,1255,1242,616,488,182,563,6114,99,76,258,1008,1854,1364,658,476,321,21,031,5.4,6114,114,311,1499,3344,578,268,5361,4308,1053,2.47,2.37,5361,963,1356,1576,740,433,293,5361,442,1546,1914,1459,5361,962,996,2853,9,9,454,39,16,23,5361,47,28,368,5361,5313,38,10,4308,1407,1634,669,367,93,125,13,0,73400,4308,2268,2040,2268,8,250,578,799,472,122,39,800,2040,63,612,649,412,304,252,2260,922,383,278,97,580,8,2010,847,524,244,88,58,73,176,30,925,209,99,207,285,122,3,0,461,128,925,82,194,102,119,74,354,128
2009,Caldwell County; Kentucky,6350,5377,973,4.3,16.7,6350,5029,100,96,32,87,80,96,830,0,6350,96,344,903,560,1142,656,982,571,1096,6350,0,19,218,1274,1928,1247,686,556,422,21,033,5.4,6350,0,296,2511,2958,476,109,5377,4291,1086,2.39,2.36,5377,1021,1186,1486,730,478,476,5377,252,1922,2159,1044,5377,2936,797,1470,8,0,146,0,8,12,5377,4,4,186,5377,5346,30,1,4291,1402,1636,611,267,236,114,25,0,68500,4291,2409,1882,2409,7,259,701,890,398,96,58,755,1882,86,601,627,414,154,246,2393,1200,364,118,198,513,16,1853,874,373,223,125,56,96,106,29,898,54,29,345,312,158,0,0,507,188,836,227,201,46,112,40,210,250
2009,Calloway County; Kentucky,17184,14757,2427,1.9,6.2,17184,10844,233,951,1065,914,182,451,2534,10,17184,469,2012,3355,2087,2907,2429,1553,1061,1311,17184,289,596,1489,3230,3311,3162,1986,1487,1634,21,035,5.4,17184,325,1891,5121,6985,2414,448,14757,9721,5036,2.39,1.89,14757,4740,3824,3229,1130,1035,799,14757,884,5153,5882,2838,14757,5289,2386,6711,64,0,235,0,29,43,14757,163,172,962,14757,14537,103,117,9721,1533,3442,2023,1319,882,417,84,21,98400,9721,5565,4156,5565,31,395,1170,1603,1356,631,379,919,4156,75,606,1214,1207,1054,313,5555,2510,949,749,413,934,10,4110,2032,806,466,297,128,124,257,46,4630,116,420,1551,1878,448,168,49,518,406,4543,474,543,614,380,332,2200,493
2009,Campbell County; Kentucky,38961,35185,3776,1.1,9.9,38961,25275,1401,2192,1768,2341,3198,1723,1063,0,38961,1021,2076,6106,4291,3562,3564,4251,2212,11878,38961,517,901,3385,6119,7794,7681,5144,3539,3881,21,037,5.6,38961,527,5086,12310,14060,5945,1033,35185,25691,9494,2.52,1.99,35185,9312,9260,8218,3648,2472,2275,35185,2947,12057,12860,7321,35185,20235,2046,11313,994,0,383,0,177,37,35185,40,60,1363,35185,34880,243,62,25691,1099,5997,7033,4513,4181,2132,566,170,141300,25691,18977,6714,18977,66,409,1244,4310,7005,3214,2729,1220,6714,10,351,1735,2144,2474,360,18977,8397,3636,2240,1417,3287,0,6707,2810,1454,908,504,258,249,524,7,8932,273,633,1584,3339,2471,524,108,653,562,8682,1640,1103,1196,986,592,3165,812
2009,Carlisle County; Kentucky,2605,2169,436,1.4,16.9,2605,2071,0,15,23,27,2,0,467,0,2605,13,125,389,372,523,346,250,143,444,2605,17,13,132,494,688,599,351,217,94,21,039,5.4,2605,17,158,897,1240,242,51,2169,1796,373,2.39,2.11,2169,402,506,602,269,181,209,2169,124,566,878,601,2169,835,413,826,0,0,79,0,16,0,2169,18,18,133,2169,2155,12,2,1796,611,703,129,213,117,18,5,0,66400,1796,893,903,893,4,26,290,342,142,80,9,805,903,64,249,289,149,152,258,893,326,218,53,74,222,0,903,385,212,73,98,23,9,103,0,268,33,7,134,50,33,11,0,476,105,268,45,34,54,41,27,67,105
2009,Carroll County; Kentucky,4613,4085,528,5.0,1.3,4613,2950,68,174,138,290,42,16,935,0,4613,73,168,1148,701,669,451,377,141,885,4613,42,41,474,855,1102,837,517,326,419,21,041,5.3,4613,45,494,1410,1923,568,173,4085,2675,1410,2.48,2.68,4085,1153,951,1019,463,323,176,4085,276,1459,1448,902,4085,1696,424,1635,115,0,177,0,8,30,4085,60,36,479,4085,4002,60,23,2675,383,774,646,422,273,161,16,0,113500,2675,1635,1040,1635,0,9,245,535,609,199,38,1016,1040,16,183,300,221,320,307,1603,939,144,135,50,335,32,1040,510,290,43,54,29,34,80,0,1336,172,132,271,425,267,69,0,555,74,1306,404,157,123,131,224,267,104
2009,Carter County; Kentucky,12273,10655,1618,0.6,12.9,12273,7671,84,186,227,257,77,69,3702,0,12273,254,1215,2604,1914,2400,1269,1042,610,965,12273,98,110,641,2191,3581,2474,1605,868,705,21,043,5.4,12273,98,764,3503,6346,1218,344,10655,8267,2388,2.45,2.34,10655,2224,2888,2636,1221,1015,671,10655,823,2938,4102,2792,10655,1419,1517,6300,144,107,1108,0,41,19,10655,72,38,609,10655,10561,72,22,8267,2573,3190,1247,612,306,270,69,0,71100,8267,4233,4034,4233,46,657,1126,1448,607,233,116,740,4034,141,1193,1243,862,595,253,4197,2117,443,354,269,1014,36,4006,1959,824,413,214,126,101,369,28,1828,217,137,621,736,109,8,0,486,560,1782,278,329,336,143,69,627,606
2009,Casey County; Kentucky,7610,6198,1412,1.9,5.2,7610,5556,49,50,64,53,27,8,1803,0,7610,80,483,1283,1226,1480,837,781,311,1129,7610,33,4,221,1022,2095,1967,1025,603,640,21,045,5.7,7610,33,226,1945,4285,820,301,6198,5198,1000,2.67,2.09,6198,824,1232,2095,891,640,516,6198,470,1951,2047,1730,6198,707,491,3837,109,10,1044,0,0,0,6198,125,115,418,6198,6002,196,0,5198,1880,1560,919,398,295,106,40,0,67000,5198,2400,2798,2400,27,456,742,663,308,174,30,694,2798,227,780,873,545,373,250,2400,750,533,328,139,650,0,2788,1347,433,274,101,210,52,371,10,637,86,74,289,168,20,0,0,383,363,637,150,57,96,59,44,231,363
2009,Christian County; Kentucky,28953,25636,3317,2.5,9.3,28953,18812,1394,1836,1318,1213,1027,558,2783,12,28953,825,2143,6111,3612,5349,4257,3035,1581,2040,28953,131,301,1869,5202,8366,6254,3173,1576,2081,21,047,5.3,28953,220,1932,9160,13980,2996,665,25636,14585,11051,2.68,3.11,25636,9103,6631,4955,2027,1600,1320,25636,2063,8695,10024,4854,25636,9110,2881,12980,192,22,355,0,38,58,25636,251,137,1931,25636,25245,363,28,14585,2439,5788,3071,1708,813,647,96,23,92100,14585,9281,5304,9281,0,524,1483,3409,2879,563,423,909,5304,146,694,1634,1235,1595,311,9159,4156,1628,840,435,2100,122,5253,2430,1197,553,304,222,167,380,51,9781,390,737,1606,3762,2695,591,0,664,1270,9391,1300,1312,1604,920,1012,3243,1660
2009,Clark County; Kentucky,15786,14673,1113,1.2,6.2,15786,10437,557,1149,589,631,373,294,1756,0,15786,711,1418,2658,2267,2888,1762,1412,1084,1586,15786,57,290,1031,2585,3949,3048,1979,1548,1299,21,049,5.5,15786,185,1206,3951,7576,2362,506,14673,9554,5119,2.44,2.36,14673,4100,4341,3245,1263,1047,677,14673,928,4586,5992,3167,14673,5406,1272,7436,196,0,311,0,52,0,14673,54,76,708,14673,14389,234,50,9554,1168,1770,2742,1563,1557,602,139,13,133500,9554,6439,3115,6439,54,74,638,1776,2384,970,543,1125,3115,7,481,749,873,1005,330,6439,2805,1075,953,373,1233,0,3103,1522,545,424,235,88,47,242,12,4912,374,403,906,1909,980,308,32,612,207,4794,936,607,520,595,320,1816,325
2009,Clay County; Kentucky,9972,7197,2775,1.2,3.8,9972,6176,10,178,78,113,59,74,3251,33,9972,31,530,2809,1699,1917,934,932,409,711,9972,10,0,495,2626,2585,2515,984,426,331,21,051,5.2,9972,10,386,3657,5151,698,70,7197,5701,1496,3.22,2.81,7197,922,1759,2211,806,924,575,7197,816,3037,2190,1154,7197,2171,535,3914,215,258,98,0,6,0,7197,114,72,822,7197,7019,178,0,5701,2807,1673,732,260,149,71,9,0,50700,5701,2250,3451,2250,73,483,647,432,486,107,22,672,3451,435,1125,974,477,440,215,2234,855,365,183,108,723,16,3399,1403,470,454,201,165,101,605,52,1323,85,218,657,305,58,0,0,414,173,1264,203,227,133,59,131,511,232
2009,Clinton County; Kentucky,5104,4074,1030,0.9,3.7,5104,3456,24,27,69,136,74,50,1268,0,5104,35,294,921,735,799,827,744,330,419,5104,55,105,325,1155,1401,1172,508,210,173,21,053,5.2,5104,55,494,1895,1905,670,85,4074,2854,1220,2.35,2.23,4074,837,1140,956,422,354,365,4074,394,1282,1377,1021,4074,350,856,2448,182,0,238,0,0,0,4074,29,19,286,4074,4001,62,11,2854,1249,849,431,163,83,79,0,0,57600,2854,1102,1752,1102,12,165,405,320,149,12,39,688,1752,123,648,514,221,246,218,1102,368,161,145,42,386,0,1741,700,331,109,221,126,73,181,11,1041,154,206,401,205,75,0,0,354,179,960,199,98,177,148,101,237,260
2009,Crittenden County; Kentucky,4611,3749,862,2.4,17.8,4611,3449,0,53,33,96,0,25,955,0,4611,197,320,662,399,672,614,604,307,836,4611,14,37,154,978,1226,1076,536,302,288,21,055,5.4,4611,14,370,1564,2073,431,159,3749,2798,951,2.58,1.81,3749,893,938,913,325,380,300,3749,424,1090,1316,919,3749,958,966,1371,52,0,340,0,41,21,3749,16,7,247,3749,3740,9,0,2798,879,1110,416,190,123,70,10,0,70500,2798,1525,1273,1525,20,316,327,468,347,47,0,757,1273,48,375,442,273,135,252,1525,871,86,130,111,327,0,1185,659,184,91,55,62,4,130,88,749,37,140,400,172,0,0,0,414,202,749,186,204,66,49,19,225,202
2009,Cumberland County; Kentucky,3630,2532,1098,2.4,8.8,3630,2616,14,164,40,19,19,23,735,0,3630,14,174,643,567,841,420,441,295,235,3630,40,76,236,591,967,860,425,324,111,21,057,5.4,3630,55,284,915,1800,474,102,2532,1988,544,2.79,2.38,2532,372,609,643,442,250,216,2532,320,856,735,621,2532,289,303,1539,26,0,361,0,14,0,2532,67,0,146,2532,2488,31,13,1988,625,898,269,142,27,27,0,0,67900,1988,969,1019,969,26,186,283,286,156,32,0,691,1019,78,405,351,111,74,206,969,312,168,158,91,240,0,1019,524,244,41,73,51,17,69,0,425,154,89,124,33,25,0,0,241,119,405,115,52,21,50,62,105,139
2009,Daviess County; Kentucky,42714,39116,3598,2.7,10.1,42714,31335,474,1587,2158,2031,1423,1161,2545,0,42714,885,3688,6512,4906,8045,6434,6538,2467,3239,42714,186,1037,3199,7238,11944,8574,4618,2982,2936,21,059,5.3,42714,236,4436,10740,20654,5654,994,39116,26891,12225,2.43,2.09,39116,11006,10722,8012,3748,2689,2939,39116,2864,12291,15418,8543,39116,27321,2001,9384,73,50,223,0,25,39,39116,121,53,1801,39116,38577,442,97,26891,2670,10078,6948,3358,2602,929,237,69,104200,26891,16978,9913,16978,120,750,2692,5248,5336,1762,1070,981,9913,145,1499,3141,2706,2422,306,16978,8758,2386,1774,1288,2772,0,9816,5010,1789,1031,605,399,163,819,97,11582,904,787,2973,4830,1573,482,33,544,643,11429,1974,1665,1677,1093,1002,4018,796
2009,Edmonson County; Kentucky,6470,4720,1750,2.2,13.9,6470,3979,36,22,34,82,71,14,2217,15,6470,117,486,1872,831,1310,546,417,473,418,6470,126,215,572,1312,1853,1002,745,227,418,21,061,5.0,6470,146,541,1954,3168,585,76,4720,3740,980,2.41,2.28,4720,1057,1010,1442,469,467,275,4720,194,1310,1939,1277,4720,252,922,3301,0,19,210,0,16,0,4720,71,96,365,4720,4649,54,17,3740,847,1557,759,352,169,42,14,0,82400,3740,2165,1575,2165,14,133,612,746,539,110,11,825,1575,97,379,556,345,198,248,2165,998,331,238,59,539,0,1556,636,252,205,103,83,101,176,19,794,35,69,306,352,17,15,0,495,186,794,95,88,122,138,71,280,186
2009,Elliott County; Kentucky,3300,2474,826,2.2,11.6,3300,2145,0,0,36,57,22,40,1000,0,3300,15,200,444,416,909,310,361,116,529,3300,3,46,255,669,1119,539,304,237,128,21,063,5.1,3300,14,285,928,1475,515,83,2474,1980,494,3.05,2.71,2474,299,468,571,317,401,418,2474,336,711,828,599,2474,148,736,1131,69,40,332,0,10,8,2474,5,15,111,2474,2451,20,3,1980,775,705,297,63,109,31,0,0,63800,1980,596,1384,596,22,11,268,114,96,53,32,698,1384,24,483,386,255,236,255,596,274,48,76,58,140,0,1359,519,254,135,162,55,45,189,25,385,65,36,146,138,0,0,0,427,109,365,55,0,34,64,23,189,129
2009,Estill County; Kentucky,7128,5783,1345,3.0,13.0,7128,4643,122,175,114,134,13,67,1835,25,7128,111,240,928,1370,1441,852,554,565,1067,7128,50,57,226,1393,2319,1432,895,455,301,21,065,5.3,7128,64,202,2598,3359,792,113,5783,4351,1432,2.61,2.45,5783,1196,1035,1847,716,629,360,5783,691,1754,2114,1224,5783,1677,931,2620,103,17,420,11,4,0,5783,75,75,624,5783,5758,25,0,4351,1398,1734,597,304,236,41,12,29,71200,4351,2112,2239,2112,17,218,394,792,410,208,73,863,2239,118,550,832,471,268,249,2112,701,322,251,197,641,0,2183,836,512,243,163,115,28,286,56,1162,73,33,431,546,38,41,0,516,270,1089,167,43,167,106,29,577,343
2009,Fayette County; Kentucky,130258,118552,11706,2.3,8.4,130258,78334,6651,5922,6356,8862,10956,11499,1678,0,130258,4967,12955,21592,21003,22129,17910,13169,5131,11402,130258,1934,4794,14479,21581,26725,20010,14681,11288,14766,21,067,5.3,130258,2227,19865,30678,49783,22481,5224,118552,68640,49912,2.45,2.17,118552,44979,34196,22594,8147,4413,4223,118552,9423,43840,46698,18591,118552,59939,1128,56604,251,23,401,37,19,150,118552,446,664,7319,118552,117021,1175,356,68640,2419,8863,21316,13336,11747,7623,2650,686,155400,68640,51811,16829,51811,163,1216,3218,11153,19278,8541,8242,1227,16829,136,1436,3850,4599,6808,364,51726,23235,9329,5630,3935,9597,85,16745,8785,3199,1385,1097,420,418,1441,84,47432,1366,1388,8602,17295,10870,5792,2119,671,2480,46749,5839,6370,6355,5647,3934,18604,3163
2009,Fleming County; Kentucky,6402,5552,850,2.0,8.2,6402,4312,84,44,35,164,20,19,1724,0,6402,93,485,1299,921,1047,454,546,376,1181,6402,27,50,372,998,1518,1337,1048,543,509,21,069,5.7,6402,27,297,2050,3113,693,222,5552,4278,1274,2.53,2.81,5552,945,1485,1365,905,528,324,5552,539,1360,1853,1800,5552,464,738,3400,128,0,804,0,18,0,5552,163,34,485,5552,5392,133,27,4278,946,1831,751,394,282,51,13,10,81000,4278,2264,2014,2264,23,305,406,816,466,192,56,858,2014,121,546,672,294,381,239,2264,952,330,229,178,575,0,2000,846,371,212,120,58,56,337,14,948,58,123,261,330,149,27,0,510,326,948,224,86,96,79,106,357,326
2009,Floyd County; Kentucky,19605,16395,3210,1.5,4.7,19605,12494,122,247,336,475,233,200,5498,0,19605,163,986,2940,3408,4834,2174,1572,1342,2186,19605,118,278,1534,3831,5456,3506,2748,1147,987,21,071,5.2,19605,118,1169,6291,9695,1863,469,16395,11970,4425,2.55,2.35,16395,3093,3557,4314,2207,2045,1179,16395,1813,5502,6168,2912,16395,6063,431,9180,361,131,214,0,0,15,16395,158,148,1392,16395,15883,485,27,11970,4794,3951,1464,971,530,185,75,0,63000,11970,5075,6895,5075,9,510,1317,1600,1199,253,187,856,6895,333,2144,2379,1112,927,239,5034,2194,635,510,452,1243,41,6779,3229,1436,726,363,218,267,540,116,3122,367,221,1254,901,252,127,0,461,1303,2925,557,464,307,148,164,1285,1500
2009,Franklin County; Kentucky,23000,21150,1850,1.4,7.6,23000,15685,418,1448,1088,1197,1003,984,1177,0,23000,395,1602,3684,2024,5104,3465,2653,1421,2652,23000,249,370,1998,4204,5115,4319,2870,1613,2262,21,073,5.4,23000,265,2802,5959,10483,2652,839,21150,13993,7157,2.25,2.14,21150,5817,5955,4613,2150,1259,1356,21150,1297,7693,7871,4289,21150,11002,1264,8369,99,0,300,0,71,45,21150,51,137,1482,21150,20895,179,76,13993,831,3118,4664,2358,1870,857,242,53,132700,13993,9480,4513,9480,19,240,820,2593,3481,1662,665,1121,4513,39,370,1215,1508,1381,342,9442,4738,1334,1211,673,1486,38,4489,2328,865,365,319,92,120,400,24,6771,188,186,1638,3018,1247,371,123,593,386,6712,1289,1080,785,827,486,2245,445
2009,Fulton County; Kentucky,3764,3141,623,3.2,5.5,3764,2748,80,366,134,215,6,7,208,0,3764,26,89,304,383,753,568,474,321,846,3764,17,33,253,885,730,697,524,303,322,21,075,5.5,3764,17,445,1200,1592,452,58,3141,1972,1169,2.24,1.88,3141,842,685,729,357,286,242,3141,415,1078,1094,554,3141,1338,498,1240,9,22,34,0,0,0,3141,0,16,99,3141,3072,69,0,1972,891,661,248,135,20,9,0,8,53800,1972,943,1029,943,15,122,175,447,130,49,5,802,1029,6,154,233,303,333,353,936,344,258,120,39,175,7,1023,304,333,89,83,68,39,107,6,960,145,181,340,282,0,12,0,347,209,937,167,59,209,111,46,345,232
2009,Gallatin County; Kentucky,3637,2846,791,8.8,10.2,3637,2072,7,19,25,149,89,65,1200,11,3637,21,474,1181,487,536,344,192,116,286,3637,14,86,172,494,1128,735,561,269,178,21,077,5.4,3637,64,295,916,1941,324,97,2846,2104,742,2.91,2.21,2846,721,518,948,382,127,150,2846,180,842,1053,771,2846,362,755,1336,176,34,157,0,26,0,2846,1,3,218,2846,2817,23,6,2104,290,500,689,322,235,40,24,4,125600,2104,1489,615,1489,33,13,174,445,520,233,71,1064,615,5,107,177,118,208,317,1489,454,212,292,179,352,0,615,248,100,30,77,2,77,81,0,662,55,61,183,280,50,33,0,541,80,662,134,89,31,78,10,320,80
2009,Garrard County; Kentucky,6721,5772,949,2.5,1.7,6721,5097,37,154,148,195,11,34,1045,0,6721,50,565,1670,1136,1350,469,516,306,659,6721,34,56,289,1129,2098,1140,1179,490,306,21,079,5.4,6721,38,352,1754,3511,782,284,5772,4322,1450,2.88,3.01,5772,1117,1642,1618,695,504,196,5772,355,1683,2374,1360,5772,1015,461,3723,61,0,499,0,5,8,5772,58,58,285,5772,5627,125,20,4322,623,1422,1057,652,431,48,82,7,107400,4322,2658,1664,2658,10,135,437,927,860,158,131,952,1664,13,393,542,497,219,276,2658,1048,711,242,205,452,0,1628,562,406,157,64,38,91,310,36,1248,129,90,310,545,147,27,0,546,202,1248,134,207,141,126,140,500,202
2009,Grant County; Kentucky,10501,9073,1428,2.1,8.3,10501,6086,142,426,233,693,156,42,2723,0,10501,457,1486,3056,1586,1355,668,556,240,1097,10501,90,100,482,1917,3000,2087,1333,803,689,21,081,5.4,10501,101,499,3070,5614,923,294,9073,6530,2543,2.78,2.74,9073,2751,2595,1989,752,624,362,9073,426,2784,3215,2648,9073,1429,2208,3762,1122,0,525,0,16,11,9073,44,74,703,9073,8785,189,99,6530,1224,1461,1644,955,727,341,178,0,114900,6530,4371,2159,4371,0,195,350,1097,1679,747,303,1143,2159,54,212,521,677,695,341,4359,1305,1065,559,530,900,12,2088,980,342,162,179,195,69,161,71,2189,87,74,295,1065,461,207,0,660,354,2189,302,212,466,239,142,828,354
2009,Graves County; Kentucky,16924,14807,2117,2.5,5.8,16924,12635,98,659,582,344,99,42,2443,22,16924,270,807,2812,2206,3270,2404,1785,1333,2037,16924,104,278,943,3057,4294,3314,2105,1429,1400,21,083,5.5,16924,174,1320,4792,8173,2095,370,14807,11475,3332,2.51,2.42,14807,3442,3632,3274,1714,1271,1474,14807,884,4704,6028,3191,14807,5612,3646,4990,96,0,406,18,22,17,14807,108,136,501,14807,14555,226,26,11475,2924,3985,2462,951,871,171,65,46,84800,11475,6614,4861,6614,55,688,1362,2073,1682,509,245,856,4861,269,1014,1737,986,855,266,6614,3049,1052,619,405,1489,0,4786,2225,932,474,308,223,109,515,75,2870,144,332,954,1198,198,23,21,501,462,2867,425,304,364,338,222,1214,465
2009,Grayson County; Kentucky,13111,9648,3463,2.0,6.3,13111,8567,200,182,365,242,36,157,3362,0,13111,313,1269,2555,2173,2842,1199,1125,532,1103,13111,88,192,791,3087,3367,2720,1475,592,799,21,085,5.2,13111,132,982,4611,5639,1428,319,9648,7508,2140,2.61,2.62,9648,1942,2582,2492,1213,841,578,9648,681,2781,3999,2187,9648,1093,1957,5796,116,9,630,0,36,11,9648,54,61,662,9648,9483,165,0,7508,1754,2804,1305,929,500,129,78,9,83600,7508,4089,3419,4089,15,326,924,1339,1031,295,159,867,3419,82,638,1282,657,760,274,4080,1516,671,460,269,1164,9,3368,1232,678,437,247,203,92,479,51,1799,113,82,756,667,181,0,0,489,341,1773,346,217,253,213,164,580,367
2009,Green County; Kentucky,5498,4604,894,2.5,11.8,5498,4197,37,97,49,57,44,15,1002,0,5498,42,252,899,847,855,772,828,321,682,5498,0,61,233,856,1258,1394,704,525,467,21,087,5.7,5498,0,254,1559,2557,910,218,4604,3558,1046,2.50,2.29,4604,951,909,1304,579,386,475,4604,347,1059,1839,1359,4604,872,845,2351,99,0,416,0,11,10,4604,7,0,156,4604,4549,55,0,3558,1075,1093,699,189,239,240,23,0,79300,3558,1909,1649,1909,2,320,494,487,422,179,5,775,1649,27,384,483,329,426,279,1902,1093,199,198,54,358,7,1628,748,369,122,159,32,38,160,21,798,36,73,332,271,61,0,25,478,248,777,138,107,68,41,97,326,269
2009,Greenup County; Kentucky,16470,14725,1745,2.3,8.4,16470,13115,93,160,361,283,97,231,2130,0,16470,244,779,2005,2108,3815,2362,2136,1068,1953,16470,107,155,637,2552,3946,3624,2516,1366,1567,21,089,5.7,16470,107,754,4559,8333,2250,467,14725,11970,2755,2.54,2.46,14725,2821,3230,3185,2101,1551,1837,14725,905,4146,6173,3501,14725,7046,1380,5221,224,63,607,0,151,33,14725,40,77,392,14725,14615,90,20,11970,2578,4456,2600,1115,743,338,88,52,85600,11970,6105,5865,6105,24,595,1130,1833,1888,466,169,906,5865,167,964,1942,1432,1360,292,6089,2831,1096,790,213,1159,16,5834,2698,1371,471,423,240,66,565,31,2266,139,97,655,879,364,92,40,532,489,2215,412,262,217,147,141,1036,540
2009,Hancock County; Kentucky,3713,3232,481,2.6,16.3,3713,2524,14,40,94,150,36,6,849,0,3713,29,225,850,466,971,484,250,115,323,3713,27,38,124,666,980,806,613,253,206,21,091,5.5,3713,27,152,906,2051,458,119,3232,2701,531,2.57,2.96,3232,560,835,962,374,325,176,3232,130,740,1337,1025,3232,1397,584,1024,26,5,177,0,0,19,3232,20,15,155,3232,3197,21,14,2701,629,1038,583,252,150,32,17,0,84200,2701,1714,987,1714,12,119,450,549,447,107,30,869,987,61,227,354,247,98,256,1691,1047,190,152,40,262,23,980,560,195,45,59,80,19,22,7,382,55,24,127,135,34,3,4,449,149,377,91,62,52,20,35,117,154
2009,Hardin County; Kentucky,43620,38149,5471,3.1,14.9,43620,28252,1165,1864,2813,2712,717,853,5199,45,43620,1887,4165,7363,8437,9226,5244,3919,1440,1939,43620,394,315,2527,6938,11215,8110,5285,4187,4649,21,093,5.6,43620,447,2546,10764,21386,7018,1459,38149,25229,12920,2.46,2.40,38149,12537,9596,7468,4137,2773,1638,38149,1721,11834,15391,9203,38149,10045,2430,24096,611,16,713,39,69,130,38149,297,269,1284,38149,37683,374,92,25229,2278,6387,7031,4585,3156,1346,334,112,126600,25229,16992,8237,16992,93,637,1990,4060,6530,2583,1099,1113,8237,182,1558,2947,1834,1716,280,16934,7870,2943,1869,1273,2979,58,8171,4539,1557,787,420,215,131,522,66,11204,394,261,2900,4070,2143,1298,138,610,1716,11134,2017,1745,1720,1202,1063,3387,1786
2009,Harlan County; Kentucky,15693,12455,3238,2.2,17.5,15693,10616,109,279,472,543,136,112,3426,0,15693,372,604,2133,2809,2798,1455,1510,1637,2375,15693,154,185,629,3216,4440,3540,1761,927,841,21,095,5.3,15693,154,1046,5726,6531,1875,361,12455,8842,3613,2.46,2.49,12455,2586,2399,3005,1825,1462,1178,12455,1214,4645,4415,2181,12455,362,422,9984,836,615,183,0,16,37,12455,90,76,1269,12455,12143,238,74,8842,4118,3545,435,361,307,41,13,22,52900,8842,3239,5603,3239,92,653,931,1200,269,62,32,689,5603,268,2292,1648,880,515,211,3184,1647,433,267,157,680,55,5487,2703,966,742,357,234,156,329,116,2933,262,431,1159,848,197,36,0,424,680,2845,726,303,328,407,176,905,768
2009,Harrison County; Kentucky,8154,7313,841,3.4,6.9,8154,5722,51,378,302,134,235,115,1188,29,8154,116,290,1442,1102,1279,935,978,457,1555,8154,114,230,438,1238,2089,1605,1120,703,617,21,097,5.5,8154,114,726,2327,3868,885,234,7313,5078,2235,2.54,2.40,7313,1491,1861,2263,821,448,429,7313,612,2226,2618,1857,7313,2012,1055,3183,379,0,547,0,137,0,7313,92,81,539,7313,7235,78,0,5078,513,1752,1256,805,533,183,7,29,108800,5078,3342,1736,3342,0,274,581,837,1142,352,156,991,1736,44,355,605,393,339,275,3335,1550,607,339,143,696,7,1723,759,291,170,121,146,64,172,13,2105,260,278,605,649,240,37,36,480,130,2105,535,215,266,330,115,644,130
2009,Hart County; Kentucky,8377,7061,1316,1.7,3.6,8377,6142,38,147,284,196,57,33,1480,0,8377,136,590,1862,1169,1415,1017,772,401,1015,8377,40,184,463,1244,2616,1436,864,787,743,21,099,5.4,8377,40,644,2184,3834,1299,376,7061,5293,1768,2.70,2.13,7061,1560,1596,1803,870,660,572,7061,754,2244,2619,1444,7061,1464,1118,3538,106,48,766,0,14,7,7061,90,44,353,7061,6786,256,19,5293,1476,2212,810,504,184,99,8,0,77800,5293,2963,2330,2963,57,373,633,971,762,134,33,832,2330,218,623,725,402,362,236,2953,1361,469,275,268,580,10,2313,1069,397,270,144,114,53,266,17,1414,274,177,586,316,13,0,48,389,354,1349,188,205,190,147,138,481,419
2009,Henderson County; Kentucky,20717,18897,1820,2.3,6.9,20717,14178,339,803,819,1304,569,556,2140,9,20717,520,1498,3149,3323,3733,2231,2749,1499,2015,20717,145,580,1808,3680,5283,3781,2572,1448,1420,21,101,5.3,20717,169,2287,6199,9262,2205,595,18897,12787,6110,2.43,2.17,18897,5172,5106,4483,1859,1195,1082,18897,1487,6330,7582,3498,18897,9164,1254,8109,74,0,223,32,26,15,18897,38,63,1188,18897,18570,251,76,12787,1868,4668,2761,1693,1019,631,126,21,98400,12787,8331,4456,8331,83,467,1225,2669,2567,767,553,968,4456,107,975,1334,995,1045,282,8331,4455,1166,793,562,1355,0,4416,2447,649,443,280,81,165,351,40,5559,279,276,1848,2600,402,154,0,526,551,5440,1025,680,642,744,428,1921,670
2009,Henry County; Kentucky,7008,6265,743,3.2,1.6,7008,5520,0,82,71,297,16,10,1012,0,7008,71,369,1503,883,1322,844,693,286,1037,7008,17,73,187,1183,1768,1543,986,710,541,21,103,5.7,7008,23,336,1884,3667,894,204,6265,4561,1704,2.43,2.68,6265,1307,1603,1778,662,621,294,6265,402,1435,2415,2013,6265,1537,1490,2927,88,0,206,0,11,6,6265,15,42,428,6265,6175,60,30,4561,452,1285,1179,732,483,339,67,24,119600,4561,3092,1469,3092,6,115,296,714,1232,492,237,1148,1469,38,139,376,428,488,341,3086,931,567,441,303,844,6,1438,747,232,148,127,56,9,119,31,1485,96,124,203,741,209,102,10,631,219,1462,198,262,147,183,178,494,242
2009,Hickman County; Kentucky,2543,2118,425,1.8,7.8,2543,2012,23,53,19,26,17,18,375,0,2543,30,53,312,430,581,330,225,249,333,2543,48,26,82,403,532,584,355,351,162,21,105,5.8,2543,59,92,916,1210,259,7,2118,1765,353,2.32,1.72,2118,353,392,554,260,317,242,2118,218,591,901,408,2118,600,826,614,0,0,52,0,13,13,2118,0,6,74,2118,2103,15,0,1765,791,600,197,70,75,10,19,3,59200,1765,833,932,833,12,188,148,274,182,19,10,762,932,22,158,321,232,199,288,814,413,145,134,12,110,19,906,344,68,161,101,59,47,126,26,269,51,13,123,68,14,0,0,430,84,261,105,31,26,20,12,67,92
2009,Hopkins County; Kentucky,21672,18743,2929,2.4,9.0,21672,15859,191,509,703,550,185,225,3442,8,21672,454,1107,2744,3218,4589,2837,2104,1286,3333,21672,163,142,886,4022,5617,4437,3328,1542,1535,21,107,5.5,21672,163,1135,6758,10570,2623,423,18743,13364,5379,2.46,2.41,18743,4751,4506,4301,2160,1631,1394,18743,1251,6556,6696,4240,18743,8688,1053,8448,27,62,432,10,0,23,18743,49,114,1091,18743,18297,409,37,13364,4004,4823,2239,1343,638,240,47,30,73000,13364,7708,5656,7708,77,732,1813,2339,1907,619,221,858,5656,204,1032,1888,1322,1210,285,7655,3757,1095,880,524,1399,53,5641,2927,1060,610,280,253,150,361,15,4691,328,236,1716,1522,680,209,0,508,688,4576,902,823,584,341,428,1498,803
2009,Jackson County; Kentucky,6382,5554,828,2.2,4.2,6382,4347,19,146,65,164,0,4,1626,11,6382,102,384,1616,1007,1419,868,442,166,378,6382,64,45,336,1422,1810,1352,708,439,206,21,109,5.2,6382,64,523,1864,3360,467,104,5554,4299,1255,2.42,2.38,5554,1126,979,1765,693,593,398,5554,571,1738,2104,1141,5554,103,555,4047,263,52,528,0,3,3,5554,111,52,511,5554,5386,168,0,4299,1446,1890,628,131,173,0,17,14,63000,4299,2019,2280,2019,38,284,558,648,422,29,40,747,2280,188,769,425,500,398,233,2019,782,232,253,89,663,0,2246,895,412,257,158,75,44,405,34,889,95,98,265,348,83,0,0,491,366,889,200,67,15,83,176,348,366
2009,Jefferson County; Kentucky,328118,295134,32984,3.2,10.1,328118,218444,11632,7950,19671,25844,19983,20333,4134,127,328118,7692,25223,35821,25998,50176,50752,54671,27168,50617,328118,2937,5854,29286,59822,72286,59397,39306,26426,32804,21,111,5.4,328118,3657,41415,91799,128015,51538,11694,295134,193141,101993,2.47,2.17,295134,87305,81379,60498,25412,19181,21359,295134,28793,110398,110155,45788,295134,213362,3468,75120,1072,41,391,24,1190,466,295134,1201,1475,14943,295134,290869,3441,824,193141,8145,38341,56985,34217,30795,17565,5744,1349,143800,193141,135921,57220,135921,763,3724,10032,30000,49446,22573,19383,1212,57220,309,4208,13716,15722,23265,365,135311,55176,24619,16206,10757,28553,610,56690,24731,11650,6736,4110,2522,1584,5357,530,97701,4470,3427,15770,38413,23598,10277,1746,657,4292,95358,14071,13671,12060,10264,7788,37504,6635
2009,Jessamine County; Kentucky,18364,17030,1334,1.8,6.7,18364,13439,1218,864,586,624,232,253,1148,0,18364,1278,3123,3943,2922,2940,1592,849,535,1182,18364,55,142,729,3304,4734,3474,2017,1738,2171,21,113,5.6,18364,68,842,4329,9253,2909,963,17030,11403,5627,2.62,2.50,17030,5778,4782,3830,1537,636,467,17030,701,5227,7481,3621,17030,5810,664,10079,75,19,303,0,30,50,17030,62,109,692,17030,16751,242,37,11403,687,1886,3134,2086,1687,1194,600,129,149900,11403,8297,3106,8297,29,201,717,1656,2794,1457,1443,1232,3106,42,257,820,835,1152,346,8279,3395,1629,810,704,1741,18,3083,1450,605,274,212,54,147,341,23,5353,110,54,970,2276,1614,285,44,670,274,5277,567,774,836,560,380,2160,350
2009,Johnson County; Kentucky,10563,8992,1571,2.0,7.2,10563,6819,11,121,313,428,145,95,2631,0,10563,121,395,2100,1886,2616,773,809,639,1224,10563,20,103,640,2387,2744,2073,1393,599,604,21,115,5.3,10563,34,504,3660,4894,1197,274,8992,6440,2552,2.70,2.42,8992,1866,2043,2095,1557,855,576,8992,887,2933,3208,1964,8992,2275,502,5496,404,227,78,0,10,0,8992,95,128,231,8992,8853,115,24,6440,2058,2381,1029,494,216,250,12,0,71900,6440,2892,3548,2892,37,208,716,1005,610,175,141,846,3548,201,839,1162,752,594,259,2892,1576,295,246,185,590,0,3527,1550,696,470,222,188,52,349,21,1890,165,290,683,636,75,41,0,421,662,1880,565,70,291,98,163,693,672
2009,Kenton County; Kentucky,70043,63276,6767,2.9,11.6,70043,46329,2832,4188,3224,4142,4492,2848,1896,92,70043,2000,4680,9623,6779,10553,7858,7768,4379,16403,70043,797,1558,5650,11209,12942,13270,9302,7170,8145,21,117,5.7,70043,898,9004,19637,26718,11292,2494,63276,43983,19293,2.56,2.17,63276,18293,18169,13764,5684,3764,3602,63276,5575,19220,25825,12656,63276,38634,2081,19405,2410,24,403,0,156,163,63276,137,363,3068,63276,62124,978,174,43983,1388,9245,13330,8942,6406,3339,1025,308,142700,43983,33107,10876,33107,94,521,1753,6784,13326,6402,4227,1251,10876,54,770,2119,2563,5370,397,33017,14275,6365,3981,2795,5601,90,10740,4883,1843,1053,876,814,313,958,136,18426,635,626,2957,7729,3953,2278,248,653,867,18114,3156,3141,2315,1853,1380,6269,1179
2009,Knott County; Kentucky,8042,6591,1451,1.4,5.6,8042,5198,23,32,171,28,145,19,2426,0,8042,115,540,1486,1330,1619,736,868,483,865,8042,105,60,506,1584,2120,1596,1034,534,503,21,119,5.3,8042,105,413,2415,3903,977,229,6591,4852,1739,2.59,2.26,6591,1087,1380,1672,1081,642,729,6591,828,2228,2141,1394,6591,2297,297,3601,86,152,158,0,0,0,6591,74,48,375,6591,6531,60,0,4852,2185,1719,514,176,94,136,19,9,54600,4852,2102,2750,2102,60,291,711,536,363,121,20,697,2750,331,901,852,471,195,214,2102,1005,274,235,44,544,0,2724,1494,604,253,145,49,35,144,26,1075,150,202,427,250,46,0,0,405,664,1049,231,10,193,118,114,383,690
2009,Knox County; Kentucky,14775,12616,2159,1.6,3.7,14775,8465,147,331,365,498,59,184,4726,0,14775,166,633,3175,3050,3396,1375,1194,783,1003,14775,70,212,902,3526,4587,2896,1578,564,440,21,121,5.1,14775,79,1175,4958,6934,1357,272,12616,8493,4123,2.48,2.49,12616,2932,2802,3161,1880,1008,833,12616,1641,4483,4661,1831,12616,4464,426,6942,172,303,304,0,0,5,12616,126,178,1433,12616,12454,123,39,8493,3476,2501,1303,633,389,154,37,0,64000,8493,3769,4724,3769,42,559,1026,1072,879,114,77,760,4724,367,1680,1442,779,456,217,3730,1624,486,346,260,1014,39,4682,1739,993,605,376,434,159,376,42,3401,361,454,1243,1011,332,0,0,440,722,3240,374,385,277,416,320,1468,883
2009,Larue County; Kentucky,6525,5148,1377,6.1,20.2,6525,4897,112,113,74,116,73,10,1130,0,6525,140,527,1209,807,1281,828,673,410,650,6525,70,183,297,1112,1542,1509,737,603,472,21,123,5.5,6525,75,492,1839,3152,820,147,5148,4108,1040,2.67,2.30,5148,1017,1303,1407,519,498,404,5148,285,1231,2203,1429,5148,1063,678,2781,235,63,310,0,18,0,5148,33,16,348,5148,5127,11,10,4108,699,1525,930,472,331,91,20,40,92600,4108,2528,1580,2528,26,46,414,961,761,195,125,940,1580,66,466,495,261,292,240,2528,1004,545,266,220,493,0,1535,793,231,225,73,39,23,151,45,768,120,97,236,235,66,0,14,443,272,749,137,113,112,84,89,214,291
2009,Laurel County; Kentucky,23609,20297,3312,1.7,5.8,23609,14788,148,348,573,755,241,264,6486,6,23609,465,3002,7015,4215,4146,1825,1285,822,834,23609,27,203,815,4919,6158,5306,2614,1781,1786,21,125,5.4,23609,44,788,6895,12470,2598,814,20297,15529,4768,2.83,2.62,20297,4852,5569,5126,2102,1619,1029,20297,1337,6651,7950,4359,20297,2695,1308,15084,763,53,315,0,39,40,20297,62,68,1237,20297,20107,168,22,15529,3654,4797,3306,1872,1373,396,131,0,93000,15529,8713,6816,8713,30,690,1482,2570,2688,871,382,956,6816,326,1399,2452,1437,1202,270,8679,4031,1200,786,611,2051,34,6746,2754,1455,588,630,326,206,787,70,4098,263,313,1417,1554,380,144,27,505,670,3991,884,426,362,541,447,1331,777
2009,Lawrence County; Kentucky,7452,6054,1398,1.5,10.1,7452,4769,80,90,65,71,148,21,2208,0,7452,17,354,1316,1368,1443,969,652,340,993,7452,8,144,408,1477,2189,1416,845,416,549,21,127,5.3,7452,41,502,2564,3424,714,207,6054,4165,1889,2.81,2.46,6054,1166,1269,1863,746,612,398,6054,421,2062,2322,1249,6054,1463,563,3285,201,63,425,0,54,0,6054,9,2,554,6054,5878,161,15,4165,1492,1648,493,260,196,57,0,19,61400,4165,1827,2338,1827,36,233,501,615,332,90,20,749,2338,243,736,718,357,284,227,1804,891,220,154,68,471,23,2334,1215,452,195,129,44,58,241,4,1211,132,78,465,352,152,32,0,436,678,1211,170,48,89,161,83,660,678
2009,Lee County; Kentucky,3506,2824,682,0.6,5.1,3506,2234,17,24,77,152,0,40,962,0,3506,9,161,646,839,515,388,354,285,309,3506,8,29,166,789,731,1039,294,142,308,21,129,5.5,3506,34,313,1135,1595,327,102,2824,2144,680,2.49,1.76,2824,567,394,824,393,327,319,2824,291,974,1118,441,2824,392,562,1556,44,80,175,0,15,0,2824,24,17,558,2824,2824,0,0,2144,1038,794,146,119,25,22,0,0,51600,2144,827,1317,827,6,125,289,182,182,0,43,696,1317,89,325,391,357,155,270,773,218,23,118,95,319,54,1300,448,308,135,60,90,98,161,17,542,83,190,197,47,25,0,0,299,138,528,79,53,60,25,33,278,152
2009,Leslie County; Kentucky,5849,4804,1045,0.7,2.2,5849,4001,54,69,81,40,0,39,1565,0,5849,83,139,1280,998,1111,1057,552,310,319,5849,0,67,368,1146,2293,855,579,247,294,21,131,5.1,5849,0,380,1816,3033,424,196,4804,3423,1381,2.57,2.02,4804,675,1031,1381,683,477,557,4804,678,1519,1801,806,4804,325,113,3607,171,413,175,0,0,0,4804,176,93,422,4804,4782,22,0,3423,1572,1374,195,113,85,54,16,14,53100,3423,1253,2170,1253,0,280,294,387,145,111,36,721,2170,257,900,546,282,185,194,1253,534,170,93,70,386,0,2121,1009,427,334,70,159,28,94,49,888,41,230,326,220,71,0,0,398,493,888,273,70,48,39,60,398,493
2009,Letcher County; Kentucky,12023,9936,2087,2.6,3.2,12023,7790,16,116,163,128,102,56,3652,0,12023,124,399,2255,1761,2661,1245,750,753,2075,12023,68,107,886,2285,3381,2200,1422,895,779,21,133,5.3,12023,71,846,4280,5132,1459,235,9936,7468,2468,2.47,2.14,9936,1824,1571,2815,1545,1165,1016,9936,1259,3068,3229,2380,9936,208,414,8281,337,567,97,0,11,21,9936,149,148,712,9936,9734,170,32,7468,4002,1991,631,406,289,117,19,13,46000,7468,2827,4641,2827,185,580,756,741,389,163,13,664,4641,431,1889,1257,763,301,200,2827,1522,308,227,118,652,0,4623,2776,798,377,131,110,83,348,18,1308,211,123,636,297,35,3,3,408,1160,1239,278,195,145,105,99,417,1229
2009,Lewis County; Kentucky,6524,5246,1278,2.3,9.2,6524,4351,44,64,30,137,114,3,1781,0,6524,55,398,1211,1048,1050,724,632,304,1102,6524,27,143,292,1216,2181,1253,752,272,388,21,135,5.2,6524,27,445,2063,3275,589,125,5246,4274,972,2.66,2.44,5246,830,1235,1636,760,328,457,5246,490,1343,1782,1631,5246,695,1165,2402,39,0,927,0,18,0,5246,39,36,374,5246,5145,83,18,4274,2027,1456,381,215,110,80,5,0,52500,4274,1989,2285,1989,82,281,575,427,450,147,27,742,2285,190,617,796,429,253,243,1943,661,325,225,142,590,46,2280,846,333,331,333,70,129,238,5,674,60,55,341,180,38,0,0,425,298,639,134,48,30,133,55,239,333
2009,Lincoln County; Kentucky,11454,10560,894,1.7,2.2,11454,8369,212,266,201,126,56,18,2206,0,11454,316,602,2682,1626,1887,1366,712,547,1716,11454,15,21,457,1897,3558,2255,1425,920,906,21,137,5.4,11454,27,398,3493,6052,1163,321,10560,7973,2587,2.36,2.35,10560,2077,2722,3080,1085,930,666,10560,771,3455,3899,2435,10560,1097,1043,6671,495,0,1209,0,15,30,10560,150,84,889,10560,10419,141,0,7973,2244,3091,1332,575,383,216,107,25,80700,7973,4399,3574,4399,14,483,1064,1582,961,241,54,812,3574,146,1007,1155,609,657,256,4336,2271,478,425,347,815,63,3486,1692,574,276,151,191,68,534,88,2333,261,74,727,966,305,0,0,524,254,2320,424,366,231,327,319,653,267
2009,Livingston County; Kentucky,5031,3955,1076,0.2,6.4,5031,3556,6,18,18,6,18,0,1396,13,5031,91,327,909,744,911,744,511,372,422,5031,0,60,214,848,1462,1078,686,321,362,21,139,5.5,5031,0,250,1675,2427,533,146,3955,3289,666,2.48,2.07,3955,720,884,952,677,318,404,3955,115,1267,1480,1093,3955,407,1401,1960,66,0,65,37,16,3,3955,56,65,101,3955,3930,13,12,3289,863,1347,586,192,149,47,76,29,77400,3289,1632,1657,1632,13,140,426,586,228,188,51,844,1657,136,465,532,285,239,239,1621,825,237,140,87,332,11,1657,998,250,146,70,4,68,121,0,473,0,14,254,105,99,1,0,445,193,473,91,75,219,44,20,24,193
2009,Logan County; Kentucky,12179,10620,1559,1.5,13.2,12179,9349,78,413,224,303,78,34,1700,0,12179,94,587,2322,1827,1894,1535,1367,950,1603,12179,63,138,689,1886,3334,2473,1560,943,1093,21,141,5.5,12179,130,637,3274,6286,1422,430,10620,8002,2618,2.45,2.41,10620,2417,2174,2920,1236,984,889,10620,693,2990,4145,2792,10620,3558,2988,3623,89,0,283,0,40,39,10620,32,37,520,10620,10296,176,148,8002,1439,3633,1377,943,320,119,164,7,84200,8002,4401,3601,4401,28,316,680,1475,1364,426,112,929,3601,3,583,1048,912,1055,317,4389,1934,645,458,396,956,12,3552,1452,796,454,271,179,89,311,49,2181,120,208,546,1122,172,13,0,525,437,2164,226,274,405,293,173,793,454
2009,Lyon County; Kentucky,4457,3241,1216,3.6,0.0,4457,2689,51,126,245,162,13,8,1163,0,4457,32,370,954,734,840,683,375,143,326,4457,9,87,217,1256,945,865,514,283,281,21,143,5.2,4457,87,251,1688,1994,385,52,3241,2473,768,2.12,1.84,3241,699,986,810,375,134,237,3241,162,914,1465,700,3241,970,738,1444,3,0,86,0,0,0,3241,63,74,105,3241,3154,78,9,2473,461,925,338,305,276,105,63,0,90900,2473,1266,1207,1266,7,63,224,456,374,70,72,916,1207,75,209,430,263,230,273,1258,565,188,169,154,182,8,1199,649,183,115,124,3,26,99,8,664,15,33,227,383,2,4,0,523,104,660,197,158,45,25,18,217,108
2009,McCracken County; Kentucky,32009,28159,3850,2.4,7.8,32009,21757,741,1276,1525,1752,589,1078,3280,11,32009,860,1714,4702,3778,6265,4082,4778,2354,3476,32009,100,596,2284,6291,7127,6120,4050,2576,2865,21,145,5.4,32009,166,2818,10218,13965,4089,753,28159,19347,8812,2.38,2.02,28159,8027,7239,6232,2745,2165,1751,28159,2064,9854,10754,5487,28159,15660,2261,9645,155,27,260,0,92,59,28159,139,218,1267,28159,27695,395,69,19347,3502,5973,3872,2858,2012,696,367,67,102300,19347,11824,7523,11824,22,897,1808,3253,3765,1264,815,994,7523,166,1112,2673,1623,1949,293,11766,6286,1812,987,663,2018,58,7461,3937,1298,547,372,305,322,680,62,8063,490,615,2146,3483,1053,149,127,535,749,7963,1311,1057,1056,828,802,2909,849
2009,McCreary County; Kentucky,7609,6400,1209,4.8,8.0,7609,5270,24,87,180,268,48,0,1672,60,7609,120,305,1509,1366,1855,1020,468,376,590,7609,52,139,263,1785,2331,1246,1062,457,274,21,147,5.2,7609,75,350,2461,3705,702,316,6400,4717,1683,2.55,2.78,6400,1705,987,1591,816,817,484,6400,553,1946,2723,1178,6400,456,548,4002,508,0,875,0,0,11,6400,110,66,606,6400,6181,163,56,4717,1648,1958,679,295,107,0,30,0,64100,4717,2500,2217,2500,87,600,636,627,482,50,18,680,2217,186,952,587,283,209,197,2500,1096,263,134,282,725,0,2202,1008,258,323,214,160,27,212,15,1420,15,116,882,302,42,63,0,393,263,1389,141,187,61,125,167,708,294
2009,McLean County; Kentucky,4614,3939,675,3.4,10.8,4614,3228,33,54,6,156,56,28,1053,0,4614,33,339,734,626,866,556,587,288,585,4614,17,26,181,797,1274,971,598,449,301,21,149,5.5,4614,20,275,1344,2145,715,115,3939,2987,952,2.35,2.45,3939,643,885,1165,591,350,305,3939,283,1102,1396,1158,3939,1290,707,1726,50,0,143,0,23,0,3939,11,11,245,3939,3932,7,0,2987,1049,1006,453,227,172,21,41,18,73200,2987,1629,1358,1629,14,167,323,617,391,76,41,836,1358,32,414,419,230,263,253,1625,853,229,183,111,249,4,1313,626,295,209,60,58,35,30,45,652,48,74,310,171,10,39,0,458,300,610,101,120,35,42,84,228,342
2009,Madison County; Kentucky,33103,29720,3383,2.7,9.3,33103,20218,558,1679,2249,2726,1456,883,3334,0,33103,1614,4631,8423,4324,5604,3016,2193,934,2364,33103,291,1014,2839,6534,7433,5450,3484,2689,3369,21,151,5.3,33103,291,3210,9345,14451,4540,1266,29720,18236,11484,2.65,2.35,29720,10663,8467,5721,2293,1666,910,29720,2076,9856,11444,6344,29720,6431,1114,21276,223,87,447,0,39,103,29720,191,193,1774,29720,29329,255,136,18236,2339,3403,4755,3711,2536,1203,276,13,136900,18236,12271,5965,12271,138,464,1138,3000,4563,1690,1278,1144,5965,56,966,2106,1434,1403,293,12251,5365,2242,1378,801,2465,20,5918,2882,1343,568,385,172,158,410,47,10727,341,575,3486,4651,1220,354,100,535,757,10579,1816,1606,1011,1098,1074,3974,905
2009,Magoffin County; Kentucky,5827,4503,1324,0.4,8.5,5827,3159,9,78,32,98,52,15,2384,0,5827,19,343,1110,1339,1037,817,590,195,377,5827,37,65,278,937,2012,1169,665,362,302,21,153,5.3,5827,37,404,1982,2733,522,149,4503,3264,1239,3.06,2.46,4503,615,845,1163,757,534,589,4503,427,1674,1482,920,4503,1044,601,2393,254,58,146,0,5,2,4503,24,0,440,4503,4427,52,24,3264,1703,876,417,137,131,0,0,0,47500,3264,941,2323,941,7,65,260,295,235,57,22,804,2323,242,772,656,352,301,219,941,453,60,131,92,205,0,2286,865,573,218,235,131,70,194,37,678,27,142,410,85,0,14,0,409,561,629,18,52,53,108,8,390,610
2009,Marion County; Kentucky,7539,6735,804,3.8,16.0,7539,5939,105,180,218,133,11,57,896,0,7539,100,813,1114,1050,1470,1010,664,425,893,7539,21,59,336,1265,2139,1522,940,718,539,21,155,5.5,7539,40,520,1810,3639,1259,271,6735,5263,1472,2.70,2.68,6735,1187,1547,1685,986,676,654,6735,562,2052,2304,1817,6735,1839,926,3352,47,50,462,0,47,12,6735,79,77,273,6735,6679,48,8,5263,877,2027,890,781,451,159,54,24,91800,5263,2887,2376,2887,36,317,434,821,886,311,82,930,2376,32,456,900,551,437,282,2879,1228,428,383,199,641,8,2376,1068,383,313,101,75,76,360,0,1220,159,109,383,380,130,49,10,483,252,1204,245,154,99,184,128,394,268
2009,Marshall County; Kentucky,15465,12822,2643,3.8,8.5,15465,10807,204,269,242,204,44,210,3485,0,15465,326,1278,3110,2246,3243,2195,1830,600,637,15465,114,98,542,2859,3930,3322,2058,1219,1323,21,157,5.6,15465,143,748,4441,8132,1509,492,12822,10559,2263,2.35,2.57,12822,2830,3026,3259,1310,1264,1133,12822,442,3624,5658,3098,12822,5108,2452,4800,35,0,378,0,18,31,12822,78,129,471,12822,12736,86,0,10559,2228,3448,1652,1594,973,474,190,0,92000,10559,5888,4671,5888,17,437,1234,1769,1552,545,334,886,4671,146,745,1483,1167,1130,298,5876,2728,771,658,429,1290,12,4622,2280,727,624,356,136,69,430,49,1945,108,155,469,995,194,24,0,563,318,1920,410,233,151,316,143,667,343
2009,Martin County; Kentucky,5923,4767,1156,0.1,3.3,5923,3132,0,98,169,188,15,7,2314,0,5923,28,374,1025,1499,1531,666,272,164,364,5923,45,132,332,1582,1877,902,638,290,125,21,159,5.0,5923,45,326,2040,2936,520,56,4767,3346,1421,2.87,2.39,4767,1002,1167,1116,588,561,333,4767,620,1912,1282,953,4767,1425,107,2753,262,94,126,0,0,0,4767,56,16,588,4767,4611,75,81,3346,1610,894,628,161,50,3,0,0,52500,3346,1057,2289,1057,16,160,284,461,128,8,0,787,2289,148,768,628,395,350,231,1057,659,48,92,68,190,0,2197,821,452,404,190,115,114,101,92,872,34,119,486,177,56,0,0,413,549,822,146,106,61,69,47,393,599
2009,Mason County; Kentucky,8061,6805,1256,3.6,8.7,8061,5513,250,240,338,302,274,222,922,0,8061,175,530,1147,641,1053,783,1093,313,2326,8061,41,107,605,1107,2002,1516,1216,625,842,21,161,5.6,8061,52,768,2414,3548,1060,219,6805,4753,2052,2.46,2.17,6805,1960,1647,1507,675,536,480,6805,669,2054,2658,1424,6805,2833,604,3029,118,15,186,0,20,0,6805,23,43,337,6805,6699,90,16,4753,1044,1576,958,517,465,145,43,5,94100,4753,3069,1684,3069,79,370,501,833,859,288,139,920,1684,22,398,505,341,418,283,3045,1624,425,219,235,542,24,1661,739,342,207,86,29,92,166,23,1848,202,207,579,697,152,11,0,475,204,1806,331,216,109,302,191,657,246
2009,Meade County; Kentucky,11261,9768,1493,0.8,13.8,11261,6550,213,691,229,896,145,29,2508,0,11261,165,717,2506,1445,1951,1814,1524,443,696,11261,24,133,532,1855,3481,2223,1407,734,872,21,163,5.4,11261,24,703,2610,6099,1447,378,9768,6973,2795,2.76,2.86,9768,2408,2512,2419,1106,668,655,9768,270,3038,3704,2756,9768,1779,1934,5382,178,0,436,0,28,31,9768,6,6,199,9768,9662,82,24,6973,1315,2025,1559,1401,500,127,28,18,104500,6973,4453,2520,4453,24,336,649,1126,1662,543,113,1029,2520,50,608,873,510,479,269,4443,2051,808,292,262,1030,10,2484,1120,375,335,272,117,93,172,36,2120,80,23,515,923,490,80,9,597,675,2089,358,357,248,336,127,663,706
2009,Menifee County; Kentucky,4022,2357,1665,8.0,15.7,4022,2664,20,14,81,71,37,0,1135,0,4022,18,160,1316,1033,669,347,251,126,102,4022,15,80,218,1258,1347,542,356,102,104,21,165,4.8,4022,15,348,1447,1885,313,14,2357,1922,435,2.86,2.54,2357,467,600,592,304,179,215,2357,186,654,1007,510,2357,380,450,1315,0,11,201,0,0,0,2357,0,0,172,2357,2296,61,0,1922,611,855,196,59,184,0,0,17,66900,1922,1011,911,1011,52,130,208,425,149,47,0,748,911,17,439,224,129,102,200,1011,412,203,103,38,255,0,862,439,100,148,39,35,14,87,49,308,8,51,153,84,0,12,0,439,127,300,0,56,13,0,16,215,135
2009,Mercer County; Kentucky,10089,8686,1403,3.4,9.8,10089,7939,99,588,249,237,166,76,735,0,10089,254,750,1670,966,1777,1504,1028,569,1571,10089,16,136,528,1789,2008,2353,1582,736,941,21,167,5.7,10089,16,660,2911,4909,1145,448,8686,6643,2043,2.54,2.39,8686,2039,2244,2302,826,658,617,8686,457,2630,3455,2144,8686,2817,745,4827,94,0,196,0,0,7,8686,60,77,174,8686,8543,134,9,6643,601,1922,1440,1139,992,393,85,71,121800,6643,4190,2453,4190,34,148,582,1364,1329,436,297,992,2453,8,304,898,540,703,303,4180,1914,616,423,416,811,10,2417,1197,470,259,161,148,61,121,36,1852,187,119,504,675,308,59,0,531,191,1852,266,322,276,260,172,556,191
2009,Metcalfe County; Kentucky,4829,4064,765,0.5,4.6,4829,3399,12,50,70,27,29,47,1195,0,4829,66,220,1194,743,885,478,354,280,609,4829,19,36,129,1052,1485,775,636,395,302,21,169,5.3,4829,19,184,1572,2264,667,123,4064,3170,894,2.42,2.48,4064,670,959,1339,335,378,383,4064,201,1125,1424,1314,4064,1110,597,1878,40,0,400,0,39,0,4064,22,22,171,4064,3997,67,0,3170,895,1301,489,297,135,19,34,0,73500,3170,1555,1615,1555,21,214,408,681,213,18,0,753,1615,70,448,503,253,341,263,1526,811,150,111,132,322,29,1594,826,334,145,97,69,38,85,21,687,66,95,261,169,88,8,0,463,207,665,203,65,120,16,108,153,229
2009,Monroe County; Kentucky,5541,4678,863,0.2,5.6,5541,4091,51,40,95,123,26,68,1012,35,5541,87,300,990,977,996,853,461,365,512,5541,80,48,352,762,1793,964,767,410,365,21,171,5.4,5541,82,311,1451,2917,623,157,4678,3456,1222,2.42,2.52,4678,877,984,1148,745,510,414,4678,430,1406,1662,1180,4678,1070,585,2309,110,13,588,0,0,3,4678,84,55,186,4678,4639,26,13,3456,1257,1139,464,266,202,92,13,23,67400,3456,1628,1828,1628,23,213,339,424,463,92,74,825,1828,51,605,604,316,252,239,1600,613,270,124,69,524,28,1794,777,327,268,79,105,58,180,34,975,115,193,465,202,0,0,0,402,247,869,106,73,100,117,123,350,353
2009,Montgomery County; Kentucky,11020,9745,1275,3.1,12.0,11020,7325,229,679,385,192,134,139,1937,0,11020,503,1354,2114,1804,2182,967,610,499,987,11020,0,70,548,1833,3106,2449,1541,734,739,21,173,5.5,11020,0,574,2864,6178,1144,260,9745,6763,2982,2.56,2.57,9745,2484,2660,2126,1184,582,709,9745,886,3346,3704,1809,9745,3218,575,5588,117,0,201,0,21,25,9745,42,23,1306,9745,9590,140,15,6763,1196,2197,1656,765,596,234,84,35,99700,6763,4184,2579,4184,45,309,793,1433,1088,407,109,903,2579,62,513,725,640,639,299,4184,1842,620,444,292,986,0,2524,1082,488,243,177,172,86,276,55,2673,76,183,770,1142,427,75,0,544,309,2613,517,263,318,227,111,1177,369
2009,Morgan County; Kentucky,5839,4434,1405,1.0,10.8,5839,3713,0,28,107,120,125,37,1709,0,5839,40,146,1259,1005,1125,841,566,394,463,5839,68,120,260,1213,1593,1300,741,243,301,21,175,5.3,5839,85,456,1737,2724,701,136,4434,3180,1254,2.83,2.71,4434,802,848,1217,730,543,294,4434,315,1214,1753,1152,4434,492,978,2449,52,132,331,0,0,0,4434,20,11,104,4434,4295,112,27,3180,1040,1145,365,299,236,86,9,0,70900,3180,1301,1879,1301,17,151,327,366,295,115,30,801,1879,189,516,573,372,229,238,1298,565,350,108,67,208,3,1863,1030,312,167,64,83,61,146,16,903,120,85,389,247,62,0,0,432,351,896,82,177,59,106,37,435,358
2009,Muhlenberg County; Kentucky,14284,12979,1305,0.8,3.9,14284,10511,58,109,339,440,93,44,2690,0,14284,222,1373,1726,1531,3246,2000,1231,1056,1899,14284,79,265,633,2423,3994,3045,1814,1082,949,21,177,5.4,14284,99,800,4424,7331,1349,281,12979,10089,2890,2.36,2.19,12979,2589,3718,2585,1512,1558,1017,12979,814,3549,5207,3409,12979,4704,1122,6754,98,14,266,0,0,21,12979,121,118,587,12979,12665,190,124,10089,3045,4166,1354,702,528,165,81,48,71900,10089,5317,4772,5317,38,723,1510,1679,991,260,116,754,4772,145,1169,1756,898,804,257,5300,2405,808,487,277,1323,17,4772,2253,963,397,321,207,159,472,0,2331,102,178,1093,773,161,24,0,474,559,2326,502,214,466,184,186,774,564
2009,Nelson County; Kentucky,17991,16234,1757,4.2,11.8,17991,14217,303,508,605,380,96,22,1860,0,17991,557,2466,5276,2532,2296,1412,1456,647,1349,17991,26,88,673,2293,5993,3821,2364,1353,1380,21,179,5.5,17991,48,768,3673,10753,2174,575,16234,12835,3399,2.59,2.42,16234,4265,4502,4055,1500,993,919,16234,510,4311,6804,4609,16234,2518,1792,10780,529,11,499,0,23,82,16234,43,18,638,16234,16009,225,0,12835,1065,4004,3525,1855,1463,703,208,12,117600,12835,8753,4082,8753,9,421,1282,2605,2988,950,498,1008,4082,47,605,1472,922,1036,295,8721,3653,1821,945,763,1539,32,4036,2003,855,454,218,97,147,262,46,3098,110,125,843,1217,687,95,21,590,301,3098,540,489,431,362,200,1076,301
2009,Nicholas County; Kentucky,3165,2722,443,1.2,16.0,3165,1969,7,126,110,62,48,12,831,0,3165,66,191,565,297,506,411,225,168,736,3165,42,32,287,432,744,709,470,245,204,21,181,5.6,3165,42,274,938,1366,488,57,2722,2049,673,2.60,2.06,2722,560,620,807,272,246,217,2722,291,740,1015,676,2722,540,293,1566,99,0,218,0,0,6,2722,76,58,369,2722,2623,65,34,2049,558,794,395,138,134,30,0,0,73000,2049,1257,792,1257,20,23,307,389,439,67,12,932,792,42,293,238,160,59,220,1257,597,145,90,135,290,0,724,360,157,114,18,45,0,30,68,529,99,116,85,176,53,0,0,405,144,522,67,52,73,55,52,223,151
2009,Ohio County; Kentucky,10448,9057,1391,1.4,8.6,10448,7322,102,256,253,158,105,25,2227,0,10448,506,838,1699,1148,2294,1405,897,588,1073,10448,12,63,468,2018,3295,2152,1199,641,600,21,183,5.3,10448,29,592,2969,5568,1105,185,9057,7023,2034,2.61,2.28,9057,2142,2362,2255,904,881,513,9057,622,2669,3307,2459,9057,2604,1679,4120,98,24,499,0,24,9,9057,57,58,890,9057,8873,120,64,7023,2034,2986,993,491,360,125,34,0,76300,7023,3551,3472,3551,34,366,858,1121,844,165,163,820,3472,242,908,1052,618,652,246,3545,1536,693,349,208,759,6,3431,1650,761,295,215,114,61,335,41,1739,69,96,780,525,229,40,0,483,295,1702,390,168,219,290,215,420,332
2009,Oldham County; Kentucky,20168,19144,1024,2.1,5.9,20168,17957,312,97,421,581,348,100,346,6,20168,1141,3570,4785,2941,4426,1149,711,475,970,20168,10,83,370,1418,2844,3567,2940,2967,5969,21,185,7.1,20168,81,481,2648,8245,6202,2511,19144,16483,2661,2.79,2.21,19144,4361,6253,5052,1881,1192,405,19144,535,3465,8914,6230,19144,9860,1415,7241,218,5,292,0,92,21,19144,40,17,415,19144,18992,115,37,16483,269,691,2546,2759,5186,3331,1551,150,230000,16483,12993,3490,12993,55,161,319,1434,3349,3361,4314,1681,3490,9,207,423,818,2033,436,12977,5714,2292,1644,928,2399,16,3490,1927,551,443,157,102,74,236,0,2461,48,61,351,1028,594,300,79,676,200,2441,341,361,313,325,305,796,220
2009,Owen County; Kentucky,5641,4715,926,2.7,2.8,5641,4232,3,56,85,147,46,0,1072,0,5641,116,281,1231,918,893,436,330,294,1142,5641,18,172,280,721,1567,1546,642,399,296,21,187,5.5,5641,18,398,1465,3114,559,87,4715,3464,1251,2.45,2.25,4715,1235,1155,1277,516,308,224,4715,249,1077,1991,1398,4715,84,1454,2656,207,12,290,0,4,8,4715,74,38,229,4715,4610,105,0,3464,562,1087,922,433,292,139,19,10,103500,3464,2249,1215,2249,12,154,394,684,775,184,46,960,1215,77,165,471,246,256,276,2249,1156,285,152,148,508,0,1207,652,232,70,73,65,32,83,8,898,66,65,181,479,38,69,0,570,353,898,157,110,137,81,63,350,353
2009,Owsley County; Kentucky,2314,1678,636,0.0,0.9,2314,1460,11,0,44,70,0,0,729,0,2314,45,67,356,521,472,307,220,108,218,2314,0,0,66,728,501,441,258,205,115,21,189,5.2,2314,0,65,918,1036,228,67,1678,1280,398,2.62,2.89,1678,257,300,445,334,240,102,1678,221,593,558,306,1678,41,249,1212,64,70,42,0,0,0,1678,55,38,162,1678,1653,25,0,1280,509,435,232,41,30,33,0,0,63500,1280,480,800,480,0,80,126,151,62,52,9,764,800,73,275,200,130,122,219,480,146,57,18,43,216,0,782,306,195,75,81,34,29,62,18,214,16,66,75,31,26,0,0,357,184,214,0,14,73,16,8,103,184
2009,Pendleton County; Kentucky,6013,5151,862,0.7,5.8,6013,4031,49,88,88,107,118,91,1441,0,6013,218,538,1333,637,761,673,401,425,1027,6013,54,82,307,915,1694,1171,953,533,304,21,191,5.5,6013,54,468,1563,3017,713,198,5151,4031,1120,2.78,2.91,5151,1236,1160,1532,641,266,316,5151,311,1339,1790,1711,5151,900,1453,1954,439,0,301,0,84,20,5151,0,28,303,5151,4992,159,0,4031,440,1490,1050,587,321,125,18,0,103000,4031,2540,1491,2540,0,87,351,745,807,321,229,1041,1491,0,226,443,384,438,318,2540,1128,431,211,169,601,0,1491,593,223,171,130,77,73,224,0,1001,126,34,192,382,193,74,0,615,119,1001,96,65,277,90,117,356,119
2009,Perry County; Kentucky,13486,11236,2250,3.7,7.3,13486,8138,53,240,368,385,55,138,4109,0,13486,112,599,2656,2416,2966,1369,1005,909,1454,13486,48,198,907,3348,3453,2570,1417,754,791,21,193,5.1,13486,61,921,5117,5722,1308,357,11236,8214,3022,2.66,2.30,11236,2321,1918,2914,1624,1334,1125,11236,1437,4219,3486,2094,11236,1636,271,8184,152,777,111,0,105,0,11236,173,86,809,11236,11005,217,14,8214,3800,2493,779,537,442,47,102,14,54600,8214,3302,4912,3302,111,362,1026,876,691,155,81,744,4912,489,1887,1488,365,683,205,3302,1842,297,328,177,658,0,4883,2485,771,430,446,198,56,497,29,2233,151,339,974,596,173,0,0,436,789,2181,537,179,404,163,130,768,841
2009,Pike County; Kentucky,33013,28922,4091,1.6,4.4,33013,17846,235,463,593,623,347,499,12397,10,33013,555,2385,7372,6261,7205,3074,2154,1672,2335,33013,102,240,1646,6992,8906,6671,4584,1932,1940,21,195,5.3,33013,190,1771,10501,16334,3506,711,28922,21943,6979,2.27,2.14,28922,6262,6627,7675,3254,2984,2120,28922,2926,9186,11101,5709,28922,4766,626,21963,769,349,392,0,13,44,28922,243,158,1657,28922,28580,284,58,21943,8974,6904,2689,1371,1429,404,127,45,63600,21943,9407,12536,9407,42,1187,2062,3317,1861,525,413,806,12536,862,3969,3946,2298,1461,233,9367,4616,1351,787,690,1923,40,12313,6214,2101,1387,713,580,309,1009,223,5190,545,491,1624,1907,444,179,0,495,1789,5031,1181,486,450,671,369,1874,1948
2009,Powell County; Kentucky,5846,5026,820,1.4,5.6,5846,3899,121,174,207,82,52,25,1278,8,5846,49,475,1367,1007,1226,896,392,267,167,5846,39,22,277,1017,1893,1115,775,325,383,21,197,5.3,5846,39,303,1619,3100,591,194,5026,3557,1469,2.71,2.41,5026,1140,1163,1574,491,484,174,5026,495,1611,1638,1282,5026,1883,686,2108,39,13,297,0,0,0,5026,104,59,768,5026,4917,81,28,3557,900,1374,722,284,186,65,16,10,78800,3557,1875,1682,1875,4,144,424,725,434,76,68,836,1682,38,442,534,354,314,267,1875,745,330,270,142,388,0,1626,656,232,266,145,61,31,235,56,1277,44,150,391,538,136,18,0,534,192,1268,204,92,49,96,132,695,201
2009,Pulaski County; Kentucky,27980,23683,4297,2.7,9.5,27980,18954,281,690,1017,686,343,335,5662,12,27980,765,2577,6392,4136,5492,2509,2309,1437,2363,27980,210,450,1294,5363,7586,5254,3334,2119,2370,21,199,5.4,27980,257,1982,8606,12227,3780,1128,23683,17460,6223,2.50,2.50,23683,6031,5615,6204,2219,2270,1344,23683,2016,7138,9201,5328,23683,3286,1544,16638,870,148,1018,9,38,132,23683,304,397,1292,23683,23315,262,106,17460,4010,5602,3626,1927,1377,647,260,11,92700,17460,9322,8138,9322,99,876,2099,2997,2009,793,449,844,8138,237,2424,2681,1493,1303,248,9244,4320,1425,798,587,2114,78,8025,3561,1614,788,510,324,382,846,113,5456,401,392,1824,2140,521,98,80,510,767,5382,908,695,568,384,530,2297,841
2009,Robertson County; Kentucky,1022,825,197,0.0,5.7,1022,725,30,6,21,31,7,0,202,0,1022,32,34,102,155,137,96,99,81,286,1022,13,4,53,216,251,258,114,58,55,21,201,5.4,1022,13,81,339,491,78,20,825,661,164,2.79,2.38,825,148,165,210,138,88,76,825,49,243,282,251,825,159,98,312,100,0,134,0,14,8,825,12,30,34,825,822,3,0,661,242,271,98,33,17,0,0,0,62400,661,319,342,319,0,43,78,126,55,17,0,743,342,8,93,174,13,54,229,319,145,24,34,5,111,0,335,149,70,36,48,11,0,21,7,140,32,15,42,31,20,0,0,376,24,131,16,11,30,13,25,36,33
2009,Rockcastle County; Kentucky,7766,6489,1277,1.1,13.6,7766,5548,34,18,123,128,28,77,1810,0,7766,92,465,1811,1164,1635,969,587,310,733,7766,48,53,234,1538,2387,1597,983,470,456,21,203,5.3,7766,48,417,2353,4075,720,153,6489,5119,1370,2.53,2.49,6489,954,1662,1853,932,634,454,6489,708,1930,2272,1579,6489,290,656,4353,537,80,558,0,15,0,6489,66,56,573,6489,6404,55,30,5119,1841,1892,750,367,200,58,0,11,68000,5119,2397,2722,2397,29,213,711,638,564,180,62,818,2722,197,698,942,464,421,245,2383,1054,317,185,145,682,14,2622,854,554,274,160,191,54,535,100,1143,160,126,457,279,87,34,0,437,227,1091,142,138,90,56,108,557,279
2009,Rowan County; Kentucky,9476,7956,1520,3.6,15.6,9476,5502,71,262,227,550,128,94,2642,0,9476,267,690,2519,1762,1713,935,548,511,531,9476,242,201,608,1992,2682,1558,813,595,785,21,205,5.1,9476,274,572,3056,4088,1070,416,7956,5371,2585,2.54,2.46,7956,2139,2285,1771,894,498,369,7956,469,2621,3245,1621,7956,1995,635,4622,59,31,614,0,0,0,7956,0,0,912,7956,7890,63,3,5371,1481,1594,1068,582,340,242,41,23,85900,5371,2949,2422,2949,76,284,741,709,844,169,126,826,2422,28,680,826,467,421,264,2869,1462,323,320,178,586,80,2422,1147,413,345,161,113,39,204,0,2362,182,214,886,597,427,49,7,469,223,2319,228,143,338,308,263,1039,266
2009,Russell County; Kentucky,9346,6884,2462,2.9,13.1,9346,6376,34,146,44,195,35,71,2445,0,9346,156,435,1971,1446,1837,1616,971,450,464,9346,69,67,407,2211,2752,2065,786,443,546,21,207,5.2,9346,69,421,3329,4558,860,109,6884,5439,1445,2.49,2.49,6884,1393,1678,1808,773,708,524,6884,341,2286,2452,1805,6884,146,410,5485,469,0,324,0,19,31,6884,38,24,248,6884,6786,81,17,5439,1464,2303,779,385,280,149,79,0,79400,5439,2421,3018,2421,24,430,631,632,527,141,36,769,3018,84,1174,975,459,326,222,2414,968,381,249,144,672,7,2953,1451,535,285,155,149,37,341,65,1210,112,138,405,468,87,0,0,484,235,1131,192,137,67,148,67,520,314
2009,Scott County; Kentucky,16710,15416,1294,2.2,3.3,16710,12491,644,627,527,615,367,137,1288,14,16710,1350,2900,4174,1894,2219,1002,967,434,1770,16710,52,136,658,2634,3814,3292,2476,1662,1986,21,209,5.8,16710,52,739,3503,8298,3251,867,15416,11106,4310,2.76,2.43,15416,4904,4484,3529,1158,908,433,15416,768,3877,6647,4124,15416,3741,1643,9362,199,0,295,77,58,41,15416,112,112,922,15416,15109,196,111,11106,561,1514,2802,2305,2008,1496,356,64,162000,11106,8266,2840,8266,48,304,457,1608,3346,1443,1060,1216,2840,5,343,953,649,890,313,8233,4681,1302,632,517,1101,33,2840,1707,408,102,219,111,73,220,0,3878,201,232,545,1365,947,558,30,673,432,3799,853,552,466,423,251,1254,511
2009,Shelby County; Kentucky,15910,14844,1066,1.7,6.8,15910,12594,346,407,704,841,320,126,572,0,15910,1101,2581,3507,2006,2155,1411,745,498,1906,15910,143,192,675,2218,3569,3275,2088,1406,2344,21,211,5.9,15910,172,760,3480,7526,3024,948,14844,10778,4066,2.60,2.62,14844,4349,4000,3499,1546,883,567,14844,690,3569,6302,4283,14844,5618,2048,6525,282,0,283,0,59,29,14844,88,35,1066,14844,14421,265,158,10778,392,1299,2552,2161,1801,1557,698,318,172000,10778,8010,2768,8010,36,216,484,1437,2590,1608,1639,1350,2768,16,191,672,679,1210,372,7990,3370,1325,907,845,1543,20,2715,1280,660,186,207,142,56,184,53,3572,149,93,693,1381,851,299,106,675,494,3526,619,587,498,387,205,1230,540
2009,Simpson County; Kentucky,7770,7135,635,1.7,3.2,7770,6325,126,403,173,260,38,9,436,0,7770,238,1021,1526,577,1412,1161,693,311,831,7770,82,91,247,1079,2104,1584,1240,551,792,21,213,5.7,7770,99,381,1791,4186,1076,237,7135,4933,2202,2.33,2.37,7135,1640,1920,1679,795,617,484,7135,508,2442,2412,1773,7135,3048,1068,2719,65,0,202,0,16,17,7135,11,48,602,7135,7052,83,0,4933,621,1555,1054,862,579,162,100,0,110600,4933,3240,1693,3240,27,50,312,1162,1179,345,165,1025,1693,22,261,444,379,587,324,3227,1088,846,535,87,671,13,1665,699,248,245,100,113,15,245,28,2040,32,115,412,1100,324,57,0,625,162,2019,311,329,380,158,147,694,183
2009,Spencer County; Kentucky,6379,5998,381,0.7,2.7,6379,4999,16,96,91,164,48,41,924,0,6379,365,959,2540,814,668,298,219,86,430,6379,15,45,256,727,1846,1325,802,576,787,21,215,5.7,6379,15,198,1230,3510,1194,232,5998,5217,781,2.79,2.46,5998,1572,1818,1795,404,286,123,5998,163,1283,2354,2198,5998,315,2249,3163,28,0,207,0,27,9,5998,10,0,274,5998,5876,107,15,5217,459,538,1168,1086,1411,444,100,11,168400,5217,4120,1097,4120,15,87,352,684,1510,1059,413,1323,1097,0,250,286,219,342,306,4087,1645,654,577,338,873,33,1093,520,219,106,105,49,42,52,4,671,19,118,62,325,133,3,11,623,110,667,110,87,104,51,51,264,114
2009,Taylor County; Kentucky,10347,9507,840,1.4,10.5,10347,7763,83,465,522,316,78,116,1004,0,10347,164,661,1520,1641,2375,1591,947,605,843,10347,26,131,720,1622,3182,2105,1293,576,692,21,217,5.3,10347,26,734,2830,5164,1186,407,9507,6468,3039,2.47,2.40,9507,2594,2150,2030,931,1116,686,9507,885,3339,3502,1781,9507,3968,642,4119,122,0,590,0,66,0,9507,25,43,444,9507,9399,75,33,6468,1092,2622,1233,773,485,205,39,19,88000,6468,3756,2712,3756,29,324,708,1407,932,224,132,852,2712,57,633,1075,537,410,249,3747,1488,641,557,239,822,9,2697,1448,471,298,168,70,82,160,15,2669,154,362,764,1270,104,0,15,507,370,2634,339,385,290,374,168,1078,405
2009,Todd County; Kentucky,5313,4768,545,1.1,5.5,5313,4029,13,80,75,111,17,19,969,0,5313,59,271,1155,732,969,562,393,269,903,5313,0,52,211,1151,1311,1211,708,360,309,21,219,5.4,5313,9,247,1841,2403,689,124,4768,3468,1300,2.53,2.45,4768,1252,972,1159,487,505,393,4768,418,1221,1680,1449,4768,921,1559,2122,28,0,131,0,7,0,4768,44,15,268,4768,4676,82,10,3468,856,1289,691,357,99,93,67,16,76900,3468,1799,1669,1799,0,152,445,585,436,92,89,842,1669,29,159,489,540,452,330,1799,848,369,99,176,307,0,1658,779,271,218,67,59,15,249,11,1051,31,50,423,388,114,45,0,510,249,1041,156,174,206,92,104,309,259
2009,Trigg County; Kentucky,7091,5500,1591,3.9,9.9,7091,5204,21,143,89,50,25,0,1559,0,7091,211,639,1580,1380,1303,880,499,219,380,7091,0,60,395,1226,2068,1695,835,378,434,21,221,5.4,7091,0,284,2142,3666,902,97,5500,4515,985,2.40,2.44,5500,1236,1519,1668,457,337,283,5500,313,1337,2342,1508,5500,910,1621,2544,141,0,240,0,37,7,5500,84,33,294,5500,5402,98,0,4515,809,1672,805,600,397,153,71,8,88600,4515,2656,1859,2656,28,214,559,762,604,389,100,904,1859,55,347,647,465,345,279,2640,1203,301,298,191,647,16,1848,957,411,224,79,56,23,98,11,740,43,49,341,260,42,5,0,475,245,740,152,58,65,55,36,374,245
2009,Trimble County; Kentucky,3623,3103,520,0.8,6.2,3623,2250,18,16,67,137,13,0,1119,3,3623,14,139,1112,481,627,437,189,162,462,3623,0,27,146,696,1008,948,398,279,121,21,223,5.4,3623,0,221,924,2035,397,46,3103,2438,665,2.91,2.64,3103,615,983,893,245,185,182,3103,206,852,1164,881,3103,367,542,1804,182,0,168,0,19,21,3103,0,0,259,3103,3098,0,5,2438,465,598,678,373,237,78,0,9,111400,2438,1523,915,1523,0,128,205,419,570,147,54,1006,915,24,95,378,141,277,286,1523,870,231,107,91,224,0,887,390,162,80,40,72,27,116,28,526,54,86,88,183,92,23,0,570,139,506,85,47,47,82,87,158,159
2009,Union County; Kentucky,6394,5811,583,1.0,7.9,6394,4973,35,106,181,116,23,8,952,0,6394,35,264,898,806,1248,550,780,355,1458,6394,21,78,270,1034,1502,1844,812,352,481,21,225,5.7,6394,21,459,2000,2952,888,74,5811,4490,1321,2.27,2.18,5811,1124,1484,1339,807,615,442,5811,406,1555,2175,1675,5811,2056,823,2691,99,0,83,0,37,22,5811,9,8,438,5811,5724,87,0,4490,1113,1873,731,236,419,87,31,0,76400,4490,2806,1684,2806,29,360,637,902,676,123,79,854,1684,32,303,376,542,431,324,2806,1510,401,140,200,555,0,1671,807,257,217,125,44,98,123,13,1042,34,42,532,290,107,26,11,452,279,1032,199,245,129,79,83,297,289
2009,Warren County; Kentucky,44905,40843,4062,2.0,9.9,44905,29121,633,1913,3827,2439,1674,1533,3765,0,44905,2115,5941,10109,6509,7494,4686,3004,1934,3113,44905,157,1259,3596,8200,10098,8716,5485,3206,4188,21,227,5.4,44905,237,5163,10614,20860,6709,1322,40843,25550,15293,2.49,2.33,40843,13752,12102,8396,3060,2036,1497,40843,2595,13313,15624,9311,40843,18981,2996,18257,117,18,341,0,83,50,40843,384,494,3354,40843,40202,552,89,25550,2094,5698,7465,4278,3997,1550,292,176,132700,25550,17542,8008,17542,65,501,2047,4316,6393,2560,1660,1111,8008,100,877,2428,2069,2534,323,17520,7807,3237,2053,1250,3173,22,7895,4189,1549,699,459,267,171,561,113,14361,371,613,3027,7213,2102,944,91,611,932,14193,2134,2315,1818,1202,1136,5588,1100
2009,Washington County; Kentucky,4721,4117,604,4.2,6.2,4721,3965,12,111,57,25,31,15,505,0,4721,163,427,855,508,601,388,585,311,883,4721,4,53,207,537,1323,1142,538,456,461,21,229,5.7,4721,4,335,1080,2352,757,193,4117,3228,889,2.71,2.82,4117,912,1045,1035,485,375,265,4117,283,926,1635,1273,4117,760,988,2111,66,6,160,0,17,9,4117,12,18,165,4117,4103,14,0,3228,458,1161,678,387,282,217,35,10,99700,3228,1792,1436,1792,12,95,256,687,489,142,111,931,1436,55,317,373,331,360,292,1792,762,363,137,258,272,0,1425,734,290,72,47,98,64,120,11,744,71,55,210,326,77,5,0,526,145,744,142,104,21,94,73,310,145
2009,Wayne County; Kentucky,10028,8073,1955,1.8,9.5,10028,6748,20,360,309,158,26,38,2369,0,10028,12,443,2215,1839,2394,1283,851,347,644,10028,64,134,715,2482,2870,1968,926,539,330,21,231,5.1,10028,64,738,3667,4351,1023,185,8073,6013,2060,2.59,2.38,8073,1409,1692,2506,1071,845,550,8073,777,2458,2929,1909,8073,142,938,5684,404,29,827,0,37,12,8073,124,67,742,8073,7914,150,9,6013,2254,2115,748,509,204,143,40,0,67200,6013,2514,3499,2514,222,429,561,745,429,83,45,711,3499,335,1040,1244,582,298,223,2491,1137,463,253,153,485,23,3466,1923,474,214,244,130,172,309,33,1826,148,300,978,350,25,25,0,381,234,1675,304,155,218,120,65,813,385
2009,Webster County; Kentucky,6490,5500,990,1.2,14.1,6490,4745,28,85,73,138,42,78,1301,0,6490,129,356,935,744,1328,759,646,275,1318,6490,32,45,369,1264,1947,1336,617,344,536,21,233,5.3,6490,32,616,2233,2844,630,135,5500,4310,1190,2.48,2.36,5500,1358,1395,1124,700,561,362,5500,441,1760,2058,1241,5500,2150,666,2557,31,0,66,0,11,19,5500,4,51,463,5500,5411,81,8,4310,1728,1521,508,255,195,77,0,26,63100,4310,2211,2099,2211,37,317,450,744,524,102,37,813,2099,35,525,762,368,409,265,2202,1189,313,176,101,423,9,2096,891,528,318,91,44,83,141,3,1071,86,101,410,388,39,33,14,483,119,1067,234,109,154,124,147,299,123
2009,Whitley County; Kentucky,16124,13682,2442,2.5,8.7,16124,9688,241,651,373,247,199,198,4527,0,16124,260,1389,3448,2787,3413,1318,1528,1031,950,16124,58,158,986,3675,4807,2634,1837,968,1001,21,235,5.2,16124,58,1144,5220,7579,1699,424,13682,9595,4087,2.70,2.62,13682,3216,3105,3613,1614,1224,910,13682,1352,4723,5103,2504,13682,5274,970,6063,389,320,567,0,67,32,13682,115,160,1034,13682,13296,377,9,9595,3701,3246,1278,686,397,211,59,17,65400,9595,4840,4755,4840,63,789,1196,1421,883,257,231,762,4755,462,1559,1432,760,542,222,4776,2030,718,563,374,1091,64,4739,2130,974,656,241,192,160,386,16,3230,153,475,948,1229,293,132,0,506,857,3176,565,400,329,475,232,1175,911
2009,Wolfe County; Kentucky,3473,2422,1051,1.8,17.4,3473,1973,0,13,128,41,23,1,1294,0,3473,14,250,660,576,868,520,186,139,260,3473,11,51,109,775,1095,806,440,105,81,21,237,5.2,3473,11,297,1317,1511,251,86,2422,1823,599,2.90,2.80,2422,334,559,634,448,304,143,2422,227,833,1012,350,2422,372,483,1134,56,37,328,0,12,0,2422,0,0,215,2422,2407,14,1,1823,755,698,132,126,98,14,0,0,54200,1823,737,1086,737,20,167,160,205,175,10,0,735,1086,196,389,208,193,100,193,737,258,67,61,110,241,0,1010,474,209,101,40,34,30,122,76,379,134,71,83,69,22,0,0,245,220,365,11,24,13,69,69,179,234
2009,Woodford County; Kentucky,10445,9854,591,0.3,3.1,10445,8923,149,318,349,372,20,74,240,0,10445,380,936,2096,1752,1822,1205,724,312,1218,10445,12,14,238,1172,2343,2301,1384,1309,1672,21,239,6.1,10445,16,332,2364,4927,2377,429,9854,7105,2749,2.50,2.41,9854,2629,2687,2602,1035,507,394,9854,478,2624,4128,2624,9854,4293,529,4699,106,12,207,0,0,8,9854,0,11,620,9854,9711,133,10,7105,164,613,1910,1510,1630,812,324,142,170900,7105,5059,2046,5059,16,128,298,1044,1996,945,632,1228,2046,0,144,570,558,774,341,5059,2320,847,729,379,784,0,2046,1066,326,235,150,98,28,143,0,2219,78,58,307,719,861,175,21,735,530,2204,463,345,274,199,110,813,545
