year,county_name,housing_occupancy_total_housing_units,housing_occupancy_occupied_housing_units,housing_occupancy_vacant_housing_units,housing_occupancy_homeowner_vacancy_rate,housing_occupancy_rental_vacancy_rate,units_in_structure_total_housing_units,units_in_structure_1_unit_detached,units_in_structure_1_unit_attached,units_in_structure_2_units,units_in_structure_3_or_4_units,units_in_structure_5_to_9_units,units_in_structure_10_to_19_units,units_in_structure_20_or_more_units,units_in_structure_mobile_home,units_in_structure_boat_rv_van_etc.,year_structure_built_total_housing_units,year_structure_built_built_2005_or_later,year_structure_built_built_2000_to_2004,year_structure_built_built_1990_to_1999,year_structure_built_built_1980_to_1989,year_structure_built_built_1970_to_1979,year_structure_built_built_1960_to_1969,year_structure_built_built_1950_to_1959,year_structure_built_built_1940_to_1949,year_structure_built_built_1939_or_earlier,rooms_total_housing_units,rooms_1_room,rooms_2_rooms,rooms_3_rooms,rooms_4_rooms,rooms_5_rooms,rooms_6_rooms,rooms_7_rooms,rooms_8_rooms,rooms_9_rooms_or_more,state_fips,county_fips,rooms_median_rooms,bedrooms_total_housing_units,bedrooms_no_bedroom,bedrooms_1_bedroom,bedrooms_2_bedrooms,bedrooms_3_bedrooms,bedrooms_4_bedrooms,bedrooms_5_or_more_bedrooms,housing_tenure_occupied_housing_units,housing_tenure_owner_occupied,housing_tenure_renter_occupied,housing_tenure_average_household_size_of_owner_occ,housing_tenure_average_household_size_of_renter_oc,year_householder_moved_into_unit_occupied_housing_,year_householder_moved_into_unit_moved_in_2005_or_,year_householder_moved_into_unit_moved_in_2000_to_,year_householder_moved_into_unit_moved_in_1990_to_,year_householder_moved_into_unit_moved_in_1980_to_,year_householder_moved_into_unit_moved_in_1970_to_,year_householder_moved_into_unit_moved_in_1969_or_,vehicles_available_occupied_housing_units,vehicles_available_no_vehicles_available,vehicles_available_1_vehicle_available,vehicles_available_2_vehicles_available,vehicles_available_3_or_more_vehicles_available,house_heating_fuel_occupied_housing_units,house_heating_fuel_utility_gas,house_heating_fuel_bottled_tank_or_lp_gas,house_heating_fuel_electricity,house_heating_fuel_fuel_oil_kerosene_etc.,house_heating_fuel_coal_or_coke,house_heating_fuel_wood,house_heating_fuel_solar_energy,house_heating_fuel_other_fuel,house_heating_fuel_no_fuel_used,selected_characteristics_occupied_housing_units,selected_characteristics_lacking_complete_plumbing,selected_characteristics_lacking_complete_kitchen_,selected_characteristics_no_telephone_service_avai,occupants_per_room_occupied_housing_units,occupants_per_room_1.00_or_less,occupants_per_room_1.01_to_1.50,occupants_per_room_1.51_or_more,value_owner_occupied_units,value_less_than_50000,value_50000_to_99999,value_100000_to_149999,value_150000_to_199999,value_200000_to_299999,value_300000_to_499999,value_500000_to_999999,value_1000000_or_more,value_median_dollars,mortgage_status_owner_occupied_units,mortgage_status_housing_units_with_a_mortgage,mortgage_status_housing_units_without_a_mortgage,selected_monthly_owner_costs_smoc_housing_units_wi,selected_monthly_owner_costs_smoc_less_than_300,selected_monthly_owner_costs_smoc_300_to_499,selected_monthly_owner_costs_smoc_500_to_699,selected_monthly_owner_costs_smoc_700_to_999,selected_monthly_owner_costs_smoc_1000_to_1499,selected_monthly_owner_costs_smoc_1500_to_1999,selected_monthly_owner_costs_smoc_2000_or_more,selected_monthly_owner_costs_smoc_median_dollars,selected_monthly_owner_costs_smoc_housing_units_wi,selected_monthly_owner_costs_smoc_less_than_100,selected_monthly_owner_costs_smoc_100_to_199,selected_monthly_owner_costs_smoc_200_to_299,selected_monthly_owner_costs_smoc_300_to_399,selected_monthly_owner_costs_smoc_400_or_more,selected_monthly_owner_costs_smoc_median_dollars,selected_monthly_owner_costs_as_a_percentage_of_ho,selected_monthly_owner_costs_as_a_percentage_of_ho,selected_monthly_owner_costs_as_a_percentage_of_ho,selected_monthly_owner_costs_as_a_percentage_of_ho,selected_monthly_owner_costs_as_a_percentage_of_ho,selected_monthly_owner_costs_as_a_percentage_of_ho,selected_monthly_owner_costs_as_a_percentage_of_ho,selected_monthly_owner_costs_as_a_percentage_of_ho,selected_monthly_owner_costs_as_a_percentage_of_ho,selected_monthly_owner_costs_as_a_percentage_of_ho,selected_monthly_owner_costs_as_a_percentage_of_ho,selected_monthly_owner_costs_as_a_percentage_of_ho,selected_monthly_owner_costs_as_a_percentage_of_ho,selected_monthly_owner_costs_as_a_percentage_of_ho,selected_monthly_owner_costs_as_a_percentage_of_ho,selected_monthly_owner_costs_as_a_percentage_of_ho,gross_rent_occupied_units_paying_rent,gross_rent_less_than_200,gross_rent_200_to_299,gross_rent_300_to_499,gross_rent_500_to_749,gross_rent_750_to_999,gross_rent_1000_to_1499,gross_rent_1500_or_more,gross_rent_median_dollars,gross_rent_no_rent_paid,gross_rent_as_a_percentage_of_household_income_gra,gross_rent_as_a_percentage_of_household_income_gra,gross_rent_as_a_percentage_of_household_income_gra,gross_rent_as_a_percentage_of_household_income_gra,gross_rent_as_a_percentage_of_household_income_gra,gross_rent_as_a_percentage_of_household_income_gra,gross_rent_as_a_percentage_of_household_income_gra,gross_rent_as_a_percentage_of_household_income_gra
2011,Mercer County; Missouri,2137,1560,577,1.7,11.4,2137,1653,29,29,42,9,71,54,250,0,2137,29,58,165,248,491,215,149,179,603,2137,44,66,174,547,477,283,222,159,165,29,129,5.0,2137,44,210,930,677,212,64,1560,1186,374,2.42,2.19,1560,567,228,385,180,100,100,1560,126,439,616,379,1560,480,393,475,0,0,203,0,9,0,1560,12,24,55,1560,1532,17,11,1186,429,412,182,45,58,49,11,0,69600,1186,536,650,536,5,59,131,174,129,24,14,774,650,14,104,210,113,209,299,527,285,73,26,46,97,9,641,278,110,74,50,44,16,69,9,313,61,41,79,106,21,0,5,464,61,309,68,24,63,56,22,76,65
2011,Wright County; Missouri,8660,7529,1131,3.3,4.0,8660,6686,35,159,258,25,7,80,1352,58,8660,343,472,1168,1262,2131,727,822,414,1321,8660,12,141,525,1656,2068,1745,1142,582,789,29,229,5.5,8660,12,634,2621,3972,1104,317,7529,5264,2265,2.43,2.53,7529,3001,1349,1520,721,589,349,7529,443,2586,2671,1829,7529,1107,2611,1965,92,0,1725,0,23,6,7529,125,106,353,7529,7353,168,8,5264,1361,1536,914,710,485,185,7,66,90800,5264,2456,2808,2456,36,198,533,852,530,139,168,844,2808,119,690,912,633,454,267,2453,830,348,250,197,828,3,2777,1348,498,283,159,162,79,248,31,1860,116,289,694,582,174,5,0,461,405,1833,269,264,281,181,226,612,432
2011,Clay County; Missouri,93003,86954,6049,2.2,5.0,93003,67885,6193,1110,2684,5492,4970,2929,1675,65,93003,7768,10920,15896,12226,14318,12619,10263,3817,5176,93003,923,1416,5514,11784,17519,19250,14931,9705,11961,29,047,6.0,93003,1115,8050,20104,41304,18897,3533,86954,62181,24773,2.61,2.16,86954,38713,18878,15692,6388,3615,3668,86954,3792,27698,37805,17659,86954,64440,2966,18701,164,0,433,50,54,146,86954,446,657,1511,86954,85960,692,302,62181,2220,7571,18999,15289,12506,4463,773,360,156100,62181,48043,14138,48043,74,405,1465,6051,18415,13193,8440,1438,14138,53,228,1210,3424,9223,456,47968,18253,10005,6913,4049,8748,75,14073,5764,3177,1671,1051,733,405,1272,65,23811,360,589,1891,8447,7008,4734,782,766,962,23662,3071,4098,4047,3368,1963,7115,1111
2011,Dent County; Missouri,7283,6063,1220,2.1,9.9,7283,5506,28,146,293,58,0,0,1252,0,7283,188,561,1170,820,1410,979,663,477,1015,7283,47,125,570,1469,1882,1526,896,514,254,29,065,5.3,7283,53,671,2149,3368,766,276,6063,4603,1460,2.61,2.24,6063,2144,1174,1424,625,419,277,6063,401,1623,2496,1543,6063,742,1560,1952,297,11,1457,0,41,3,6063,24,43,113,6063,5948,99,16,4603,1065,1822,662,550,366,97,27,14,82500,4603,2569,2034,2569,4,242,541,923,679,135,45,835,2034,22,288,691,551,482,302,2566,1032,444,371,189,530,3,2022,912,507,212,122,59,47,163,12,1179,50,106,424,385,171,43,0,504,281,1155,254,43,97,125,122,514,305
2011,Saline County; Missouri,10132,8928,1204,3.4,6.2,10132,8023,134,599,267,227,68,145,669,0,10132,184,510,685,1159,1743,1172,1245,1048,2386,10132,102,188,544,1300,2847,1859,1308,914,1070,29,195,5.5,10132,113,785,3059,4224,1558,393,8928,6276,2652,2.40,2.38,8928,3088,1788,1751,965,663,673,8928,575,3234,3293,1826,8928,5466,1391,1713,48,0,260,0,44,6,8928,26,98,237,8928,8722,109,97,6276,1536,2381,957,639,506,111,95,51,82800,6276,3310,2966,3310,3,171,617,1282,894,244,99,877,2966,7,185,745,884,1145,363,3307,1650,435,276,228,718,3,2964,1207,659,362,157,174,45,360,2,2373,60,245,768,774,484,42,0,518,279,2362,441,275,287,214,223,922,290
2011,Worth County; Missouri,1210,977,233,0.8,0.0,1210,1008,18,10,73,8,11,0,82,0,1210,15,33,68,84,187,105,76,83,559,1210,0,38,69,138,298,291,167,76,133,29,227,5.7,1210,0,148,321,517,180,44,977,730,247,2.14,2.19,977,331,174,241,72,84,75,977,44,208,438,287,977,292,317,222,38,0,86,0,22,0,977,4,14,12,977,970,7,0,730,338,220,53,43,39,22,15,0,57500,730,349,381,349,0,80,104,98,38,29,0,677,381,3,55,106,93,124,332,343,204,29,28,33,49,6,381,151,99,37,41,6,10,37,0,169,31,60,61,13,2,0,2,290,78,169,66,12,11,24,19,37,78
2011,Grundy County; Missouri,5040,4335,705,1.3,1.4,5040,4171,34,80,265,83,51,46,289,21,5040,104,170,503,331,812,602,465,373,1680,5040,26,81,315,843,1203,1111,699,373,389,29,079,5.5,5040,26,504,1665,2222,442,181,4335,3045,1290,2.36,2.10,4335,1653,740,853,427,368,294,4335,307,1408,1666,954,4335,1428,875,1541,23,0,392,28,46,2,4335,52,58,166,4335,4275,42,18,3045,937,1087,384,230,293,81,27,6,75400,3045,1452,1593,1452,6,86,307,476,357,154,66,881,1593,29,218,361,426,559,334,1452,709,141,149,164,289,0,1582,719,226,213,156,59,76,133,11,1133,54,71,499,313,149,47,0,454,157,1121,193,173,129,191,107,328,169
2011,Morgan County; Missouri,15459,8215,7244,5.1,2.7,15459,12073,85,174,242,260,12,63,2516,34,15459,643,828,2874,2972,3224,2000,1316,471,1131,15459,173,246,1440,2642,3981,2825,1769,956,1427,29,141,5.3,15459,214,1316,4676,6503,1673,1077,8215,6853,1362,2.48,2.40,8215,2838,1613,2095,1057,388,224,8215,678,2401,3230,1906,8215,1115,1913,3798,28,0,1306,5,2,48,8215,297,148,333,8215,7991,148,76,6853,1402,1516,1285,1084,937,539,78,12,116700,6853,3579,3274,3579,54,255,616,1010,1016,433,195,934,3274,63,593,1068,714,836,293,3570,1323,544,366,311,1026,9,3246,1394,704,340,224,139,92,353,28,1093,120,133,275,458,105,2,0,513,269,1065,147,220,156,173,46,323,297
2011,Reynolds County; Missouri,4029,2856,1173,3.4,0.0,4029,2983,16,14,82,26,3,0,898,7,4029,93,225,510,435,1096,626,280,258,506,4029,36,135,247,827,1262,765,456,150,151,29,179,5.1,4029,39,372,1206,1871,495,46,2856,2109,747,2.33,2.19,2856,935,540,656,278,283,164,2856,216,790,1065,785,2856,26,956,1155,14,0,705,0,0,0,2856,62,17,95,2856,2807,26,23,2109,532,740,362,243,134,82,4,12,81300,2109,1003,1106,1003,14,91,298,223,295,55,27,834,1106,17,189,450,292,158,281,999,422,211,98,59,209,4,1096,451,295,131,71,55,42,51,10,551,34,100,224,150,43,0,0,405,196,516,153,72,79,43,75,94,231
2011,St. Louis County; Missouri,437866,404158,33708,2.2,6.7,437866,315856,20078,7050,21360,25089,24148,22709,1487,89,437866,8383,16179,39803,51521,76229,81414,87204,31950,45183,437866,2778,5389,29819,62858,88730,79490,59309,49148,60345,29,189,5.9,437866,3050,42352,121756,166570,85193,18945,404158,291326,112832,2.53,2.14,404158,143272,77684,83548,42755,30365,26534,404158,26300,145559,159850,72449,404158,326021,4307,71506,670,0,768,0,437,449,404158,1408,2536,8447,404158,400284,3116,758,291326,9201,42895,57998,56615,58979,41078,19671,4889,178800,291326,208321,83005,208321,381,2323,7387,29179,71109,44225,53717,1455,83005,125,1124,6351,17028,58377,485,207723,85811,33560,24258,16073,48021,598,82315,33938,17026,10251,6109,3875,2835,8281,690,108138,1192,2386,5894,33429,35364,23838,6035,821,4694,105619,13390,14063,13579,12657,9141,42789,7213
2011,Stone County; Missouri,20012,13297,6715,3.9,2.3,20012,14361,285,327,276,703,594,53,3405,8,20012,879,1948,6150,3480,3368,1928,777,441,1041,20012,111,325,1429,4641,4734,3678,1900,1406,1788,29,209,5.2,20012,125,1057,7258,8510,2354,708,13297,10390,2907,2.38,2.46,13297,4658,3171,3405,1123,677,263,13297,425,3766,6428,2678,13297,740,4102,7202,34,0,1134,0,73,12,13297,42,18,622,13297,13008,244,45,10390,1663,2141,1641,1857,1686,977,380,45,141300,10390,6073,4317,6073,37,418,918,1650,1957,621,472,1003,4317,65,685,1264,1042,1261,312,5955,2189,1205,407,551,1603,118,4247,1879,1118,396,185,195,158,316,70,2352,25,102,520,846,669,152,38,652,555,2344,455,339,226,342,125,857,563
2011,Barry County; Missouri,17456,13891,3565,2.4,5.8,17456,12338,180,254,670,146,160,124,3535,49,17456,948,1425,3805,2743,3184,1260,956,854,2281,17456,169,344,913,3178,4631,3317,2027,1447,1430,29,009,5.4,17456,177,1132,5798,7752,2040,557,13891,10507,3384,2.50,2.64,13891,5172,2698,3458,1283,780,500,13891,470,4286,5538,3597,13891,3054,4424,4692,10,0,1617,0,91,3,13891,275,279,770,13891,13403,395,93,10507,2028,3072,2160,1436,886,485,356,84,102700,10507,5477,5030,5477,27,406,929,1766,1717,410,222,901,5030,216,1032,1495,1231,1056,285,5477,2372,873,548,418,1266,0,5019,2608,970,492,268,131,237,313,11,2875,82,123,939,1329,334,58,10,560,509,2826,490,496,197,561,161,921,558
2011,Boone County; Missouri,69250,63790,5460,1.8,7.0,69250,40773,4543,5128,4165,4678,3042,3186,3662,73,69250,6233,9276,14213,9738,11558,8003,3952,1663,4614,69250,1019,1704,5239,12499,13835,11424,7585,6017,9928,29,019,5.5,69250,1143,5309,17047,28563,13152,4036,63790,36738,27052,2.50,2.18,63790,34716,11574,9928,4070,1933,1569,63790,3786,20991,26223,12790,63790,36235,4418,21579,34,25,1277,0,105,117,63790,204,391,1826,63790,62751,707,332,36738,2711,5016,9385,7503,7275,3724,918,206,156600,36738,26681,10057,26681,16,548,1725,5176,10130,5200,3886,1255,10057,27,385,1818,2520,5307,413,26623,12099,5178,3263,1704,4379,58,9989,5136,1860,909,843,378,159,704,68,25812,197,541,2997,8758,8178,4050,1091,760,1240,25221,2706,3130,2658,3281,2037,11409,1831
2011,Cole County; Missouri,32202,29356,2846,1.4,3.5,32202,22415,768,1828,2176,1775,1238,920,1082,0,32202,1794,2960,5233,5293,5379,3220,3453,1292,3578,32202,249,345,2484,5187,5213,6091,4655,3672,4306,29,051,5.9,32202,277,2929,8338,13945,5286,1427,29356,19421,9935,2.61,2.12,29356,12659,5730,5565,2551,1510,1341,29356,1773,9372,11682,6529,29356,12258,2803,12961,22,0,1122,9,45,136,29356,81,145,1423,29356,29118,153,85,19421,1106,3705,6204,3504,3310,1296,245,51,139300,19421,12684,6737,12684,55,234,986,3190,4761,2030,1428,1167,6737,65,615,1792,1935,2330,343,12684,7029,1791,1280,821,1763,0,6735,4123,1137,470,329,228,149,299,2,9412,258,467,2523,3841,1862,379,82,578,523,9228,2289,1386,1401,954,552,2646,707
2011,Crawford County; Missouri,11901,9528,2373,2.3,10.6,11901,8895,37,164,299,180,104,64,2129,29,11901,403,1172,1645,1724,2513,1538,1122,637,1147,11901,246,70,820,2592,3130,2579,955,989,520,29,055,5.2,11901,246,713,4015,5243,1379,305,9528,7293,2235,2.62,2.34,9528,3449,1935,2318,747,591,488,9528,575,2831,3638,2484,9528,1052,3088,3516,63,0,1767,0,42,0,9528,65,56,353,9528,9193,187,148,7293,1355,1989,1693,1057,686,374,128,11,106900,7293,3928,3365,3928,0,225,702,1175,1483,148,195,967,3365,27,571,953,952,862,310,3915,1436,460,487,538,994,13,3324,1341,829,373,189,143,147,302,41,1986,78,210,461,828,333,76,0,561,249,1986,262,266,334,194,163,767,249
2011,Iron County; Missouri,5316,4298,1018,1.2,4.0,5316,3774,8,77,222,38,22,24,1124,27,5316,206,264,669,665,1185,750,490,303,784,5316,131,157,353,1003,1535,1056,466,362,253,29,093,5.2,5316,140,474,1567,2452,533,150,4298,3160,1138,2.40,2.36,4298,1666,754,920,446,329,183,4298,383,1591,1376,948,4298,930,748,1949,0,14,633,0,12,12,4298,24,77,187,4298,4196,70,32,3160,900,1173,529,221,207,78,52,0,77200,3160,1699,1461,1699,8,282,408,489,397,96,19,794,1461,76,191,772,246,176,249,1686,779,265,140,94,408,13,1441,755,245,146,90,74,21,110,20,990,47,94,339,351,101,33,25,505,148,954,79,142,134,112,69,418,184
2011,Livingston County; Missouri,6729,5547,1182,2.5,7.2,6729,5047,116,268,431,76,30,98,663,0,6729,193,379,652,466,1201,966,828,419,1625,6729,279,123,312,855,1576,1370,797,597,820,29,117,5.7,6729,281,379,1787,3199,877,206,5547,3853,1694,2.53,2.38,5547,1986,1100,1005,537,579,340,5547,298,2084,2012,1153,5547,2728,1083,1340,3,0,353,0,28,12,5547,2,22,389,5547,5453,41,53,3853,865,1249,758,365,454,152,10,0,93600,3853,1924,1929,1924,0,96,337,637,602,135,117,930,1929,14,167,487,595,666,343,1924,1083,319,68,152,302,0,1918,867,386,255,166,59,62,123,11,1438,52,71,421,595,216,66,17,600,256,1433,257,247,91,111,167,560,261
2011,Moniteau County; Missouri,6166,5507,659,1.5,8.5,6166,5007,83,141,304,45,46,0,540,0,6166,226,509,998,650,1071,570,754,235,1153,6166,75,118,288,758,1313,1236,964,744,670,29,135,5.9,6166,107,268,1594,3003,848,346,5507,4179,1328,2.67,2.16,5507,1843,1121,1217,659,340,327,5507,254,1403,2382,1468,5507,2373,1147,1386,8,0,563,0,16,14,5507,57,60,149,5507,5435,60,12,4179,580,1167,993,637,480,268,54,0,114500,4179,2573,1606,2573,0,107,394,682,832,357,201,1048,1606,31,173,447,448,507,325,2556,1100,583,331,167,375,17,1595,804,322,136,66,96,46,125,11,1153,94,64,281,514,176,24,0,574,175,1151,274,201,123,60,19,474,177
2011,Pemiscot County; Missouri,8227,6842,1385,3.9,9.1,8227,6039,31,521,582,203,129,24,698,0,8227,391,245,920,792,1642,1375,1171,757,934,8227,82,42,736,1639,2383,1679,708,572,386,29,155,5.2,8227,88,883,2510,3876,727,143,6842,3836,3006,2.64,2.67,6842,2777,1415,1067,660,510,413,6842,1012,2510,2180,1140,6842,3625,1025,2146,18,0,11,0,9,8,6842,67,127,441,6842,6671,153,18,3836,1328,1455,475,346,139,84,9,0,65100,3836,2096,1740,2096,41,245,474,634,428,203,71,839,1740,7,202,565,370,596,322,2088,996,273,170,120,529,8,1738,714,412,183,92,79,34,224,2,2735,149,372,950,900,323,41,0,482,271,2694,476,280,254,249,310,1125,312
2011,Pettis County; Missouri,18187,16275,1912,2.2,12.2,18187,13875,294,493,940,329,489,411,1342,14,18187,825,978,2168,1591,3129,2109,2451,1456,3480,18187,62,357,958,3024,4552,3497,2497,1361,1879,29,159,5.5,18187,127,1559,5634,7772,2238,857,16275,11589,4686,2.60,2.33,16275,6571,3146,2996,1716,991,855,16275,1071,5457,6357,3390,16275,8340,2051,5017,35,0,733,0,70,29,16275,94,123,448,16275,15823,392,60,11589,1904,4051,2624,1530,950,397,94,39,97700,11589,6657,4932,6657,10,342,1088,2093,2179,661,284,967,4932,92,387,1259,1513,1681,342,6640,2797,1006,802,548,1487,17,4878,2219,874,520,451,228,171,415,54,4391,95,221,949,1813,962,281,70,620,295,4357,383,561,606,571,348,1888,329
2011,Shannon County; Missouri,4166,3362,804,3.3,8.2,4166,3301,23,18,96,66,9,3,647,3,4166,194,207,562,473,848,629,303,288,662,4166,135,79,322,847,1010,894,549,115,215,29,203,5.2,4166,142,361,1279,1912,350,122,3362,2642,720,2.47,2.49,3362,1140,601,852,275,321,173,3362,150,865,1343,1004,3362,106,1539,635,0,0,1067,0,7,8,3362,23,21,144,3362,3251,75,36,2642,816,889,276,272,204,131,17,37,76700,2642,1249,1393,1249,25,116,308,461,259,80,0,793,1393,24,357,446,290,276,267,1240,453,218,154,75,340,9,1383,645,343,123,81,54,21,116,10,553,14,117,221,176,17,8,0,418,167,549,72,34,87,56,51,249,171
2011,Randolph County; Missouri,10736,9064,1672,2.7,3.5,10736,7738,172,459,457,69,79,186,1576,0,10736,458,702,1030,1311,1913,1061,1175,516,2570,10736,98,110,658,1722,2494,2419,1371,726,1138,29,175,5.6,10736,98,752,3485,4743,1301,357,9064,6471,2593,2.67,2.31,9064,3551,1686,2168,735,479,445,9064,652,3145,3672,1595,9064,3940,1161,3474,16,0,367,0,75,31,9064,98,124,641,9064,8889,141,34,6471,1577,2332,975,726,591,155,79,36,81300,6471,3567,2904,3567,1,247,823,996,1038,383,79,901,2904,45,432,870,742,815,314,3548,1513,545,458,309,723,19,2836,1269,658,398,148,136,48,179,68,2236,9,168,440,1048,362,145,64,588,357,2167,245,314,335,361,198,714,426
2011,Dunklin County; Missouri,14470,12862,1608,1.0,2.2,14470,11116,126,670,524,209,80,115,1625,5,14470,268,711,1326,1695,3125,2680,1790,1305,1570,14470,36,40,765,2977,4066,3532,1334,793,927,29,069,5.3,14470,47,927,5221,6800,1296,179,12862,7941,4921,2.35,2.55,12862,5057,2372,2659,1075,1041,658,12862,1447,4830,4870,1715,12862,6224,1528,4976,3,0,67,0,43,21,12862,68,66,955,12862,12634,228,0,7941,2699,3091,1242,373,359,121,45,11,68500,7941,3987,3954,3987,42,443,1141,1043,1014,167,137,796,3954,45,604,1124,1098,1083,319,3960,1866,618,362,198,916,27,3951,1405,933,568,326,244,77,398,3,4399,198,450,1617,1373,556,172,33,492,522,4317,731,428,546,554,465,1593,604
2011,Franklin County; Missouri,43266,38817,4449,2.6,4.2,43266,32529,957,948,1440,1152,1043,240,4957,0,43266,2381,4459,7762,6192,6946,4236,3766,2109,5415,43266,358,430,1859,7548,10579,9220,6069,3348,3855,29,071,5.6,43266,444,2708,11244,21834,5574,1462,38817,29837,8980,2.64,2.39,38817,13280,8217,8749,4067,2522,1982,38817,1683,10849,14729,11556,38817,4723,6420,24162,1249,9,2078,0,76,100,38817,90,208,991,38817,37942,790,85,29837,2926,4952,6991,5735,5143,2877,853,360,150300,29837,19583,10254,19583,29,594,1414,4510,7281,3620,2135,1211,10254,129,807,2565,3061,3692,355,19479,8056,3047,2340,1508,4528,104,10179,4567,2178,1332,581,353,290,878,75,8278,116,277,1607,3634,1843,704,97,644,702,8214,1508,1162,1365,875,602,2702,766
2011,Howard County; Missouri,4578,3794,784,1.5,8.4,4578,3334,32,131,165,23,48,24,821,0,4578,158,288,827,274,842,385,333,275,1196,4578,13,51,260,680,1110,938,652,402,472,29,089,5.7,4578,13,382,1158,2086,716,223,3794,2973,821,2.58,2.04,3794,1305,797,743,365,321,263,3794,272,1100,1512,910,3794,1613,751,1039,6,0,363,8,14,0,3794,23,24,217,3794,3749,40,5,2973,632,894,509,452,252,150,72,12,97300,2973,1707,1266,1707,0,94,183,536,548,207,139,1030,1266,13,118,422,272,441,328,1702,748,307,106,134,407,5,1256,707,193,98,88,28,34,108,10,678,5,69,266,223,52,59,4,499,143,639,129,113,84,38,44,231,182
2011,Jackson County; Missouri,311945,270493,41452,3.2,12.8,311945,210176,18192,10420,14213,15472,15784,24185,3461,42,311945,10341,19418,29756,31475,46613,44841,46196,21198,62107,311945,5704,6874,25837,47232,65462,63378,41689,26275,29494,29,095,5.6,311945,6709,37367,87305,126478,43668,10418,270493,168904,101589,2.56,2.24,270493,118829,52149,49032,22285,14882,13316,270493,25586,102580,99282,43045,270493,208112,4518,55397,128,46,1158,33,682,419,270493,1072,1758,9353,270493,265926,3586,981,168904,13901,41795,45991,29413,22812,11089,3175,728,130300,168904,119722,49182,119722,304,1739,5701,22972,45332,24951,18723,1302,49182,229,1447,5908,12288,29310,442,119200,46791,21396,14164,9326,27523,522,48718,17970,10489,6228,3850,2776,1796,5609,464,97229,1986,3238,9343,33660,28119,17406,3477,753,4360,94886,10428,11469,12363,11457,8365,40804,6703
2011,Miller County; Missouri,12703,10320,2383,2.1,0.8,12703,8678,179,187,373,388,540,177,2181,0,12703,532,882,2316,2376,2476,1325,898,452,1446,12703,167,301,605,2145,3336,2508,1527,734,1380,29,131,5.4,12703,181,938,3439,5740,1715,690,10320,7861,2459,2.48,2.02,10320,3605,2052,2406,1125,643,489,10320,737,3086,3737,2760,10320,1116,2063,5698,25,0,1347,0,42,29,10320,89,147,209,10320,10103,207,10,7861,1676,1893,1498,1125,1086,356,119,108,109300,7861,4541,3320,4541,15,397,710,1412,1320,362,325,949,3320,55,769,1041,653,802,274,4526,1995,638,416,387,1090,15,3259,1566,458,296,218,193,157,371,61,2087,56,264,529,867,313,40,18,557,372,2058,191,241,166,559,174,727,401
2011,Putnam County; Missouri,2882,2238,644,4.4,0.9,2882,2337,16,31,122,39,0,7,330,0,2882,102,297,332,216,585,306,189,190,665,2882,12,63,193,474,749,602,311,234,244,29,171,5.4,2882,12,223,955,1291,267,134,2238,1670,568,2.28,1.96,2238,747,442,552,207,165,125,2238,155,617,918,548,2238,620,957,406,0,0,235,0,20,0,2238,17,27,9,2238,2194,35,9,1670,405,472,300,130,139,125,72,27,94900,1670,751,919,751,0,23,82,222,248,103,73,1119,919,8,66,223,203,419,378,751,214,95,123,59,260,0,919,264,234,95,54,51,61,160,0,466,11,54,77,219,27,78,0,541,102,466,43,29,111,32,45,206,102
2011,Taney County; Missouri,28443,20525,7918,4.0,12.3,28443,15052,498,575,966,1902,2962,1929,4497,62,28443,2815,4434,9002,4589,3382,1857,919,431,1014,28443,683,854,2424,7051,6215,4071,2919,1955,2271,29,213,5.0,28443,728,2646,9988,10961,3054,1066,20525,13808,6717,2.35,2.45,20525,9854,4255,3920,1536,706,254,20525,710,7552,8562,3701,20525,508,3909,14870,21,0,1137,0,60,20,20525,50,245,810,20525,20156,242,127,13808,1923,2671,3190,2367,1773,1219,575,90,136100,13808,8368,5440,8368,19,304,905,2312,2807,957,1064,1086,5440,59,744,1676,1276,1685,316,8349,3048,1334,1111,619,2237,19,5382,2354,1265,632,318,165,129,519,58,6208,231,188,824,2766,1204,899,96,665,509,6066,909,828,933,615,674,2107,651
2011,Buchanan County; Missouri,38362,33662,4700,2.6,5.7,38362,27988,1520,1500,1432,1429,1117,1710,1666,0,38362,1116,1824,3637,2534,5392,4619,4564,3471,11205,38362,275,607,2663,6096,8629,7789,5226,3127,3950,29,021,5.6,38362,328,4551,12366,14481,5319,1317,33662,22504,11158,2.60,2.35,33662,13919,6326,6311,2961,1934,2211,33662,2925,11449,12835,6453,33662,21365,1937,9741,56,0,435,0,53,75,33662,94,279,1149,33662,33174,398,90,22504,2940,7548,4699,3580,2458,967,239,73,106800,22504,14089,8415,14089,29,340,1999,4146,4770,1822,983,1044,8415,61,600,2388,2676,2690,340,14055,6794,2380,1485,949,2447,34,8392,3652,1942,1052,469,268,232,777,23,10274,316,624,1806,4053,2425,806,244,641,884,10138,1408,1584,1313,1058,859,3916,1020
2011,Caldwell County; Missouri,4605,3708,897,1.9,10.1,4605,3710,42,47,191,28,13,15,543,16,4605,145,346,452,374,672,498,347,367,1404,4605,111,60,188,521,1241,933,757,392,402,29,025,5.7,4605,115,360,1199,2214,605,112,3708,2766,942,2.56,2.24,3708,1149,1000,774,367,208,210,3708,167,1023,1359,1159,3708,437,1821,1059,25,0,304,0,47,15,3708,53,18,296,3708,3636,48,24,2766,532,848,444,308,348,218,61,7,100300,2766,1456,1310,1456,5,44,133,407,578,184,105,1135,1310,32,116,310,310,542,346,1382,539,275,187,42,339,74,1300,591,305,107,71,54,50,122,10,806,48,53,216,283,130,74,2,604,136,796,147,81,108,77,61,322,146
2011,Cass County; Missouri,39736,36864,2872,2.1,9.1,39736,30825,2522,968,1483,691,323,595,2313,16,39736,4030,5367,8134,5516,7087,3670,2376,715,2841,39736,159,491,1640,4409,8548,8851,6635,3936,5067,29,037,6.0,39736,172,2077,7383,20294,7957,1853,36864,29063,7801,2.68,2.54,36864,15211,8561,7424,2982,1848,838,36864,1153,9658,15970,10083,36864,21704,3463,10677,45,0,831,0,97,47,36864,60,87,951,36864,36303,524,37,29063,2155,3662,7925,6717,5478,2416,611,99,154700,29063,21360,7703,21360,23,320,726,3388,8378,4782,3743,1369,7703,14,186,1028,1708,4767,458,21324,8034,4108,3539,1627,4016,36,7650,3138,1733,890,683,444,246,516,53,7312,200,254,494,1488,2212,2171,493,880,489,7271,923,933,937,943,786,2749,530
2011,Clinton County; Missouri,8867,8085,782,1.9,7.3,8867,7251,157,286,420,53,160,24,516,0,8867,342,1225,1432,949,1541,814,468,166,1930,8867,57,88,370,1269,1860,1957,1399,707,1160,29,049,5.9,8867,60,647,2270,4463,1022,405,8085,6044,2041,2.52,2.50,8085,2909,1874,1796,670,572,264,8085,245,2020,3407,2413,8085,3839,1515,2278,0,0,420,0,29,4,8085,6,22,144,8085,7921,164,0,6044,294,1194,1514,1198,1231,511,102,0,150700,6044,4137,1907,4137,6,72,271,831,1393,1126,438,1311,1907,7,58,277,583,982,407,4133,1582,786,482,366,917,4,1900,804,351,242,66,126,59,252,7,1792,11,71,255,654,642,159,0,708,249,1775,280,373,304,216,115,487,266
2011,Dallas County; Missouri,7630,6368,1262,3.1,10.0,7630,5817,106,52,194,44,0,57,1358,2,7630,289,793,1502,1124,1491,655,643,230,903,7630,20,55,390,1388,2014,1640,914,690,519,29,059,5.5,7630,20,480,2473,3504,932,221,6368,5091,1277,2.66,2.42,6368,2227,1326,1490,710,458,157,6368,498,1771,2397,1702,6368,287,1887,2953,0,0,1112,0,129,0,6368,63,41,289,6368,6176,192,0,5091,1191,1374,1062,704,462,221,16,61,99100,5091,2748,2343,2748,37,166,450,1157,661,198,79,893,2343,67,465,897,587,327,268,2684,1290,271,283,177,663,64,2330,1178,358,268,116,93,79,238,13,1061,36,51,417,446,99,12,0,517,216,1058,227,185,130,144,71,301,219
2011,Hickory County; Missouri,6817,4301,2516,4.0,3.2,6817,4272,91,10,70,15,4,2,2353,0,6817,149,382,1430,1145,1515,1200,325,142,529,6817,57,132,364,1354,1977,1429,736,383,385,29,085,5.3,6817,75,418,2524,2994,656,150,4301,3586,715,2.18,2.37,4301,1233,683,1395,471,279,240,4301,211,1547,1456,1087,4301,89,1601,1832,4,0,745,13,10,7,4301,74,63,118,4301,4270,18,13,3586,881,1064,921,276,259,103,55,27,92200,3586,1741,1845,1741,32,149,432,778,271,61,18,804,1845,24,323,635,421,442,290,1729,577,205,220,150,577,12,1818,710,337,297,130,82,68,194,27,575,17,59,269,188,42,0,0,469,140,542,78,32,92,39,67,234,173
2011,Lincoln County; Missouri,20663,18638,2025,2.0,5.5,20663,15344,157,290,395,299,158,73,3939,8,20663,2243,4007,5200,3207,2137,1366,939,498,1066,20663,65,223,798,2967,5690,4279,3262,1748,1631,29,113,5.6,20663,65,909,4056,11784,3073,776,18638,15185,3453,2.77,2.74,18638,6994,4718,4382,1430,646,468,18638,783,4514,7872,5469,18638,3217,3432,10926,59,0,855,11,38,100,18638,12,138,466,18638,18283,280,75,15185,1845,1916,3355,3199,3032,1351,405,82,156100,15185,11096,4089,11096,0,393,680,1987,4510,2393,1133,1275,4089,93,312,955,1165,1564,354,11042,3895,2476,1432,1019,2220,54,4078,1786,861,470,177,136,46,602,11,3015,90,115,609,943,812,369,77,693,438,2970,429,273,331,402,189,1346,483
2011,Monroe County; Missouri,4792,3630,1162,4.0,16.1,4792,3654,11,13,187,86,26,23,792,0,4792,154,389,699,610,833,495,273,197,1142,4792,18,76,366,735,1105,991,626,346,529,29,137,5.6,4792,18,302,1748,1965,546,213,3630,2804,826,2.46,2.26,3630,1051,779,960,343,284,213,3630,189,1072,1434,935,3630,1195,1009,1065,41,0,310,0,8,2,3630,43,37,188,3630,3571,36,23,2804,670,1007,522,274,155,113,51,12,83700,2804,1393,1411,1393,11,71,307,441,405,92,66,913,1411,16,152,358,422,463,339,1391,582,253,137,96,323,2,1404,597,289,212,123,50,29,104,7,724,24,71,238,282,65,30,14,515,102,707,148,124,94,105,36,200,119
2011,Newton County; Missouri,24211,21719,2492,1.4,5.4,24211,18174,320,391,343,403,288,246,3999,47,24211,1328,2128,4184,3520,4449,2449,1851,1497,2805,24211,310,195,1036,3779,5896,4475,3507,2102,2911,29,145,5.7,24211,310,1452,6919,10834,3546,1150,21719,16306,5413,2.68,2.43,21719,8062,4719,4808,1980,1284,866,21719,1198,5915,8764,5842,21719,6908,3992,8591,38,0,2039,0,118,33,21719,37,180,1374,21719,21017,548,154,16306,2715,4884,3718,2157,1510,899,415,8,106500,16306,9766,6540,9766,24,342,1654,3095,2997,799,855,975,6540,71,897,1832,2037,1703,320,9764,4245,1759,1029,797,1934,2,6419,3011,1338,682,458,204,202,524,121,4858,57,180,1346,2279,732,264,0,578,555,4844,760,734,827,507,368,1648,569
2011,Pike County; Missouri,7848,6581,1267,3.0,4.4,7848,6042,36,270,293,97,112,132,866,0,7848,248,801,1091,658,1226,1000,727,346,1751,7848,64,113,463,1336,1897,1404,945,718,908,29,163,5.5,7848,64,591,2549,3336,939,369,6581,4751,1830,2.53,2.30,6581,2351,1412,1247,668,439,464,6581,512,1991,2513,1565,6581,2296,1275,2620,23,0,290,0,71,6,6581,84,80,246,6581,6432,107,42,4751,964,1597,797,615,415,180,171,12,93300,4751,2598,2153,2598,54,175,414,708,863,320,64,980,2153,17,300,542,634,660,335,2574,1305,524,177,100,468,24,2126,992,541,206,145,37,57,148,27,1590,5,200,469,689,134,87,6,542,240,1573,258,262,174,170,121,588,257
2011,St. Charles County; Missouri,139614,132908,6706,2.1,5.9,139614,104182,9675,2492,3705,4080,5400,5487,4469,124,139614,13407,23811,32449,27618,20810,10525,5901,1813,3280,139614,515,1062,6418,16302,27481,25369,19433,19250,23784,29,183,6.2,139614,606,7373,26481,63205,36520,5429,132908,109096,23812,2.74,2.18,132908,50665,32394,30679,10688,5230,3252,132908,4010,34286,62632,31980,132908,94175,4669,32393,598,0,840,7,143,83,132908,363,522,2627,132908,131858,865,185,109096,4283,3069,17976,31404,35373,13826,2893,272,196100,109096,85734,23362,85734,224,924,2027,7542,29521,25567,19929,1545,23362,66,630,1714,4833,16119,463,85602,35609,16402,10678,6800,16113,132,23270,9956,4887,3246,1563,1150,755,1713,92,22943,323,395,1506,6280,7722,4934,1783,841,869,22663,3352,3854,3277,2763,2099,7318,1149
2011,Cape Girardeau County; Missouri,32467,29452,3015,3.3,6.8,32467,22907,965,1164,1433,1863,1410,692,2033,0,32467,2106,2655,5487,3945,5934,4129,3134,2037,3040,32467,484,585,2468,5514,6773,5322,4291,2801,4229,29,031,5.6,32467,492,2667,8648,13615,5148,1897,29452,19732,9720,2.52,2.22,29452,13173,5325,5150,2511,1820,1473,29452,1855,9132,11282,7183,29452,12752,2660,12846,17,0,1099,0,29,49,29452,113,190,986,29452,29038,255,159,19732,2156,4034,4862,3618,2846,1546,519,151,137100,19732,13044,6688,13044,84,547,1390,3351,4544,1716,1412,1108,6688,50,606,1901,2042,2089,338,13015,6015,1966,1402,974,2658,29,6625,3292,1480,749,329,245,143,387,63,9214,95,349,2254,3511,1771,1048,186,626,506,8940,1556,1461,975,878,564,3506,780
2011,Shelby County; Missouri,3214,2653,561,0.0,2.0,3214,2555,45,58,195,15,19,11,316,0,3214,100,233,293,259,711,456,255,163,744,3214,6,91,228,400,628,803,549,260,249,29,205,5.8,3214,13,275,851,1539,434,102,2653,1865,788,2.41,2.06,2653,960,478,496,266,294,159,2653,185,922,941,605,2653,658,852,867,54,0,184,0,26,12,2653,21,31,80,2653,2603,47,3,1865,597,661,285,82,108,54,47,31,71700,1865,826,1039,826,3,84,138,299,225,64,13,910,1039,4,143,244,265,383,335,826,269,153,79,118,207,0,1038,360,227,144,126,37,53,91,1,564,38,126,216,79,56,49,0,390,224,558,144,100,106,52,82,74,230
2011,Webster County; Missouri,14315,12848,1467,2.2,8.4,14315,10720,186,397,317,122,159,129,2258,27,14315,1424,2237,3335,1744,2160,1113,563,452,1287,14315,119,178,723,1692,3971,3162,1916,1235,1319,29,225,5.7,14315,156,854,3262,7340,1994,709,12848,9893,2955,2.78,2.63,12848,5108,2714,2863,978,776,409,12848,1017,3212,5187,3432,12848,1999,4100,4089,72,29,2427,0,108,24,12848,448,452,790,12848,12485,281,82,9893,1229,2757,2455,1500,1167,514,184,87,118600,9893,6388,3505,6388,41,460,979,2285,1683,684,256,912,3505,176,625,1036,858,810,291,6388,2779,826,779,568,1436,0,3484,1788,705,297,123,183,49,339,21,2679,56,200,525,1124,643,105,26,607,276,2664,419,349,451,306,224,915,291
2011,Atchison County; Missouri,2988,2447,541,3.8,10.4,2988,2482,39,24,216,44,32,55,96,0,2988,13,67,152,129,372,516,368,311,1060,2988,40,53,215,333,607,577,427,320,416,29,005,5.9,2988,49,372,805,1180,440,142,2447,1767,680,2.26,2.14,2447,600,547,477,302,242,279,2447,152,580,943,772,2447,1054,583,655,49,0,44,7,55,0,2447,0,7,32,2447,2441,6,0,1767,555,683,215,136,97,57,12,12,71200,1767,873,894,873,5,67,204,252,257,52,36,872,894,0,49,259,262,324,349,873,479,144,79,37,134,0,888,377,205,108,51,41,25,81,6,499,30,94,145,160,52,18,0,478,181,499,143,87,93,54,13,109,181
2011,Bates County; Missouri,7831,6602,1229,2.6,11.2,7831,6252,98,197,329,40,29,11,875,0,7831,379,448,829,950,1255,983,678,417,1892,7831,72,96,463,1274,1829,1866,1029,726,476,29,013,5.6,7831,80,559,2526,3486,1023,157,6602,5041,1561,2.58,2.42,6602,2153,1387,1498,762,417,385,6602,404,1826,2613,1759,6602,2334,1646,1917,4,10,677,0,12,2,6602,46,49,163,6602,6439,132,31,5041,1041,1417,859,708,610,267,95,44,103100,5041,2767,2274,2767,0,140,355,679,1008,370,215,1091,2274,34,228,450,751,811,352,2767,1066,467,332,184,718,0,2241,789,560,225,171,99,35,362,33,1399,37,89,406,471,347,39,10,580,162,1395,190,104,108,183,219,591,166
2011,Benton County; Missouri,14080,8253,5827,2.8,4.4,14080,10986,15,74,260,89,59,7,2590,0,14080,701,963,3099,2057,2119,1952,1574,455,1160,14080,302,324,775,2800,3751,2609,1615,927,977,29,015,5.3,14080,302,1157,5174,5507,1503,437,8253,6914,1339,2.24,2.46,8253,2666,1663,2280,865,395,384,8253,441,2591,3545,1676,8253,380,2528,4501,14,0,723,0,66,41,8253,90,93,296,8253,8056,58,139,6914,1388,1923,1377,1229,549,367,60,21,103800,6914,3282,3632,3282,4,194,755,877,1011,301,140,890,3632,80,848,911,883,910,298,3273,1121,665,464,187,836,9,3589,1434,892,387,247,184,65,380,43,1015,31,90,233,389,183,86,3,560,324,1005,129,147,43,134,140,412,334
2011,Carter County; Missouri,3239,2472,767,1.3,7.2,3239,2449,2,38,91,42,0,0,617,0,3239,93,299,501,701,579,439,270,131,226,3239,88,79,292,867,634,499,420,219,141,29,035,5.0,3239,88,206,1231,1273,324,117,2472,1830,642,2.44,2.60,2472,777,485,768,236,164,42,2472,181,840,743,708,2472,18,910,998,0,0,530,0,16,0,2472,47,6,89,2472,2457,9,6,1830,362,615,389,201,159,72,32,0,88800,1830,825,1005,825,0,66,267,206,176,77,33,796,1005,33,250,240,273,209,293,825,267,165,109,47,237,0,1005,387,255,81,68,22,34,158,0,468,57,118,197,65,28,3,0,359,174,468,93,81,60,40,83,111,174
2011,Dade County; Missouri,3973,3222,751,5.1,1.4,3973,3259,13,8,113,48,19,4,509,0,3973,133,99,535,391,655,349,266,303,1242,3973,16,52,187,681,938,837,692,226,344,29,057,5.6,3973,16,326,1330,1653,439,209,3222,2498,724,2.46,2.24,3222,1134,601,830,295,174,188,3222,166,1039,1155,862,3222,799,1037,812,9,0,525,0,35,5,3222,24,52,99,3222,3152,59,11,2498,752,1073,194,226,145,72,27,9,72200,2498,1236,1262,1236,3,136,250,433,327,48,39,844,1262,52,215,440,301,254,283,1236,515,244,132,62,283,0,1233,457,287,168,123,66,54,78,29,557,11,65,193,259,29,0,0,503,167,548,87,109,49,46,65,192,176
2011,Linn County; Missouri,6456,4968,1488,2.7,8.1,6456,5451,109,98,180,9,54,0,555,0,6456,107,279,517,391,1080,823,869,689,1701,6456,124,21,170,933,1638,1350,877,713,630,29,115,5.8,6456,124,315,1903,3084,814,216,4968,3704,1264,2.57,2.40,4968,1627,833,1021,708,479,300,4968,331,1530,1721,1386,4968,2282,1064,1197,9,0,374,0,39,3,4968,9,18,233,4968,4896,60,12,3704,1296,1332,424,314,182,113,22,21,68600,3704,1842,1862,1842,5,95,436,592,510,143,61,885,1862,8,282,597,504,471,308,1842,922,263,248,154,255,0,1834,740,399,209,167,66,36,217,28,1102,33,112,363,397,122,73,2,513,162,1086,219,53,97,126,54,537,178
2011,Howell County; Missouri,17964,15538,2426,3.0,9.9,17964,13121,278,541,541,225,96,359,2774,29,17964,1415,1451,3558,2451,3129,1892,1656,883,1529,17964,199,223,924,2960,4363,3931,2311,1527,1526,29,091,5.6,17964,223,1134,4987,8449,2608,563,15538,11181,4357,2.59,2.40,15538,6047,3598,3190,1236,839,628,15538,1098,4687,5872,3881,15538,2344,4779,5500,104,0,2669,23,116,3,15538,64,153,701,15538,15351,160,27,11181,2279,3401,2118,1630,947,523,235,48,98600,11181,6007,5174,6007,29,464,1399,1934,1528,393,260,877,5174,142,1117,1752,1077,1086,276,5998,2542,868,843,376,1369,9,5142,2720,979,530,274,117,169,353,32,3910,189,450,1096,1615,463,84,13,521,447,3775,401,560,438,490,227,1659,582
2011,Johnson County; Missouri,21424,19435,1989,1.3,8.9,21424,14211,623,944,1622,961,591,311,2154,7,21424,1639,2354,4381,3005,3525,1583,1697,759,2481,21424,221,345,1063,4259,5087,3666,2880,1685,2218,29,101,5.4,21424,258,1388,5776,10112,3020,870,19435,12500,6935,2.54,2.38,19435,9235,3550,3757,1397,1054,442,19435,838,5361,8075,5161,19435,7794,2944,7830,13,0,753,4,50,47,19435,131,162,592,19435,19144,258,33,12500,1297,3072,2852,2357,1907,789,143,83,135700,12500,8333,4167,8333,14,108,655,2036,3382,1608,530,1167,4167,67,186,734,1162,2018,394,8315,3246,1803,808,745,1713,18,4138,2054,696,573,336,127,91,261,29,6143,66,107,1125,2473,1680,598,94,679,792,6051,824,892,653,501,640,2541,884
2011,Laclede County; Missouri,15737,14357,1380,0.9,6.4,15737,10295,274,613,381,157,213,288,3513,3,15737,1144,1225,3470,2290,3261,1168,1047,683,1449,15737,203,203,668,2952,4088,3460,1710,1118,1335,29,105,5.4,15737,217,946,4727,7908,1488,451,14357,10267,4090,2.45,2.43,14357,5990,2906,3267,941,812,441,14357,891,4384,5593,3489,14357,449,4662,7395,94,0,1683,0,63,11,14357,75,104,643,14357,13977,313,67,10267,2237,3257,1824,1268,953,403,180,145,94400,10267,6122,4145,6122,83,532,997,1956,1560,716,278,927,4145,133,669,1388,901,1054,291,6112,2565,953,680,576,1338,10,4145,1901,987,443,218,91,132,373,0,3564,79,123,979,1473,666,145,99,579,526,3538,596,571,535,319,321,1196,552
2011,Maries County; Missouri,4591,3635,956,3.1,9.0,4591,3813,3,73,84,0,55,22,514,27,4591,103,397,657,659,727,391,547,336,774,4591,28,116,285,719,1328,904,560,385,266,29,125,5.4,4591,59,272,1234,2283,602,141,3635,2927,708,2.59,2.14,3635,1221,531,936,397,281,269,3635,109,959,1418,1149,3635,150,1277,1118,14,0,1036,0,24,16,3635,41,41,168,3635,3570,31,34,2927,422,763,706,334,487,110,94,11,116200,2927,1495,1432,1495,0,103,292,408,409,182,101,959,1432,17,308,451,301,355,286,1495,655,213,286,42,299,0,1429,716,350,153,84,35,43,48,3,599,14,30,232,246,34,26,17,528,109,578,115,50,74,39,72,228,130
2011,Phelps County; Missouri,19475,16688,2787,3.0,12.7,19475,12894,323,1180,1259,700,289,551,2250,29,19475,1392,2074,3303,2767,3663,2142,1589,929,1616,19475,409,552,1655,3287,4302,3419,2322,1669,1860,29,161,5.4,19475,442,1617,5655,8139,2799,823,16688,10820,5868,2.66,2.14,16688,7254,3330,3132,1400,966,606,16688,1147,5303,6433,3805,16688,2696,3116,9085,161,0,1535,0,65,30,16688,91,242,450,16688,16572,108,8,10820,1580,3226,2308,1544,1323,635,179,25,112700,10820,6468,4352,6468,18,251,679,1969,2253,803,495,1061,4352,23,842,1100,992,1395,319,6434,2810,1196,859,336,1233,34,4302,2249,877,310,280,211,51,324,50,5565,204,423,1264,2139,979,520,36,597,303,5347,681,699,792,520,612,2043,521
2011,Platte County; Missouri,38869,35686,3183,1.9,9.9,38869,25578,2121,1085,2410,2336,2910,2094,327,8,38869,2942,4779,8685,6906,7146,3407,2463,784,1757,38869,372,604,2325,6355,5536,6851,5657,4704,6465,29,165,6.1,38869,389,3918,9056,14898,8785,1823,35686,23531,12155,2.63,2.12,35686,16825,7291,6779,2354,1446,991,35686,1355,10978,15060,8293,35686,22722,2135,10406,17,0,249,26,80,51,35686,218,395,707,35686,35273,335,78,23531,613,1325,5047,5898,5785,3721,1052,90,188400,23531,17835,5696,17835,0,128,313,1519,5518,5257,5100,1622,5696,0,31,341,972,4352,507,17833,7763,3546,1826,1273,3425,2,5659,2583,1211,813,349,203,161,339,37,11742,70,98,407,3750,3838,2697,882,827,413,11665,1995,1921,1668,1500,928,3653,490
2011,St. Francois County; Missouri,28237,24519,3718,1.3,4.9,28237,19314,563,720,1081,924,706,430,4499,0,28237,1607,2788,5270,3588,4639,2176,2263,1722,4184,28237,1017,569,2097,5078,7421,5123,2936,1994,2002,29,187,5.2,28237,1039,2741,8895,11528,3314,720,24519,17227,7292,2.41,2.09,24519,10244,5083,4741,1810,1582,1059,24519,1623,7790,9898,5208,24519,6494,1240,15611,4,0,1115,0,38,17,24519,63,193,529,24519,24004,288,227,17227,2890,5637,3537,2406,1885,698,128,46,101100,17227,11018,6209,11018,90,570,1778,3561,3148,1322,549,951,6209,126,1105,2002,1795,1181,294,10998,5064,1763,1301,932,1938,20,6158,2682,1275,754,537,180,246,484,51,6802,156,490,2167,2754,920,281,34,546,490,6723,892,735,1105,842,426,2723,569
2011,St. Louis city; Missouri,176113,139693,36420,5.9,10.0,176113,74862,7186,28116,25001,10427,5151,24847,438,85,176113,3573,3368,5113,6660,7985,11036,20025,18188,100165,176113,4461,5704,29464,38306,39431,26593,13189,8624,10341,29,510,4.8,176113,5333,49998,64633,36333,14342,5474,139693,64837,74856,2.38,2.05,139693,70584,23804,21071,9117,7388,7729,139693,30181,63111,35893,10508,139693,104629,1543,32378,150,0,254,0,312,427,139693,617,883,6315,139693,136386,2337,970,64837,6299,17903,16006,11414,8079,3527,1241,368,123300,64837,44614,20223,44614,67,857,2742,10265,18227,7105,5351,1196,20223,124,993,3345,5788,9973,398,44374,16055,7181,4983,3340,12815,240,19945,7257,3611,2442,1523,1213,807,3092,278,72323,2331,3359,9279,27846,17574,10142,1792,690,2533,70150,8658,7305,8098,7837,6454,31798,4706
2011,Andrew County; Missouri,7278,6634,644,1.6,0.5,7278,5545,69,253,285,63,61,104,888,10,7278,350,566,1131,1026,1426,554,477,271,1477,7278,64,153,228,957,1409,1798,897,890,882,29,003,6.0,7278,66,475,2081,3271,1170,215,6634,5208,1426,2.63,2.20,6634,2172,1354,1574,686,521,327,6634,263,1585,2653,2133,6634,1872,1331,3064,77,0,193,3,38,56,6634,15,18,172,6634,6598,33,3,5208,530,1324,1079,792,853,441,171,18,127300,5208,3016,2192,3016,0,56,161,811,983,599,406,1198,2192,17,171,589,570,845,353,3016,1619,593,199,141,464,0,2166,1067,399,234,178,64,37,187,26,1271,21,41,275,594,260,63,17,623,155,1266,237,213,139,129,71,477,160
2011,Butler County; Missouri,19719,17375,2344,3.2,5.3,19719,14451,286,916,716,364,160,318,2492,16,19719,1049,1067,3282,2930,3881,2099,2084,1336,1991,19719,191,278,1244,3757,5489,3662,2231,1113,1754,29,023,5.3,19719,244,1538,6481,8419,2414,623,17375,11706,5669,2.46,2.26,17375,7199,3457,3116,1509,1377,717,17375,1584,6231,6616,2944,17375,4260,2850,9531,35,0,592,0,64,43,17375,20,62,946,17375,17157,167,51,11706,3353,3368,2009,1659,771,495,14,37,86200,11706,6225,5481,6225,9,551,1279,1700,1869,500,317,904,5481,68,946,1565,1643,1259,308,6182,2850,983,592,484,1273,43,5412,2309,1136,796,226,298,177,470,69,5161,140,516,1344,2342,726,93,0,554,508,5100,651,620,718,600,445,2066,569
2011,Carroll County; Missouri,4659,3660,999,0.2,14.4,4659,3864,73,3,140,72,63,95,344,5,4659,110,170,309,386,644,793,597,425,1225,4659,99,30,196,565,1109,1030,657,386,587,29,033,5.8,4659,107,375,1236,1951,721,269,3660,2912,748,2.55,2.49,3660,1101,501,960,426,355,317,3660,142,1132,1452,934,3660,1525,927,916,3,0,257,0,13,19,3660,24,24,162,3660,3584,59,17,2912,939,813,391,308,302,114,24,21,77700,2912,1433,1479,1433,0,155,244,464,393,129,48,876,1479,9,159,276,505,530,356,1433,765,203,139,49,277,0,1457,616,253,198,122,77,37,154,22,637,41,80,182,243,52,31,8,529,111,562,164,81,40,92,42,143,186
2011,Daviess County; Missouri,4189,3179,1010,0.9,11.2,4189,3348,17,73,129,25,25,7,565,0,4189,153,213,741,515,896,296,240,156,979,4189,0,67,232,782,984,734,572,400,418,29,061,5.5,4189,0,293,1377,1760,565,194,3179,2408,771,2.63,2.53,3179,1074,571,875,280,160,219,3179,251,640,1214,1074,3179,573,1418,751,40,13,353,0,21,10,3179,9,2,133,3179,3074,92,13,2408,505,581,453,332,293,166,78,0,109500,2408,1285,1123,1285,1,57,174,388,406,193,66,1024,1123,17,145,196,300,465,371,1255,454,204,142,79,376,30,1100,440,189,157,103,38,58,115,23,647,10,10,204,262,106,27,28,554,124,628,146,143,67,74,42,156,143
2011,Holt County; Missouri,2813,2199,614,1.4,2.2,2813,2325,18,54,130,24,12,6,244,0,2813,96,87,287,234,379,253,229,204,1044,2813,36,40,183,410,595,662,354,250,283,29,087,5.7,2813,39,268,876,1191,315,124,2199,1700,499,2.20,2.13,2199,672,424,465,242,209,187,2199,126,604,797,672,2199,737,537,754,42,0,110,0,16,3,2199,9,2,41,2199,2157,42,0,1700,513,649,193,168,98,73,6,0,77700,1700,794,906,794,0,75,146,235,238,55,45,932,906,13,114,259,240,280,328,794,406,87,84,53,164,0,904,417,145,107,76,72,23,64,2,378,20,79,112,132,32,0,3,452,121,378,71,43,101,54,43,66,121
2011,Marion County; Missouri,12823,11194,1629,2.0,5.6,12823,9729,168,760,689,250,99,378,750,0,12823,324,577,1974,1244,1712,1634,1248,592,3518,12823,226,213,774,1615,3217,2505,1764,992,1517,29,127,5.6,12823,240,1197,3927,4909,2011,539,11194,7717,3477,2.52,2.17,11194,4490,1807,2605,1097,628,567,11194,801,3898,4243,2252,11194,6640,1352,2733,15,0,413,0,28,13,11194,42,66,469,11194,11043,121,30,7717,1489,2403,1744,1068,528,298,131,56,99000,7717,4615,3102,4615,0,196,684,1439,1729,400,167,996,3102,8,223,831,951,1089,348,4612,2345,785,519,201,762,3,3064,1337,641,332,259,170,88,237,38,3248,171,288,852,1286,516,128,7,553,229,3217,547,336,397,597,313,1027,260
2011,Osage County; Missouri,6518,5331,1187,1.2,9.6,6518,5403,87,89,239,35,14,24,627,0,6518,117,503,968,806,1193,774,602,258,1297,6518,54,110,221,671,1612,1640,1041,595,574,29,151,5.9,6518,54,366,1277,3601,949,271,5331,4473,858,2.62,2.23,5331,1261,968,1423,648,491,540,5331,208,1294,1670,2159,5331,145,2232,1374,172,0,1267,0,86,55,5331,23,6,160,5331,5263,68,0,4473,528,1136,1209,720,560,184,119,17,117300,4473,2235,2238,2235,0,65,496,662,709,258,45,961,2238,33,367,689,635,514,304,2235,1055,443,213,261,263,0,2224,1235,444,259,108,53,52,73,14,746,25,76,282,275,75,13,0,494,112,738,167,116,91,71,55,238,120
2011,Ripley County; Missouri,6603,5556,1047,1.6,3.1,6603,4949,26,67,91,63,38,21,1348,0,6603,156,349,1006,1262,1401,672,704,341,712,6603,67,102,530,1243,1783,1430,788,329,331,29,181,5.3,6603,67,426,2093,3019,792,206,5556,4108,1448,2.44,2.72,5556,2156,806,1339,721,325,209,5556,287,1973,1926,1370,5556,1013,1531,2244,0,0,742,0,26,0,5556,19,29,89,5556,5394,102,60,4108,1499,1364,787,195,150,84,25,4,68100,4108,1857,2251,1857,0,253,437,641,483,40,3,790,2251,76,574,678,526,397,274,1857,694,310,233,184,436,0,2251,1017,494,239,151,51,90,209,0,1085,42,141,282,336,234,50,0,546,363,1085,121,75,142,96,123,528,363
2011,Warren County; Missouri,14544,12501,2043,2.4,1.3,14544,11130,276,124,354,469,92,67,2032,0,14544,1471,2804,2780,2303,2538,555,889,292,912,14544,140,185,806,1881,4246,3140,1598,1120,1428,29,219,5.5,14544,225,924,3233,7501,2148,513,12501,9933,2568,2.51,2.65,12501,4559,3252,2262,1240,795,393,12501,592,3444,4529,3936,12501,1614,2653,7602,133,0,494,0,2,3,12501,13,13,223,12501,12228,259,14,9933,970,1150,2309,2209,1667,1218,364,46,159700,9933,6642,3291,6642,16,185,322,1076,2825,1332,886,1297,3291,8,147,806,937,1393,361,6633,2679,1068,759,623,1504,9,3288,1368,677,473,196,226,98,250,3,2332,36,90,430,722,655,383,16,685,236,2258,311,196,195,315,122,1119,310
2011,Washington County; Missouri,10982,9161,1821,2.1,6.3,10982,6808,15,214,215,100,28,11,3587,4,10982,470,710,2243,2160,2037,1036,887,548,891,10982,174,173,843,2571,2968,1977,1183,692,401,29,221,5.1,10982,203,940,3699,4930,1005,205,9161,7180,1981,2.70,2.32,9161,2852,1875,2424,867,709,434,9161,613,2829,3329,2390,9161,838,1511,5264,92,0,1390,6,31,29,9161,84,60,305,9161,8790,297,74,7180,2338,2096,835,925,580,228,72,106,81500,7180,3551,3629,3551,44,484,768,913,1010,297,35,836,3629,261,988,1096,694,590,248,3533,1574,499,333,261,866,18,3581,1621,797,496,210,50,105,302,48,1586,54,167,534,699,88,32,12,509,395,1566,436,180,132,196,75,547,415
2011,Christian County; Missouri,31190,29166,2024,3.0,8.2,31190,24525,944,1153,729,861,754,436,1760,28,31190,3822,5945,8827,4866,3601,1136,954,437,1602,31190,52,186,1197,4886,7702,5975,4056,2796,4340,29,043,5.8,31190,52,1402,6778,15837,4765,2356,29166,21703,7463,2.66,2.38,29166,14065,6665,5201,1791,911,533,29166,845,7489,13875,6957,29166,11905,6108,8911,61,0,1929,18,164,70,29166,98,148,807,29166,28557,475,134,21703,1349,3422,6550,4034,3932,2021,314,81,146600,21703,16234,5469,16234,8,413,817,3759,6620,2848,1769,1195,5469,18,459,1382,1330,2280,367,16234,6554,3168,2096,1347,3069,0,5436,2187,1243,722,494,172,138,480,33,6999,19,208,856,2814,1816,1129,157,700,464,6978,1039,996,749,971,767,2456,485
2011,DeKalb County; Missouri,4313,3947,366,1.5,1.3,4313,3012,88,176,294,196,19,84,444,0,4313,208,375,434,654,992,420,241,218,771,4313,16,243,396,473,1105,743,506,310,521,29,063,5.4,4313,28,770,940,1837,532,206,3947,2634,1313,2.72,1.96,3947,1404,1040,751,262,317,173,3947,396,1193,1328,1030,3947,711,1396,1480,77,0,246,0,34,3,3947,7,31,187,3947,3923,19,5,2634,396,696,534,433,417,96,30,32,118900,2634,1587,1047,1587,1,32,129,448,613,265,99,1130,1047,11,110,194,317,415,361,1567,684,273,207,198,205,20,1033,384,259,137,68,28,67,90,14,1253,90,227,300,251,236,122,27,506,60,1251,332,128,113,191,135,352,62
2011,Harrison County; Missouri,4413,3482,931,1.7,13.7,4413,3626,28,101,121,59,19,18,440,1,4413,132,334,414,450,611,384,396,245,1447,4413,41,33,200,769,1308,772,637,245,408,29,081,5.4,4413,41,337,1400,1954,503,178,3482,2607,875,2.49,2.54,3482,1181,760,730,337,249,225,3482,187,1023,1261,1011,3482,1217,1195,644,10,0,372,2,40,2,3482,34,38,61,3482,3444,26,12,2607,888,840,358,186,202,104,18,11,73100,2607,1276,1331,1276,11,115,292,429,270,102,57,827,1331,28,125,355,350,473,340,1274,618,164,157,48,287,2,1322,415,286,139,98,71,79,234,9,799,65,66,219,369,49,18,13,527,76,790,147,123,211,87,83,139,85
2011,Lafayette County; Missouri,14712,13290,1422,0.8,6.8,14712,11471,96,392,784,323,120,214,1294,18,14712,577,931,2158,1851,2403,1604,1423,881,2884,14712,101,237,812,1934,3444,3190,1900,1473,1621,29,107,5.8,14712,107,1199,3783,6799,2115,709,13290,9949,3341,2.55,2.14,13290,4381,2605,3003,1660,961,680,13290,606,3660,5339,3685,13290,6351,2837,3630,79,0,299,0,56,38,13290,98,105,546,13290,13093,179,18,9949,1277,2773,2152,1574,1494,616,49,14,120800,9949,6294,3655,6294,17,140,645,1548,2273,1179,492,1156,3655,0,155,766,1236,1498,369,6294,2868,1191,607,443,1185,0,3626,1491,943,399,221,127,159,286,29,3078,92,163,787,1423,425,166,22,604,263,3014,708,648,385,303,163,807,327
2011,Adair County; Missouri,11259,9636,1623,0.8,8.1,11259,7590,173,606,836,758,185,302,809,0,11259,349,777,1086,1176,2143,1342,1034,743,2609,11259,246,336,1140,2085,2665,1845,1135,776,1031,29,001,5.2,11259,273,1597,3553,4069,1323,444,9636,5810,3826,2.45,2.03,9636,5046,1347,1476,701,603,463,9636,927,3269,3415,2025,9636,3570,1401,3985,23,0,551,0,102,4,9636,53,80,331,9636,9413,199,24,5810,1069,1819,963,782,657,401,106,13,100800,5810,3163,2647,3163,35,246,581,984,753,393,171,878,2647,28,307,617,830,865,337,3163,1749,432,295,239,448,0,2619,1139,675,314,157,118,50,166,28,3683,140,357,1275,1305,396,170,40,509,143,3592,342,381,350,263,270,1986,234
2011,Scotland County; Missouri,2373,2020,353,2.2,1.8,2373,1929,3,99,70,0,7,21,244,0,2373,88,128,213,305,328,297,160,103,751,2373,23,26,147,465,511,445,262,293,201,29,199,5.5,2373,23,236,790,854,379,91,2020,1533,487,2.37,2.23,2020,662,386,505,215,144,108,2020,165,491,786,578,2020,608,822,392,13,0,169,0,4,12,2020,24,6,75,2020,1940,21,59,1533,563,446,170,81,105,19,115,34,73500,1533,630,903,630,2,76,134,174,116,59,69,892,903,44,172,197,167,323,319,630,261,86,76,25,182,0,895,355,193,119,83,33,40,72,8,355,66,70,79,129,2,9,0,408,132,355,95,60,67,55,21,57,132
2011,Sullivan County; Missouri,3353,2605,748,4.9,6.0,3353,2336,24,27,250,47,25,26,618,0,3353,51,175,344,344,734,285,199,276,945,3353,49,94,326,558,837,757,344,224,164,29,211,5.3,3353,56,326,1106,1449,278,138,2605,1761,844,2.58,2.39,2605,932,510,506,239,221,197,2605,180,791,990,644,2605,834,918,646,16,0,177,0,14,0,2605,36,42,57,2605,2506,75,24,1761,630,525,298,94,94,88,13,19,71800,1761,848,913,848,0,74,205,264,218,65,22,861,913,29,81,301,250,252,315,848,322,135,120,63,208,0,903,393,173,100,56,15,35,131,10,710,83,109,146,232,106,34,0,516,134,705,174,92,60,118,76,185,139
2011,Clark County; Missouri,3485,2846,639,1.6,6.8,3485,2655,16,91,144,6,10,0,563,0,3485,107,151,570,331,474,511,218,75,1048,3485,26,115,190,545,875,727,399,326,282,29,045,5.5,3485,26,353,995,1576,373,162,2846,2217,629,2.57,2.10,2846,872,462,607,346,282,277,2846,160,753,1136,797,2846,851,811,775,5,0,364,3,37,0,2846,19,38,91,2846,2800,40,6,2217,774,707,306,241,65,88,15,21,68900,2217,1057,1160,1057,5,63,318,377,238,29,27,783,1160,20,252,341,302,245,291,1057,616,130,85,63,163,0,1159,552,256,145,71,23,17,95,1,464,14,94,177,114,37,16,12,447,165,420,92,67,31,77,37,116,209
2011,Jasper County; Missouri,50503,44674,5829,2.7,7.3,50503,38368,781,2467,2093,1509,770,1216,3280,19,50503,3103,4568,7963,5834,7739,4741,5132,3337,8086,50503,638,625,3321,7998,13181,10681,6293,3773,3993,29,097,5.5,50503,773,4572,14382,23793,5290,1693,44674,29182,15492,2.61,2.44,44674,20239,9733,7513,3604,1970,1615,44674,3158,14586,17977,8953,44674,23604,3052,16575,72,0,1238,0,93,40,44674,179,268,1776,44674,43413,918,343,29182,4749,10549,7084,3435,2006,1007,266,86,96900,29182,19085,10097,19085,63,984,3122,6119,6168,1807,822,968,10097,56,1123,2744,2703,3471,339,19050,8546,3078,2329,1387,3710,35,10026,4118,2490,1099,750,451,339,779,71,14289,207,847,2560,6234,3086,1238,117,637,1203,14133,2087,1547,1595,1741,1443,5720,1359
2011,Lewis County; Missouri,4568,3795,773,0.0,10.4,4568,3308,33,66,254,67,25,21,794,0,4568,147,278,686,484,860,487,317,197,1112,4568,66,126,328,671,1193,916,527,396,345,29,111,5.4,4568,66,476,1251,2137,461,177,3795,2852,943,2.56,2.25,3795,1154,774,861,425,246,335,3795,272,1079,1450,994,3795,1562,1067,884,0,17,225,8,13,19,3795,70,73,135,3795,3698,75,22,2852,904,929,474,266,148,49,60,22,80100,2852,1471,1381,1471,0,132,302,540,313,143,41,862,1381,31,151,295,450,454,344,1464,753,166,155,99,291,7,1381,660,292,145,75,26,66,117,0,778,44,65,306,234,92,29,8,448,165,752,173,166,98,62,76,177,191
2011,McDonald County; Missouri,9912,8240,1672,4.2,5.9,9912,7055,184,203,196,163,137,11,1963,0,9912,615,354,1693,1936,1789,828,598,663,1436,9912,156,321,586,1839,3103,1919,874,657,457,29,119,5.2,9912,173,961,3379,4489,721,189,8240,5682,2558,2.74,2.85,8240,3264,1422,1802,967,337,448,8240,466,2446,3263,2065,8240,1697,2321,2730,0,0,1416,0,58,18,8240,131,124,403,8240,7856,271,113,5682,1239,1995,881,792,445,257,73,0,88100,5682,3182,2500,3182,3,217,630,1146,890,227,69,858,2500,0,479,685,828,508,310,3178,1512,501,314,177,674,4,2434,970,577,377,157,125,33,195,66,2321,36,243,637,933,309,163,0,548,237,2260,436,374,302,285,158,705,298
2011,Perry County; Missouri,8538,7600,938,0.1,3.5,8538,6794,118,154,198,196,48,99,910,21,8538,408,665,1362,886,1519,829,916,575,1378,8538,153,64,261,1677,2119,1667,1094,790,713,29,157,5.5,8538,153,385,2431,4145,1170,254,7600,5955,1645,2.50,2.29,7600,2375,1290,1860,814,543,718,7600,345,2060,2773,2422,7600,2358,1462,2748,9,0,996,0,27,0,7600,20,39,156,7600,7397,184,19,5955,567,1920,1237,1151,597,306,153,24,120200,5955,3309,2646,3309,20,160,426,876,1080,453,294,1074,2646,30,136,780,856,844,342,3292,1459,540,340,290,663,17,2633,1208,475,363,167,117,111,192,13,1522,58,72,315,648,297,132,0,590,123,1512,289,201,199,178,182,463,133
2011,Polk County; Missouri,13211,11700,1511,4.1,4.4,13211,10056,144,328,279,215,49,179,1950,11,13211,1120,1563,2524,1632,2332,759,739,505,2037,13211,38,209,565,1979,2808,3104,1975,1279,1254,29,167,5.8,13211,46,678,3309,6817,1832,529,11700,8363,3337,2.59,2.47,11700,4663,2503,2398,1019,661,456,11700,564,3497,4213,3426,11700,130,2903,7003,25,3,1550,0,65,21,11700,46,53,384,11700,11437,247,16,8363,1198,2399,2011,1187,994,476,89,9,113500,8363,5184,3179,5184,42,439,716,1489,1641,636,221,981,3179,85,480,1080,844,690,296,5131,2133,777,631,350,1240,53,3163,1327,625,375,300,86,142,308,16,2982,85,267,667,1240,454,227,42,577,355,2925,510,472,404,265,251,1023,412
2011,Ray County; Missouri,9992,9041,951,1.5,6.8,9992,8288,136,163,501,99,87,44,665,9,9992,527,819,1356,1243,2050,1137,721,436,1703,9992,47,33,527,1179,2380,2362,1352,925,1187,29,177,5.9,9992,61,691,2284,4894,1495,567,9041,7122,1919,2.64,2.27,9041,3128,1577,1889,1020,848,579,9041,480,2267,3453,2841,9041,3138,2700,2750,11,0,382,0,31,29,9041,33,72,224,9041,8924,108,9,7122,769,1744,1853,1318,887,343,114,94,124000,7122,4693,2429,4693,16,90,264,1171,1625,967,560,1245,2429,15,146,358,716,1194,397,4665,1856,901,680,277,951,28,2404,927,567,285,147,127,81,270,25,1782,33,187,231,632,434,236,29,652,137,1757,368,256,178,217,150,588,162
2011,Madison County; Missouri,5973,4774,1199,2.0,9.2,5973,4477,35,33,337,67,101,5,918,0,5973,202,544,872,673,856,584,756,698,788,5973,92,120,473,1153,1554,1238,672,371,300,29,123,5.2,5973,92,581,2199,2293,688,120,4774,3657,1117,2.62,2.26,4774,1705,963,1036,504,263,303,4774,369,1461,1860,1084,4774,1186,721,2295,10,0,559,0,3,0,4774,19,35,145,4774,4701,66,7,3657,848,1347,588,500,212,85,74,3,85600,3657,2073,1584,2073,0,174,451,790,436,178,44,873,1584,11,251,512,432,378,303,2050,867,196,249,161,577,23,1581,614,387,179,138,54,44,165,3,909,9,115,281,322,175,2,5,554,208,907,133,126,63,118,117,350,210
2011,Vernon County; Missouri,9462,8137,1325,4.8,9.7,9462,7182,194,271,483,135,106,73,1018,0,9462,319,475,1284,1333,1327,800,848,516,2560,9462,139,148,565,1567,2329,2122,1254,605,733,29,217,5.5,9462,165,884,3092,4049,1010,262,8137,5855,2282,2.50,2.34,8137,2961,1495,1826,993,445,417,8137,594,2625,3010,1908,8137,2589,2091,2804,0,0,592,0,61,0,8137,59,84,268,8137,8027,76,34,5855,1399,2193,824,672,514,205,35,13,83200,5855,3204,2651,3204,24,181,601,1028,936,209,225,942,2651,40,362,803,640,806,320,3189,1298,404,385,299,803,15,2631,1185,432,383,154,130,66,281,20,2012,130,234,518,655,300,132,43,553,270,2012,320,305,254,142,236,755,270
2011,Nodaway County; Missouri,9506,8574,932,1.0,4.0,9506,6406,144,398,744,498,353,194,769,0,9506,420,671,1525,911,1583,925,510,529,2432,9506,230,135,681,1784,1879,1602,1201,977,1017,29,147,5.5,9506,260,981,2918,3425,1439,483,8574,5026,3548,2.57,2.09,8574,4039,1307,1312,845,541,530,8574,557,2550,3198,2269,8574,2601,1629,3880,39,0,346,0,39,40,8574,40,56,207,8574,8475,35,64,5026,1129,1424,985,545,630,207,59,47,98300,5026,2465,2561,2465,7,99,414,805,812,196,132,969,2561,46,257,744,654,860,339,2463,1254,454,216,129,410,2,2528,1264,568,270,116,69,102,139,33,3329,120,369,990,1300,326,190,34,529,219,3275,559,466,173,376,278,1423,273
2011,Chariton County; Missouri,4189,3065,1124,0.2,0.0,4189,3457,8,77,130,0,46,13,458,0,4189,86,160,498,512,720,502,382,228,1101,4189,33,15,255,386,1046,865,599,448,542,29,041,5.9,4189,33,329,1038,2031,606,152,3065,2445,620,2.53,2.25,3065,693,498,777,423,415,259,3065,142,877,1194,852,3065,858,856,1031,40,0,263,0,17,0,3065,43,36,177,3065,3045,13,7,2445,764,820,325,211,236,69,20,0,75600,2445,1010,1435,1010,16,73,230,290,270,99,32,847,1435,19,172,423,379,442,324,1010,534,176,109,59,132,0,1411,622,243,153,93,77,38,185,24,478,14,73,267,88,17,16,3,430,142,469,152,63,66,35,34,119,151
2011,Wayne County; Missouri,8080,5638,2442,2.7,4.5,8080,5242,26,102,84,45,43,55,2471,12,8080,244,500,1330,1091,1930,1054,599,497,835,8080,153,284,503,2405,2135,1059,730,426,385,29,223,4.8,8080,185,645,3184,2888,833,345,5638,4146,1492,2.42,2.20,5638,1819,1156,1265,654,454,290,5638,450,1913,2068,1207,5638,846,1505,2410,0,0,856,0,15,6,5638,72,53,193,5638,5571,67,0,4146,1493,1352,601,391,166,143,0,0,74000,4146,1911,2235,1911,28,335,418,741,278,111,0,753,2235,110,478,915,382,350,254,1911,927,333,175,96,380,0,2192,929,348,323,201,173,52,166,43,1155,48,125,501,365,97,19,0,456,337,1150,141,161,70,95,75,608,342
2011,Scott County; Missouri,17039,15203,1836,1.1,10.7,17039,12394,239,796,442,367,211,261,2309,20,17039,504,991,2920,2167,3459,2439,1958,939,1662,17039,210,251,1158,3703,4434,3094,1780,1081,1328,29,201,5.2,17039,227,1071,5203,8040,1982,516,15203,10469,4734,2.58,2.47,15203,5664,2926,3098,1448,1175,892,15203,1326,4916,5775,3186,15203,6445,1488,6973,0,0,275,0,2,20,15203,64,115,398,15203,14871,230,102,10469,1833,3701,2102,1293,1103,305,111,21,95600,10469,6436,4033,6436,41,653,1389,2007,1602,468,276,863,4033,56,655,1310,943,1069,300,6410,3367,988,676,410,969,26,3974,1899,694,489,236,158,145,353,59,4248,332,340,1016,2041,359,138,22,559,486,4167,705,619,591,587,332,1333,567
2011,Barton County; Missouri,5616,4995,621,1.6,7.0,5616,4590,25,79,242,2,14,84,580,0,5616,226,406,723,378,982,550,639,306,1406,5616,86,33,267,745,1329,1151,704,755,546,29,011,5.8,5616,87,273,1499,2663,869,225,4995,3785,1210,2.49,2.43,4995,1768,936,1130,513,318,330,4995,370,1188,1688,1749,4995,2142,1261,1026,53,0,493,0,20,0,4995,54,73,124,4995,4832,120,43,3785,1069,1210,624,471,279,73,31,28,83400,3785,2127,1658,2127,17,97,543,686,574,135,75,853,1658,20,185,509,305,639,337,2114,1059,316,155,190,394,13,1634,701,317,202,63,71,70,210,24,970,79,67,344,433,47,0,0,498,240,925,198,43,97,69,81,437,285
2011,Cedar County; Missouri,7208,6101,1107,4.0,9.1,7208,5349,92,91,91,82,109,62,1278,54,7208,233,664,1140,1089,1393,652,311,290,1436,7208,99,142,503,1190,1750,1263,1103,640,518,29,039,5.5,7208,99,471,2443,3140,752,303,6101,4609,1492,2.20,2.39,6101,2272,1095,1583,537,408,206,6101,390,1808,2159,1744,6101,2102,1199,1862,19,0,834,0,50,35,6101,70,55,255,6101,5964,70,67,4609,1034,1443,832,505,549,192,54,0,93100,4609,2114,2495,2114,0,170,480,631,522,251,60,877,2495,80,370,1042,629,374,281,2098,620,392,168,124,794,16,2464,990,638,260,191,179,31,175,31,1316,11,49,389,511,178,147,31,603,176,1303,120,181,198,76,197,531,189
2011,Gasconade County; Missouri,8196,6368,1828,4.2,8.2,8196,6419,45,81,282,100,38,21,1187,23,8196,202,677,946,1012,1430,626,912,524,1867,8196,80,198,573,1176,1927,1793,1104,781,564,29,073,5.6,8196,80,886,2215,3610,1117,288,6368,5053,1315,2.39,2.20,6368,1731,1432,1431,834,480,460,6368,284,1898,2421,1765,6368,982,2055,2176,133,0,958,0,28,36,6368,31,29,246,6368,6304,53,11,5053,903,1343,936,723,667,336,78,67,112000,5053,2548,2505,2548,0,126,368,618,952,285,199,1066,2505,45,394,823,631,612,299,2546,932,438,270,234,672,2,2481,1160,467,224,221,103,73,233,24,1160,65,141,376,309,150,108,11,499,155,1112,265,126,229,145,54,293,203
2011,Macon County; Missouri,7661,6311,1350,0.5,0.0,7661,5893,97,189,334,19,62,80,975,12,7661,310,385,947,797,1627,837,640,520,1598,7661,45,123,428,1062,1689,1767,1050,760,737,29,121,5.8,7661,49,652,2218,3414,970,358,6311,4820,1491,2.48,2.18,6311,2097,1283,1488,621,448,374,6311,346,2061,2630,1274,6311,2013,2035,1650,33,0,528,4,25,23,6311,58,59,406,6311,6194,73,44,4820,1378,1476,819,458,396,181,51,61,84100,4820,2521,2299,2521,21,154,397,924,726,184,115,923,2299,70,273,562,623,771,341,2515,1074,381,335,151,574,6,2276,898,572,256,195,139,39,177,23,1332,32,282,302,447,175,67,27,527,159,1261,209,157,180,146,157,412,230
2011,Oregon County; Missouri,5461,4518,943,1.7,6.2,5461,4279,27,49,62,48,30,16,950,0,5461,98,186,1019,531,1107,547,752,340,881,5461,121,30,351,1085,1536,1084,610,338,306,29,149,5.2,5461,121,271,2016,2336,510,207,4518,3435,1083,2.41,2.24,4518,1276,915,1151,582,338,256,4518,264,1470,1667,1117,4518,34,2342,1041,32,0,976,0,33,60,4518,54,40,283,4518,4408,91,19,3435,1269,947,609,229,259,93,15,14,70700,3435,1590,1845,1590,7,200,417,570,273,86,37,781,1845,82,451,584,434,294,271,1590,672,197,128,103,490,0,1830,705,319,165,171,108,89,273,15,863,83,73,244,266,165,19,13,518,220,863,76,164,145,83,58,337,220
2011,Ste. Genevieve County; Missouri,8621,7214,1407,3.0,9.9,8621,6614,110,143,216,113,22,81,1298,24,8621,328,653,1147,1476,1673,956,644,517,1227,8621,142,345,511,1337,1973,1625,1261,937,490,29,186,5.5,8621,163,802,2247,3893,1361,155,7214,5908,1306,2.50,2.35,7214,1990,1389,1781,941,603,510,7214,337,2111,2549,2217,7214,1566,1839,2904,56,0,778,0,25,46,7214,20,8,113,7214,7089,87,38,5908,759,1470,1431,987,827,251,142,41,125800,5908,3489,2419,3489,0,87,504,1068,1130,378,322,1032,2419,28,226,624,650,891,348,3468,1529,361,461,405,712,21,2403,1132,415,247,93,107,87,322,16,1046,3,25,266,578,134,38,2,619,260,1046,254,138,115,60,75,404,260
2011,Douglas County; Missouri,6499,5096,1403,1.3,12.2,6499,5091,16,124,222,0,22,0,1024,0,6499,324,476,866,992,1238,862,399,548,794,6499,75,96,410,1072,1873,1527,639,483,324,29,067,5.4,6499,75,417,1925,3171,731,180,5096,3999,1097,2.65,2.69,5096,1551,1081,1109,646,461,248,5096,186,1319,2051,1540,5096,604,1987,913,18,0,1526,3,45,0,5096,72,68,178,5096,5002,85,9,3999,933,999,902,430,435,224,41,35,102900,3999,1931,2068,1931,0,279,419,625,450,79,79,795,2068,43,428,626,556,415,290,1906,676,287,272,100,571,25,2065,826,453,247,186,75,110,168,3,876,0,127,346,265,118,20,0,491,221,827,176,46,88,92,78,347,270
2011,Henry County; Missouri,10875,9458,1417,3.8,7.7,10875,8171,255,429,389,109,74,66,1377,5,10875,367,786,1775,1137,1808,1212,975,470,2345,10875,85,63,631,2253,2420,2153,1062,1033,1175,29,083,5.5,10875,89,815,3642,4834,1128,367,9458,6954,2504,2.37,2.20,9458,3579,2136,1996,688,606,453,9458,582,2723,3948,2205,9458,3483,1606,3575,18,0,687,0,89,0,9458,70,85,404,9458,9322,132,4,6954,1116,2154,1659,930,717,251,80,47,105100,6954,4028,2926,4028,22,135,624,1336,1164,469,278,980,2926,22,298,749,895,962,336,3981,1631,709,332,347,962,47,2892,1121,654,464,271,154,22,206,34,2165,77,303,517,721,476,64,7,565,339,2090,299,233,211,274,279,794,414
2011,Lawrence County; Missouri,16566,15012,1554,3.1,5.1,16566,12994,112,398,694,263,131,103,1817,54,16566,925,1778,2543,1612,2690,1560,1749,769,2940,16566,160,185,947,2302,4122,3514,2411,1574,1351,29,109,5.7,16566,188,1241,4258,8044,2140,695,15012,10925,4087,2.58,2.39,15012,6053,3278,2759,1201,783,938,15012,751,4858,5632,3771,15012,5413,3001,4858,7,0,1542,0,156,35,15012,93,103,578,15012,14601,225,186,10925,1843,3824,2187,1591,998,284,124,74,96300,10925,6664,4261,6664,39,388,1027,2148,2035,749,278,961,4261,49,443,1529,1226,1014,308,6629,2584,1162,816,505,1562,35,4229,1931,794,529,367,234,94,280,32,3582,128,165,1029,1344,675,220,21,578,505,3394,473,475,495,347,438,1166,693
2011,Pulaski County; Missouri,17754,15708,2046,5.0,6.4,17754,10639,904,1246,1274,600,177,515,2384,15,17754,3010,2156,3028,2516,2391,1273,1945,558,877,17754,364,304,1389,3165,4035,3359,2091,1293,1754,29,169,5.4,17754,383,1230,4307,8377,2759,698,15708,8697,7011,2.65,2.58,15708,8845,2042,2473,1339,660,349,15708,857,5004,6633,3214,15708,1291,2741,10442,50,0,1095,0,50,39,15708,27,74,518,15708,15370,201,137,8697,1423,1907,2004,1807,1273,161,51,71,122600,8697,5693,3004,5693,36,151,797,1072,2280,979,378,1155,3004,87,577,784,639,917,306,5610,2345,1008,671,496,1090,83,2948,1480,629,286,126,179,33,215,56,6247,162,243,496,1433,1452,2203,258,908,764,6207,857,965,1313,838,472,1762,804
2011,Texas County; Missouri,11651,9560,2091,3.0,4.5,11651,8659,95,203,379,85,57,88,2074,11,11651,610,781,1646,1937,2227,1297,901,831,1421,11651,127,136,533,2026,2937,2555,1594,866,877,29,215,5.5,11651,139,770,3287,5547,1628,280,9560,7053,2507,2.43,2.71,9560,3611,1761,2229,887,724,348,9560,546,2585,3705,2724,9560,536,3216,3435,27,0,2249,15,48,34,9560,161,185,436,9560,9450,98,12,7053,1524,2248,1302,839,721,238,159,22,93800,7053,3659,3394,3659,33,495,770,1202,812,243,104,815,3394,140,782,1220,545,707,263,3632,1611,600,317,325,779,27,3353,1480,713,322,202,196,90,350,41,2063,92,235,714,631,268,85,38,497,444,2034,303,274,262,281,188,726,473
2011,Callaway County; Missouri,18415,16899,1516,0.6,5.8,18415,13461,281,620,715,310,185,113,2730,0,18415,1211,1728,4267,2574,2941,1848,1197,646,2003,18415,200,177,981,2408,4263,3837,2280,2119,2150,29,027,5.8,18415,200,1060,4304,9101,2958,792,16899,12993,3906,2.48,2.07,16899,6917,3218,3675,1677,788,624,16899,834,4712,6550,4803,16899,4269,3821,7260,44,0,1468,0,37,0,16899,127,215,458,16899,16669,98,132,12993,1449,3053,3294,2354,1591,914,227,111,127700,12993,8457,4536,8457,11,226,982,2534,2943,1143,618,1065,4536,101,431,1238,1141,1625,343,8366,3812,1520,1072,488,1474,91,4426,2338,961,342,271,80,55,379,110,3505,236,121,743,1468,586,324,27,597,401,3434,738,537,431,438,316,974,472
2011,Cooper County; Missouri,7439,6376,1063,2.4,7.7,7439,5804,77,427,256,226,28,48,571,2,7439,528,654,980,735,1279,714,538,361,1650,7439,7,85,335,1132,1801,1345,863,770,1101,29,053,5.8,7439,7,532,2111,3266,1166,357,6376,4644,1732,2.58,2.27,6376,2410,1234,1444,555,352,381,6376,395,1824,2612,1545,6376,2595,1121,2217,0,0,415,0,26,2,6376,79,60,136,6376,6347,23,6,4644,527,1424,1058,717,573,249,67,29,116600,4644,2798,1846,2798,1,141,432,803,1041,273,107,1009,1846,57,231,343,454,761,365,2797,1403,425,328,178,463,1,1833,850,266,219,175,133,32,158,13,1484,39,114,337,593,283,97,21,587,248,1470,259,200,329,198,167,317,262
2011,Gentry County; Missouri,3219,2731,488,0.4,5.3,3219,2567,27,20,148,28,61,4,347,17,3219,57,231,326,193,572,365,235,208,1032,3219,14,62,179,506,729,716,457,225,331,29,075,5.7,3219,31,335,980,1323,399,151,2731,2055,676,2.52,2.00,2731,921,565,521,291,240,193,2731,143,887,981,720,2731,909,839,550,7,0,383,0,40,3,2731,94,67,107,2731,2679,43,9,2055,628,667,338,206,124,53,24,15,78800,2055,1028,1027,1028,11,66,182,324,324,84,37,937,1027,26,70,264,300,367,349,1028,426,153,123,48,278,0,1027,420,237,109,88,48,15,110,0,558,36,94,193,132,89,14,0,431,118,558,127,41,95,146,40,109,118
2011,Mississippi County; Missouri,5728,5289,439,2.0,1.2,5728,4397,83,327,124,97,3,76,610,11,5728,162,176,532,499,1237,962,685,827,648,5728,96,75,407,1354,1520,1030,711,286,249,29,133,5.1,5728,96,434,2128,2481,525,64,5289,3423,1866,2.58,2.53,5289,1991,988,1131,499,338,342,5289,819,1936,1725,809,5289,2826,670,1775,7,0,11,0,0,0,5289,36,47,309,5289,5132,130,27,3423,1390,1297,299,234,88,80,35,0,65200,3423,1952,1471,1952,27,400,456,617,325,55,72,724,1471,15,306,502,350,298,286,1952,836,293,253,225,345,0,1471,654,301,197,170,40,32,77,0,1538,55,183,498,641,89,72,0,511,328,1497,214,108,86,195,94,800,369
2011,Ozark County; Missouri,5635,4000,1635,4.3,18.1,5635,4417,21,101,63,21,8,2,1002,0,5635,128,381,1166,902,967,487,558,522,524,5635,45,99,291,1129,1647,1326,486,324,288,29,153,5.3,5635,45,450,1830,2642,558,110,4000,3278,722,2.38,2.50,4000,1075,762,1129,485,334,215,4000,176,963,1777,1084,4000,45,1721,1185,4,0,1012,0,26,7,4000,65,87,185,4000,3938,59,3,3278,728,882,630,372,398,165,100,3,101700,3278,1516,1762,1516,0,163,393,441,300,137,82,823,1762,110,400,575,387,290,265,1516,590,215,121,164,426,0,1727,853,407,175,46,82,46,118,35,523,11,58,207,215,24,8,0,494,199,523,48,94,41,48,41,251,199
2011,Bollinger County; Missouri,5879,4788,1091,1.3,8.7,5879,4412,12,14,76,55,17,25,1251,17,5879,134,378,889,1026,967,727,542,394,822,5879,11,89,296,1177,1863,1018,583,409,433,29,017,5.2,5879,11,373,2017,2506,758,214,4788,3890,898,2.56,2.58,4788,1330,1005,1045,633,408,367,4788,307,1348,1591,1542,4788,588,1472,1629,8,0,1061,0,30,0,4788,81,68,112,4788,4684,82,22,3890,868,1167,885,513,323,127,7,0,96100,3890,2042,1848,2042,19,156,500,700,520,68,79,842,1848,19,391,632,498,308,281,2027,951,224,186,241,425,15,1838,947,284,158,78,96,66,209,10,646,23,72,175,271,86,19,0,566,252,643,51,128,79,80,24,281,255
2011,Knox County; Missouri,2302,1760,542,2.4,2.7,2302,1912,30,32,71,15,4,0,232,6,2302,19,60,210,199,296,413,215,177,713,2302,37,27,149,236,688,469,345,194,157,29,103,5.5,2302,37,246,623,1114,185,97,1760,1292,468,2.38,2.07,1760,463,363,349,222,205,158,1760,89,574,624,473,1760,461,682,398,0,0,208,6,0,5,1760,15,9,39,1760,1697,63,0,1292,618,310,112,93,107,12,36,4,53900,1292,538,754,538,8,68,146,139,128,16,33,800,754,13,119,192,218,212,324,538,258,98,67,17,98,0,734,305,118,69,73,45,48,76,20,307,10,46,160,35,49,7,0,432,161,296,84,43,24,24,41,80,172
2011,Montgomery County; Missouri,6120,4979,1141,2.5,12.7,6120,4537,74,130,304,71,24,47,933,0,6120,258,508,866,749,1062,721,549,217,1190,6120,18,41,392,998,1692,1295,720,496,468,29,139,5.5,6120,47,415,2063,2746,707,142,4979,3825,1154,2.39,2.41,4979,1652,1023,1128,473,425,278,4979,196,1466,1842,1475,4979,1410,992,2034,22,0,507,0,11,3,4979,23,22,110,4979,4905,58,16,3825,606,1156,834,420,447,247,62,53,107600,3825,2143,1682,2143,0,92,353,635,758,232,73,996,1682,7,312,559,293,511,293,2132,812,317,247,161,595,11,1665,850,309,179,152,49,8,118,17,954,33,79,293,395,139,15,0,567,200,942,205,89,150,153,47,298,212
2011,Stoddard County; Missouri,13643,12235,1408,2.2,3.2,13643,10603,138,535,454,59,44,110,1696,4,13643,489,802,1714,1366,3182,1990,1653,1002,1445,13643,36,133,779,2689,3478,2766,1622,1094,1046,29,207,5.4,13643,36,742,4727,6133,1608,397,12235,8532,3703,2.49,2.18,12235,4761,2118,2466,1073,976,841,12235,820,4103,4745,2567,12235,4589,2443,4717,27,0,438,0,17,4,12235,45,49,383,12235,12064,129,42,8532,2006,3090,1550,935,617,228,78,28,83400,8532,4569,3963,4569,57,541,1028,1208,1162,419,154,854,3963,65,552,1302,975,1069,306,4569,2356,498,469,327,919,0,3936,1754,765,553,291,130,85,358,27,3181,112,266,1055,1320,360,48,20,521,522,3179,716,370,345,292,375,1081,524
2011,Audrain County; Missouri,10879,9426,1453,1.8,10.3,10879,8907,171,222,419,117,134,56,853,0,10879,312,337,1546,889,1847,1515,1784,812,1837,10879,62,161,507,1446,2471,2409,1683,855,1285,29,007,5.8,10879,62,768,3263,4939,1433,414,9426,7089,2337,2.59,2.22,9426,3367,1598,2203,866,796,596,9426,843,2612,3882,2089,9426,4272,1106,3375,0,0,605,9,30,29,9426,125,123,571,9426,9313,110,3,7089,1555,2741,1350,659,548,146,78,12,83900,7089,4054,3035,4054,9,326,705,1298,1329,226,161,905,3035,136,289,876,865,869,322,4054,1915,626,672,226,615,0,2991,1481,615,173,209,187,46,280,44,1960,130,94,515,867,314,12,28,595,377,1944,448,432,177,177,102,608,393
2011,Greene County; Missouri,124281,113800,10481,2.3,8.5,124281,88948,3042,4460,3280,4782,6486,8893,4289,101,124281,9269,12594,20577,17056,22851,13081,10312,5484,13057,124281,1661,2013,9546,21687,30259,23865,13957,9224,12069,29,077,5.4,124281,1951,12369,34101,55194,15219,5447,113800,69228,44572,2.39,2.12,113800,56175,22221,18847,8093,4681,3783,113800,7392,42348,45168,18892,113800,70515,7652,32290,129,0,2753,13,266,182,113800,632,967,4149,113800,112423,988,389,69228,5038,16879,20901,11229,9019,4293,1611,258,128100,69228,47465,21763,47465,180,1564,5514,14174,15513,6482,4038,1061,21763,114,2343,6528,5731,7047,331,47363,21070,7391,5557,3648,9697,102,21491,10503,4423,2312,1425,922,426,1480,272,42672,717,1100,8114,17869,10201,3845,826,656,1900,42001,4985,5522,6011,4470,3855,17158,2571
2011,St. Clair County; Missouri,5640,4351,1289,1.4,8.5,5640,4076,36,58,147,18,24,24,1257,0,5640,108,437,945,792,1204,459,390,293,1012,5640,126,165,608,1068,1368,1000,605,408,292,29,185,5.1,5640,159,644,1960,2218,472,187,4351,3422,929,2.24,2.06,4351,1193,935,1164,586,269,204,4351,295,1188,1439,1429,4351,304,1639,1424,24,0,903,0,53,4,4351,12,29,103,4351,4266,85,0,3422,882,1170,548,275,337,129,75,6,83500,3422,1650,1772,1650,0,87,372,612,410,100,69,852,1772,50,315,495,443,469,306,1650,500,358,192,133,467,0,1772,745,324,232,122,69,56,224,0,683,43,98,318,165,53,6,0,434,246,655,143,100,63,35,58,256,274
2011,Schuyler County; Missouri,2274,1944,330,2.8,2.7,2274,1727,11,14,122,38,10,5,344,3,2274,54,86,200,184,442,244,184,218,662,2274,36,76,73,377,667,412,353,172,108,29,197,5.4,2274,36,180,778,927,317,36,1944,1343,601,2.18,2.34,1944,719,326,417,192,171,119,1944,127,573,766,478,1944,558,601,607,0,0,123,0,27,28,1944,16,22,24,1944,1867,49,28,1343,540,447,169,96,40,32,5,14,61100,1343,483,860,483,2,41,147,136,110,33,14,823,860,28,102,261,230,239,320,483,206,74,53,53,97,0,858,304,173,133,67,40,76,65,2,545,25,79,232,128,64,17,0,433,56,539,146,56,82,87,26,142,62
2011,Camden County; Missouri,40688,18104,22584,3.6,9.3,40688,26195,357,790,1912,2623,3996,1397,3365,53,40688,1637,4265,9247,10392,8087,3340,2059,643,1018,40688,1110,1259,1619,8906,11864,6565,3610,2577,3178,29,029,5.1,40688,1110,3108,11170,18291,5303,1706,18104,14603,3501,2.35,2.45,18104,6341,4676,4218,1592,886,391,18104,736,5253,8115,4000,18104,397,3938,12468,0,0,1250,14,25,12,18104,129,111,404,18104,17824,233,47,14603,1187,1983,2119,2501,3341,2258,929,285,187100,14603,9359,5244,9359,82,463,1047,2262,3033,1390,1082,1107,5244,119,495,1226,1244,2160,359,9316,3343,1577,1010,792,2594,43,5235,2405,1032,776,253,195,128,446,9,2918,67,94,749,1113,640,230,25,604,583,2916,384,336,542,430,150,1074,585
2011,Jefferson County; Missouri,87163,80703,6460,2.5,8.8,87163,66518,1629,1026,2726,1594,1742,1096,10812,20,87163,5782,10444,17890,13130,15267,9785,8027,2858,3980,87163,300,836,3588,13761,23893,18271,11134,7559,7821,29,099,5.6,87163,355,4007,21491,46178,12549,2583,80703,66940,13763,2.73,2.41,80703,27856,18210,17987,7762,5203,3685,80703,3201,20834,35029,21639,80703,25847,7924,44135,457,0,2058,0,135,147,80703,231,320,1756,80703,79635,803,265,66940,7404,7392,16982,16625,12683,5100,563,191,154100,66940,48299,18641,48299,267,755,2601,9662,19042,10259,5713,1286,18641,212,1601,4264,5480,7084,358,48200,19411,8892,6128,4129,9640,99,18459,8255,3728,2217,1528,827,420,1484,182,12617,155,632,1710,4752,3542,1589,237,702,1146,12414,2091,1817,1699,1352,1128,4327,1349
2011,New Madrid County; Missouri,8556,7620,936,0.4,3.4,8556,6271,47,477,615,110,41,15,980,0,8556,211,678,957,902,2148,1204,824,721,911,8556,67,106,539,1655,2435,1950,836,457,511,29,143,5.3,8556,76,570,2509,4434,820,147,7620,4783,2837,2.42,2.45,7620,2837,1397,1340,838,820,388,7620,823,2899,2604,1294,7620,2784,1123,3644,2,0,41,0,8,18,7620,2,22,298,7620,7503,78,39,4783,1614,1620,719,574,142,62,44,8,70700,4783,2443,2340,2443,40,147,547,1004,446,222,37,844,2340,29,401,810,530,570,292,2435,1308,344,194,117,472,8,2279,1006,480,231,175,89,61,237,61,2439,121,323,925,757,241,53,19,473,398,2404,480,363,324,228,282,727,433
2011,Ralls County; Missouri,5150,4222,928,2.7,4.8,5150,4011,10,80,96,184,53,3,713,0,5150,279,291,949,733,1161,369,192,171,1005,5150,51,28,335,695,1430,978,742,430,461,29,173,5.5,5150,51,239,1698,2367,686,109,4222,3438,784,2.40,2.34,4222,1192,753,1111,468,510,188,4222,208,906,1704,1404,4222,1029,1456,1276,75,0,358,0,19,9,4222,13,16,61,4222,4170,49,3,3438,466,1120,789,358,527,140,29,9,106300,3438,1951,1487,1951,15,38,179,724,722,235,38,1011,1487,6,96,377,419,589,366,1951,1063,245,251,171,221,0,1474,606,304,222,114,88,45,95,13,640,12,48,135,277,138,27,3,607,144,640,133,55,63,113,49,227,144
