year,county_name,housing_tenure_occupied_housing_units_renter_occup,housing_tenure_average_household_size_of_owner_occ,housing_tenure_average_household_size_of_renter_oc,year_householder_moved_into_unit_occupied_housing_,year_householder_moved_into_unit_occupied_housing_,year_householder_moved_into_unit_occupied_housing_,year_householder_moved_into_unit_occupied_housing_,year_householder_moved_into_unit_occupied_housing_,year_householder_moved_into_unit_occupied_housing_,year_householder_moved_into_unit_occupied_housing_,vehicles_available_occupied_housing_units,vehicles_available_occupied_housing_units_no_vehic,vehicles_available_occupied_housing_units_1_vehicl,vehicles_available_occupied_housing_units_2_vehicl,vehicles_available_occupied_housing_units_3_or_mor,house_heating_fuel_occupied_housing_units,house_heating_fuel_occupied_housing_units_utility_,house_heating_fuel_occupied_housing_units_bottled_,house_heating_fuel_occupied_housing_units_electric,house_heating_fuel_occupied_housing_units_fuel_oil,house_heating_fuel_occupied_housing_units_coal_or_,house_heating_fuel_occupied_housing_units_wood,house_heating_fuel_occupied_housing_units_solar_en,house_heating_fuel_occupied_housing_units_other_fu,house_heating_fuel_occupied_housing_units_no_fuel_,selected_characteristics_occupied_housing_units,selected_characteristics_occupied_housing_units_la,selected_characteristics_occupied_housing_units_la,selected_characteristics_occupied_housing_units_no,occupants_per_room_occupied_housing_units,occupants_per_room_occupied_housing_units_1.00_or_,occupants_per_room_occupied_housing_units_1.01_to_,occupants_per_room_occupied_housing_units_1.51_or_,value_owner_occupied_units,value_owner_occupied_units_less_than_50000,value_owner_occupied_units_50000_to_99999,value_owner_occupied_units_100000_to_149999,value_owner_occupied_units_150000_to_199999,value_owner_occupied_units_200000_to_299999,value_owner_occupied_units_300000_to_499999,value_owner_occupied_units_500000_to_999999,value_owner_occupied_units_1000000_or_more,value_owner_occupied_units_median_dollars,mortgage_status_owner_occupied_units,mortgage_status_owner_occupied_units_housing_units,state_fips,county_fips,mortgage_status_owner_occupied_units_housing_units,selected_monthly_owner_costs_smoc_housing_units_wi,selected_monthly_owner_costs_smoc_housing_units_wi,selected_monthly_owner_costs_smoc_housing_units_wi,selected_monthly_owner_costs_smoc_housing_units_wi,selected_monthly_owner_costs_smoc_housing_units_wi,selected_monthly_owner_costs_smoc_housing_units_wi,selected_monthly_owner_costs_smoc_housing_units_wi,selected_monthly_owner_costs_smoc_housing_units_wi,selected_monthly_owner_costs_smoc_housing_units_wi,selected_monthly_owner_costs_smoc_housing_units_wi,selected_monthly_owner_costs_smoc_housing_units_wi,selected_monthly_owner_costs_smoc_housing_units_wi,selected_monthly_owner_costs_smoc_housing_units_wi,selected_monthly_owner_costs_smoc_housing_units_wi,selected_monthly_owner_costs_smoc_housing_units_wi,selected_monthly_owner_costs_smoc_housing_units_wi,selected_monthly_owner_costs_as_a_percentage_of_ho,selected_monthly_owner_costs_as_a_percentage_of_ho,selected_monthly_owner_costs_as_a_percentage_of_ho,selected_monthly_owner_costs_as_a_percentage_of_ho,selected_monthly_owner_costs_as_a_percentage_of_ho,selected_monthly_owner_costs_as_a_percentage_of_ho,selected_monthly_owner_costs_as_a_percentage_of_ho,selected_monthly_owner_costs_as_a_percentage_of_ho,selected_monthly_owner_costs_as_a_percentage_of_ho,selected_monthly_owner_costs_as_a_percentage_of_ho,selected_monthly_owner_costs_as_a_percentage_of_ho,selected_monthly_owner_costs_as_a_percentage_of_ho,selected_monthly_owner_costs_as_a_percentage_of_ho,selected_monthly_owner_costs_as_a_percentage_of_ho,selected_monthly_owner_costs_as_a_percentage_of_ho,selected_monthly_owner_costs_as_a_percentage_of_ho,gross_rent_occupied_units_paying_rent,gross_rent_occupied_units_paying_rent_less_than_20,gross_rent_occupied_units_paying_rent_200_to_299,gross_rent_occupied_units_paying_rent_300_to_499,gross_rent_occupied_units_paying_rent_500_to_749,gross_rent_occupied_units_paying_rent_750_to_999,gross_rent_occupied_units_paying_rent_1000_to_1499,gross_rent_occupied_units_paying_rent_1500_or_more,gross_rent_occupied_units_paying_rent_median_dolla,gross_rent_no_rent_paid,gross_rent_as_a_percentage_of_household_income_gra,gross_rent_as_a_percentage_of_household_income_gra,gross_rent_as_a_percentage_of_household_income_gra,gross_rent_as_a_percentage_of_household_income_gra,gross_rent_as_a_percentage_of_household_income_gra,gross_rent_as_a_percentage_of_household_income_gra,gross_rent_as_a_percentage_of_household_income_gra,gross_rent_as_a_percentage_of_household_income_gra
2013,Aiken County; South Carolina,16907,2.51,2.50,63388,8772,29848,11910,5609,3603,3646,63388,4200,21101,24453,13634,63388,21467,2999,37571,444,11,591,0,73,232,63388,347,485,1529,63388,62471,741,176,46481,7021,11366,9373,7367,5390,4177,1484,303,124600,46481,27446,45,003,19035,27446,62,850,2884,7593,8934,4320,2803,1110,19035,170,2287,5393,4855,6330,330,27283,12620,4220,2946,1491,6006,163,18502,8943,3779,1938,1199,641,564,1438,533,15043,145,747,1833,5688,4483,1743,404,705,1864,14427,2311,1867,1495,1476,1182,6096,2480
2013,Allendale County; South Carolina,1251,2.60,2.67,3424,315,1257,635,474,398,345,3424,551,1282,1000,591,3424,496,369,2460,35,0,64,0,0,0,3424,12,38,151,3424,3325,66,33,2173,840,670,347,88,112,61,53,2,65400,2173,763,45,005,1410,763,0,42,151,281,136,132,21,920,1410,0,136,331,441,502,367,755,320,98,63,11,263,8,1260,364,242,167,91,84,5,307,150,954,145,163,76,302,226,42,0,564,297,899,164,33,117,97,54,434,352
2013,Edgefield County; South Carolina,1986,2.63,2.60,9108,831,3988,1975,934,778,602,9108,445,2309,3546,2808,9108,1214,1218,6168,197,0,311,0,0,0,9108,56,85,274,9108,8834,115,159,7122,1317,1992,1053,1039,929,392,343,57,109500,7122,4056,45,037,3066,4056,20,90,343,1402,1252,501,448,1055,3066,19,220,760,783,1284,352,4014,2006,558,423,210,817,42,3056,1159,624,311,280,170,121,391,10,1559,66,91,359,636,343,64,0,597,427,1530,296,140,106,194,125,669,456
2013,Chester County; South Carolina,3012,2.63,2.64,12368,1346,4829,2589,1303,1212,1089,12368,1144,4048,4262,2914,12368,4769,618,6242,413,0,293,0,26,7,12368,32,98,545,12368,12118,212,38,9356,2357,3429,1338,1070,855,165,85,57,82500,9356,5059,45,023,4297,5059,33,322,1003,1663,1400,438,200,925,4297,51,856,1405,1074,911,288,4986,2131,783,446,415,1211,73,4166,1817,674,673,342,118,88,454,131,2598,75,150,506,1191,563,113,0,606,414,2405,366,186,268,217,157,1211,607
2013,Colleton County; South Carolina,3820,2.48,2.76,14905,1430,6427,3369,1778,1077,824,14905,1393,4441,5981,3090,14905,1620,1542,11294,123,15,230,0,0,81,14905,177,170,364,14905,14635,103,167,11085,2686,3327,1718,1291,1177,467,267,152,89900,11085,5780,45,029,5305,5780,10,179,1029,1505,1774,709,574,1037,5305,106,738,1218,1291,1952,340,5744,2041,631,490,240,2342,36,5184,1883,1002,722,521,285,213,558,121,2935,112,114,502,1068,855,259,25,702,885,2862,652,439,133,125,182,1331,958
2013,Marion County; South Carolina,3969,2.69,2.70,12049,1303,4462,2648,1559,1154,923,12049,1710,4140,3859,2340,12049,1294,1263,9094,272,0,101,0,0,25,12049,63,101,271,12049,11853,128,68,8080,2343,2609,1312,972,491,271,42,40,77800,8080,3708,45,067,4372,3708,0,130,712,1428,1040,257,141,919,4372,37,479,1133,1260,1463,336,3708,1460,485,509,119,1135,0,4323,1602,742,691,361,306,194,427,49,3130,305,226,817,1253,354,160,15,544,839,2987,411,232,391,151,192,1610,982
2013,Lexington County; South Carolina,26634,2.56,2.50,103742,16260,50318,19277,8631,5351,3905,103742,4814,32122,41820,24986,103742,23760,4128,73740,580,0,1133,0,65,336,103742,258,758,1993,103742,102396,1024,322,77108,8994,13231,20185,13920,11701,6257,2316,504,140100,77108,53447,45,063,23661,53447,135,1374,3883,12131,20305,9219,6400,1198,23661,325,2697,6439,5871,8329,341,53258,25151,9153,6026,3510,9418,189,23349,12073,4034,2184,1460,1062,517,2019,312,24543,247,273,1477,7634,8369,5268,1275,820,2091,23934,3265,2927,3260,2725,1940,9817,2700
2013,Oconee County; South Carolina,7475,2.39,2.62,30106,4186,13668,6167,2724,1713,1648,30106,1864,9161,11745,7336,30106,5640,3000,19424,588,0,1320,0,54,80,30106,47,107,728,30106,29494,527,85,22631,3871,4454,3960,3098,2892,2602,1497,257,136300,22631,11305,45,073,11326,11305,14,643,1271,2994,3234,1705,1444,1091,11326,153,2182,3106,2669,3216,307,11250,4678,1569,1262,924,2817,55,11214,5556,2316,1245,581,383,255,878,112,6395,143,378,1039,2516,1204,768,347,665,1080,6343,722,849,631,754,582,2805,1132
2013,Berkeley County; South Carolina,19448,2.76,2.78,65392,12824,31959,10304,5448,3010,1847,65392,3039,20899,27466,13988,65392,7591,1596,55221,328,0,398,7,27,224,65392,194,240,2074,65392,64310,764,318,45944,5968,5652,11267,9222,7724,3704,1792,615,150400,45944,31042,45,015,14902,31042,44,506,2018,5023,12509,6479,4463,1292,14902,197,1362,3081,3664,6598,377,30915,12441,4458,4324,2165,7527,127,14673,6382,2635,1493,1065,628,467,2003,229,17693,116,157,872,3434,5260,6322,1532,960,1755,17433,2347,1867,2197,1990,1593,7439,2015
2013,Charleston County; South Carolina,56598,2.48,2.31,143717,31256,70181,20086,9543,7069,5582,143717,12242,54480,55727,21268,143717,28205,3263,110868,465,5,332,29,98,452,143717,383,792,3803,143717,141658,1548,511,87119,5861,7707,9812,12862,19189,16314,10132,5242,236100,87119,59932,45,019,27187,59932,12,376,2324,6011,16140,12754,22315,1682,27187,110,1216,3163,5030,17668,488,59523,18883,9594,7107,4859,19080,409,26724,9563,5529,3418,2029,1470,675,4040,463,53140,509,1333,2847,8763,16536,16122,7030,950,3458,51907,4927,6276,6041,5037,4597,25029,4691
2013,Georgetown County; South Carolina,5124,2.54,2.74,23115,2897,10900,4566,2347,1412,993,23115,1573,8113,9265,4164,23115,1666,866,19984,322,0,175,0,14,88,23115,30,52,748,23115,22668,270,177,17991,3333,2837,2455,1739,2758,2976,1339,554,158800,17991,9639,45,043,8352,9639,0,152,769,1947,2887,1560,2324,1303,8352,102,797,1846,1659,3948,386,9523,2971,1128,996,822,3606,116,8229,2703,1959,784,890,382,302,1209,123,4315,66,190,495,1255,1296,665,348,803,809,4123,524,439,437,419,335,1969,1001
2013,Marlboro County; South Carolina,3318,2.55,2.64,9779,983,3764,1973,1199,1142,718,9779,1338,3578,3038,1825,9779,1815,1042,6227,382,0,247,0,29,37,9779,76,87,259,9779,9530,236,13,6461,2576,2483,600,418,264,87,3,30,58200,6461,2525,45,069,3936,2525,15,298,502,955,530,70,155,826,3936,58,578,1240,867,1193,309,2516,1021,374,213,189,719,9,3825,1356,693,591,421,245,132,387,111,2552,107,292,569,1041,345,196,2,590,766,2464,338,248,321,267,272,1018,854
2013,Anderson County; South Carolina,19884,2.59,2.37,73296,10316,33046,13758,6407,5212,4557,73296,4076,23821,27879,17520,73296,22469,2874,45518,1084,0,1058,0,69,224,73296,527,796,2353,73296,72068,891,337,53412,8157,12930,11142,8761,6637,4306,1297,182,123400,53412,32255,45,007,21157,32255,165,1405,3766,8315,11024,4588,2992,1096,21157,258,3523,7220,5079,5077,295,32115,14187,5416,3129,2456,6927,140,20902,10136,3950,2438,1389,857,557,1575,255,17746,426,766,2716,7889,3694,1959,296,655,2138,17251,2026,2171,1929,1789,1484,7852,2633
2013,Chesterfield County; South Carolina,5330,2.60,2.59,17622,2171,7051,3556,1894,1592,1358,17622,1707,5836,5811,4268,17622,1924,1937,12529,606,0,480,0,56,90,17622,62,22,356,17622,17313,268,41,12292,3884,3897,1882,1104,1002,308,103,112,79400,12292,5439,45,025,6853,5439,17,261,1038,1908,1476,426,313,903,6853,121,1444,2430,1651,1207,278,5402,2280,763,463,275,1621,37,6732,3108,1486,647,516,264,212,499,121,4046,227,391,703,1945,602,169,9,592,1284,3807,616,356,303,354,174,2004,1523
2013,Greenwood County; South Carolina,9188,2.50,2.48,27004,4471,12229,4226,2180,1876,2022,27004,2273,9316,9677,5738,27004,9585,475,16101,275,0,398,0,129,41,27004,151,356,963,27004,26348,531,125,17816,2686,5844,3413,2061,2355,920,483,54,104900,17816,10873,45,047,6943,10873,146,610,1694,2876,3374,1184,989,1014,6943,154,1202,1894,1767,1926,312,10838,5174,1527,927,846,2364,35,6854,3290,1277,638,421,211,170,847,89,8212,80,527,1654,3116,2087,596,152,637,976,8046,965,934,658,952,929,3608,1142
2013,Horry County; South Carolina,34579,2.33,2.61,113490,22370,59929,17789,7513,3590,2299,113490,6656,42258,45703,18873,113490,3571,3312,105227,642,0,273,0,95,370,113490,286,538,2843,113490,108975,1544,2971,78911,9729,11282,14748,15370,15992,8002,3264,524,159600,78911,47380,45,051,31531,47380,47,928,3546,8872,17410,9236,7341,1266,31531,401,3017,6768,8372,12973,363,46974,15206,7007,5031,4567,15163,406,31070,12954,6695,3952,1687,1535,967,3280,461,31961,351,499,1740,8952,11511,7435,1473,833,2618,31575,2486,4032,3367,3295,2465,15930,3004
2013,Bamberg County; South Carolina,1419,2.55,2.23,5883,493,2207,1078,957,698,450,5883,728,1968,2093,1094,5883,955,739,3972,112,0,78,0,0,27,5883,81,80,374,5883,5745,91,47,4464,1473,1365,600,534,311,42,97,42,74700,4464,1888,45,009,2576,1888,21,49,369,677,459,230,83,923,2576,48,336,604,605,983,335,1859,926,239,106,36,552,29,2508,1001,272,377,275,112,114,357,68,1276,116,153,319,447,152,89,0,567,143,1186,99,103,99,140,191,554,233
2013,Kershaw County; South Carolina,5747,2.52,2.64,24084,2990,10246,5325,2479,1804,1240,24084,1459,6954,10002,5669,24084,4246,1586,17516,410,11,227,0,7,81,24084,72,74,619,24084,23736,260,88,18337,2615,5024,4077,2469,2299,1347,424,82,116000,18337,10802,45,055,7535,10802,0,315,1342,2884,3479,1608,1174,1115,7535,76,966,2270,1740,2483,322,10744,4439,1435,1341,925,2604,58,7292,3432,1154,751,652,389,190,724,243,4863,11,221,794,1910,1057,687,183,679,884,4783,746,840,711,499,308,1679,964
2013,Orangeburg County; South Carolina,10860,2.59,2.59,34180,3894,14556,6990,3822,2490,2428,34180,3146,12465,11217,7352,34180,5484,4586,22956,519,0,532,9,4,90,34180,178,163,2253,34180,33407,456,317,23320,6094,7399,3696,2917,1960,955,180,119,84700,23320,11388,45,075,11932,11388,24,426,1306,3865,3889,1199,679,1008,11932,116,1519,2701,3099,4497,352,11235,4390,1833,993,739,3280,153,11569,4349,2191,1422,805,644,389,1769,363,8658,260,459,1432,3311,2234,882,80,661,2202,8116,1401,781,570,873,759,3732,2744
2013,Spartanburg County; South Carolina,32632,2.62,2.56,107350,17043,49364,18311,8964,7536,6132,107350,7408,33493,40943,25506,107350,28958,4882,67144,4359,5,1282,35,265,420,107350,424,785,3101,107350,105018,1776,556,74718,9604,19260,18681,11781,8832,4756,1439,365,121300,74718,47461,45,083,27257,47461,251,1393,5101,12619,17169,6167,4761,1108,27257,715,4648,8359,6326,7209,299,47123,21336,6715,5388,3400,10284,338,26923,13268,5474,2901,1623,1215,530,1912,334,29657,824,1632,4066,11152,7841,3424,718,686,2975,28809,4038,3502,3324,3123,2655,12167,3823
2013,Beaufort County; South Carolina,18398,2.32,2.81,64417,12731,35185,10863,3408,1020,1210,64417,3091,22539,29359,9428,64417,8921,1489,53287,237,3,258,0,51,171,64417,246,612,991,64417,62678,1248,491,46019,3885,3018,3502,5720,9070,10293,7855,2676,275500,46019,29007,45,013,17012,29007,159,218,933,3274,6915,6742,10766,1730,17012,241,612,2133,2708,11318,511,28835,8132,4243,3221,3014,10225,172,16740,7095,3234,2051,1001,667,478,2214,272,17042,68,302,433,2195,4876,6551,2617,1039,1356,16789,1552,2186,2299,2188,1750,6814,1609
2013,Calhoun County; South Carolina,1224,2.42,2.45,6163,672,1947,1757,786,429,572,6163,404,1730,2272,1757,6163,321,1438,3993,204,0,182,0,12,13,6163,38,38,223,6163,6063,97,3,4939,986,1468,886,633,599,288,27,52,100600,4939,2680,45,017,2259,2680,16,129,548,634,791,404,158,1006,2259,15,209,578,438,1019,373,2677,1319,305,261,225,567,3,2230,864,384,320,154,150,120,238,29,952,64,80,131,291,282,86,18,674,272,937,143,83,41,139,93,438,287
2013,Dillon County; South Carolina,4268,2.63,2.70,11744,1464,4886,2334,1278,973,809,11744,1432,4222,3764,2326,11744,925,1595,8749,224,0,72,18,81,80,11744,67,56,316,11744,11202,451,91,7476,2764,2568,799,587,505,168,50,35,64400,7476,3322,45,033,4154,3322,23,121,509,1330,904,346,89,926,4154,56,591,1486,915,1106,297,3296,1150,591,300,194,1061,26,4026,1631,683,545,343,159,173,492,128,3162,97,219,857,1453,389,146,1,546,1106,2991,373,253,378,498,97,1392,1277
2013,Saluda County; South Carolina,1911,2.77,2.83,7020,789,2513,1390,890,716,722,7020,541,2148,2092,2239,7020,963,1218,4137,240,0,389,14,37,22,7020,29,58,500,7020,6815,97,108,5109,1368,1445,810,460,499,379,88,60,90400,5109,2120,45,081,2989,2120,30,113,391,571,574,195,246,982,2989,17,430,733,770,1039,341,2096,956,351,156,123,510,24,2963,1142,597,363,256,103,145,357,26,1483,44,126,294,673,268,78,0,589,428,1418,394,218,158,76,40,532,493
2013,Richland County; South Carolina,56521,2.54,2.44,143874,30459,69628,20777,9778,7622,5610,143874,9903,55453,52873,25645,143874,45652,3385,92989,658,17,673,0,83,417,143874,536,1002,2947,143874,142001,1266,607,87353,5123,16281,22379,16637,14006,9164,3262,501,149800,87353,64106,45,079,23247,64106,33,812,3193,12668,25019,11939,10442,1293,23247,125,1152,4535,5433,12002,408,63619,26929,10106,7031,4632,14921,487,22992,10690,4301,2780,1258,614,871,2478,255,53963,758,1252,3346,13910,17863,13637,3197,849,2558,52601,5182,6392,6289,6171,4396,24171,3920
2013,Fairfield County; South Carolina,2485,2.51,2.35,9408,1045,3591,2067,1109,786,810,9408,911,2968,3120,2409,9408,1709,1465,5416,380,0,422,0,4,12,9408,84,76,337,9408,9364,44,0,6923,1577,2143,993,617,701,584,239,69,91900,6923,3699,45,039,3224,3699,49,221,404,1030,1192,419,384,1042,3224,161,405,679,724,1255,353,3665,1505,423,458,269,1010,34,3033,1223,498,313,131,202,74,592,191,1836,53,136,279,966,340,17,45,633,649,1700,105,231,106,389,110,759,785
2013,Hampton County; South Carolina,1800,2.53,2.82,7470,650,2790,1555,983,757,735,7470,684,2581,2602,1603,7470,906,970,5238,166,0,154,0,20,16,7470,64,30,147,7470,7215,190,65,5670,1675,1849,1023,423,398,191,111,0,79400,5670,2517,45,049,3153,2517,0,74,401,1011,647,272,112,923,3153,49,437,831,384,1452,361,2500,1126,225,274,214,661,17,3045,955,439,376,347,244,225,459,108,1363,41,78,271,574,284,115,0,633,437,1279,274,162,54,178,58,553,521
2013,Greenville County; South Carolina,57747,2.64,2.40,175149,32418,86652,27235,11486,9021,8337,175149,11685,60094,69658,33712,175149,67372,5354,96564,3907,40,1205,10,197,500,175149,546,1194,5094,175149,172447,2040,662,117402,9834,20184,26894,22049,19784,12055,5263,1339,153600,117402,79774,45,045,37628,79774,147,1803,5877,17832,26812,14421,12882,1239,37628,688,4248,10414,9562,12716,334,79389,35958,13287,8057,5326,16761,385,36998,18439,6812,4142,2182,1550,1061,2812,630,54336,1052,1534,5313,19585,16300,8053,2499,747,3411,52491,7148,6599,7187,6426,4332,20799,5256
2013,Lancaster County; South Carolina,7233,2.57,2.85,28956,4054,13920,4360,2440,2199,1983,28956,1780,9554,11158,6464,28956,14521,1164,12056,611,0,516,7,26,55,28956,143,194,829,28956,28519,305,132,21723,2270,5009,4215,3486,4012,2088,524,119,142200,21723,13357,45,057,8366,13357,23,452,1361,2967,5263,1861,1430,1149,8366,67,1109,2802,2325,2063,308,13209,4944,2317,1315,1521,3112,148,7995,3543,1675,1007,687,286,181,616,371,6506,154,335,1060,2874,1391,592,100,654,727,6070,820,590,646,723,586,2705,1163
2013,Dorchester County; South Carolina,14748,2.76,2.69,50321,9826,26131,7837,3023,2226,1278,50321,2440,15961,21963,9957,50321,8621,1406,39608,149,0,342,17,56,122,50321,84,245,972,50321,49534,671,116,35573,3080,4148,7509,8261,7565,3932,885,193,167400,35573,25603,45,035,9970,25603,18,371,1057,3341,9267,6369,5180,1436,9970,42,721,1518,2500,5189,411,25474,8964,4029,3661,2076,6744,129,9818,4338,1652,1053,716,433,312,1314,152,13608,32,325,544,2203,4466,4609,1429,957,1140,13352,1174,1410,1964,1933,991,5880,1396
2013,Florence County; South Carolina,17568,2.66,2.52,51332,7946,23208,9634,4221,3492,2831,51332,4493,18363,18010,10466,51332,6160,2817,41208,644,0,287,0,18,198,51332,167,262,1233,51332,50335,767,230,33764,5942,8752,6842,4466,4915,2053,731,63,114900,33764,20585,45,041,13179,20585,39,794,2130,6037,6934,2760,1891,1076,13179,152,1760,3705,3318,4244,324,20361,9702,3008,1992,1410,4249,224,13014,6209,2569,1383,746,568,373,1166,165,15503,328,803,2497,6876,3180,1525,294,647,2065,15367,2075,1928,2228,1749,1752,5635,2201
2013,Laurens County; South Carolina,7129,2.52,2.59,25184,3476,10221,5293,2542,1866,1786,25184,1592,8127,9296,6169,25184,8822,688,14225,786,0,510,0,10,143,25184,158,281,821,25184,24649,450,85,18055,5249,5963,2462,1674,1901,614,117,75,81800,18055,9202,45,059,8853,9202,13,389,1437,3272,2773,752,566,955,8853,179,1539,3112,1916,2107,288,9166,4307,1262,898,748,1951,36,8738,4215,1485,1011,697,302,249,779,115,5938,110,332,1062,2398,1474,521,41,663,1191,5880,753,584,770,536,537,2700,1249
2013,McCormick County; South Carolina,844,2.18,2.05,4069,332,2027,856,300,283,271,4069,395,1077,1525,1072,4069,44,815,3010,80,0,103,0,10,7,4069,12,0,87,4069,4063,6,0,3225,683,761,436,181,384,646,134,0,112500,3225,1687,45,065,1538,1687,10,48,142,641,392,322,132,1002,1538,13,224,422,193,686,370,1682,522,294,218,160,488,5,1499,634,401,60,163,50,45,146,39,693,45,132,144,226,109,15,22,514,151,660,102,125,27,52,80,274,184
2013,Pickens County; South Carolina,13489,2.53,2.54,43971,7655,19426,7803,4116,2557,2414,43971,2281,13644,16479,11567,43971,13314,2794,25752,1095,2,882,0,27,105,43971,155,410,1078,43971,43250,498,223,30482,4698,6800,6852,5058,4169,2186,510,209,123900,30482,17787,45,077,12695,17787,89,485,2070,4971,6379,2371,1422,1086,12695,183,1974,4407,3198,2933,295,17748,8071,3008,1946,1227,3496,39,12463,6256,2357,1208,752,561,299,1030,232,11871,110,346,1490,4492,2832,1879,722,713,1618,11624,1139,1500,975,1130,1196,5684,1865
2013,Union County; South Carolina,3186,2.38,2.37,11854,1301,4326,2435,1127,1327,1338,11854,1066,3932,3947,2909,11854,3808,864,6314,638,0,208,0,0,22,11854,73,106,393,11854,11706,135,13,8668,2673,3398,1223,660,475,171,21,47,74000,8668,4295,45,087,4373,4295,8,282,897,1431,1179,393,105,878,4373,135,631,1323,1237,1047,307,4278,2045,556,502,319,856,17,4268,1557,922,504,450,248,115,472,105,2719,99,253,571,1172,456,150,18,610,467,2599,287,210,349,397,271,1085,587
2013,Williamsburg County; South Carolina,2989,2.74,2.80,11621,1010,3976,2611,1549,1420,1055,11621,1666,3954,3953,2048,11621,368,1224,9541,301,0,107,0,17,63,11621,103,40,910,11621,11375,219,27,8632,3337,2556,1212,716,482,150,77,102,67100,8632,3061,45,089,5571,3061,3,182,461,1063,938,312,102,934,5571,108,913,1501,1307,1742,319,3013,902,449,453,313,896,48,5476,1944,906,730,441,282,176,997,95,2189,143,304,429,827,397,76,13,576,800,2049,179,294,254,202,137,983,940
2013,Barnwell County; South Carolina,2135,2.63,2.61,8416,773,3594,1760,1069,698,522,8416,834,2757,3029,1796,8416,1265,1171,5838,69,0,43,0,28,2,8416,70,70,275,8416,8110,137,169,6281,2199,1983,993,453,370,204,79,0,72400,6281,2705,45,011,3576,2705,0,101,472,892,824,277,139,948,3576,51,378,700,863,1584,370,2643,1032,346,306,228,731,62,3477,1351,710,389,208,146,83,590,99,1834,20,125,368,790,389,142,0,625,301,1721,318,79,111,57,236,920,414
2013,Newberry County; South Carolina,4064,2.57,2.51,14254,1465,6280,2463,1483,1343,1220,14254,1249,4522,4404,4079,14254,4014,669,8707,238,0,527,20,20,59,14254,58,21,611,14254,14025,196,33,10190,1979,2785,1850,1128,1323,651,280,194,107400,10190,5320,45,071,4870,5320,0,182,660,1400,1755,766,557,1090,4870,13,501,1270,1410,1676,342,5308,2381,922,551,480,974,12,4789,2032,1027,667,325,241,152,345,81,3395,161,339,537,1427,652,272,7,637,669,3324,467,226,414,498,504,1215,740
2013,Clarendon County; South Carolina,3440,2.61,2.57,12690,1311,5306,3157,1225,1034,657,12690,1383,4184,4553,2570,12690,282,1377,10445,390,0,150,7,1,38,12690,196,139,395,12690,12515,152,23,9250,2516,2625,1327,1006,1006,629,116,25,85900,9250,4354,45,027,4896,4354,30,264,761,1272,1192,545,290,950,4896,81,705,1555,1297,1258,308,4260,1593,599,476,198,1394,94,4886,2039,949,643,367,208,233,447,10,2388,130,229,558,960,244,245,22,584,1052,2174,373,194,190,214,271,932,1266
2013,Sumter County; South Carolina,13639,2.65,2.69,39373,6345,17125,7256,3770,2941,1936,39373,3475,13035,14925,7938,39373,3848,2039,32361,719,9,244,0,54,99,39373,159,233,923,39373,38372,902,99,25734,5147,6845,5924,4093,2693,867,137,28,107300,25734,15380,45,085,10354,15380,49,706,1644,4738,5777,1651,815,1040,10354,215,1243,2869,2575,3452,329,15244,7003,2508,1801,940,2992,136,10190,4455,2047,1266,690,435,298,999,164,12211,163,470,1675,4336,3476,1671,420,726,1428,11826,1366,1747,1616,1704,1056,4337,1813
2013,Darlington County; South Carolina,8056,2.53,2.50,26609,3660,10423,5330,2681,2395,2120,26609,2616,9279,9078,5636,26609,2190,1803,21365,716,8,345,0,11,171,26609,91,138,671,26609,26057,472,80,18553,4955,5466,3183,2166,1703,849,185,46,87200,18553,9592,45,031,8961,9592,23,386,1549,2778,3012,1131,713,1007,8961,112,1548,2776,2059,2466,302,9524,4616,1296,829,485,2298,68,8801,3880,1773,915,656,447,246,884,160,6609,97,564,1407,2977,1354,196,14,601,1447,6485,890,647,902,510,654,2882,1571
2013,York County; South Carolina,24546,2.68,2.47,86483,14186,44700,14165,6510,4221,2701,86483,4327,25780,35787,20589,86483,42063,2833,38961,1288,53,1101,0,51,133,86483,390,454,2165,86483,85230,1052,201,61937,5273,9027,14115,11049,11976,7795,2177,525,159300,61937,44778,45,091,17159,44778,219,809,2433,8575,15707,9163,7872,1296,17159,252,2531,4397,3988,5991,329,44657,19726,6939,5316,3367,9309,121,16817,8558,3186,1705,914,434,400,1620,342,22703,219,606,1958,7006,7486,4001,1427,796,1843,22046,3251,2880,2619,2526,1413,9357,2500
2013,Cherokee County; South Carolina,6865,2.62,2.66,20762,2939,9008,3884,1723,1758,1450,20762,1785,7119,7384,4474,20762,4079,1567,13235,1079,0,707,0,10,85,20762,114,153,1250,20762,20072,605,85,13897,4015,4283,2435,1567,1184,323,21,69,83600,13897,6451,45,021,7446,6451,62,228,1104,2229,1938,675,215,918,7446,349,1596,2179,1712,1610,281,6377,2840,1227,469,429,1412,74,7249,3312,1315,845,553,345,275,604,197,5984,207,383,1043,2621,1486,205,39,615,881,5801,1056,747,572,727,462,2237,1064
2013,Jasper County; South Carolina,2482,2.72,3.22,8563,1798,3191,1750,853,428,543,8563,618,3175,3276,1494,8563,238,753,7324,109,0,103,0,0,36,8563,0,49,184,8563,8250,265,48,6081,1314,1952,889,780,602,330,178,36,90200,6081,3215,45,053,2866,3215,0,116,324,1147,974,312,342,1008,2866,0,269,803,769,1025,353,3171,775,272,696,347,1081,44,2776,1051,512,344,158,91,96,524,90,2205,57,75,253,697,655,441,27,758,277,2162,348,253,193,207,185,976,320
2013,Lee County; South Carolina,1804,2.63,2.31,6737,764,2367,1517,818,691,580,6737,863,2605,1863,1406,6737,448,723,4987,366,0,159,0,27,27,6737,27,53,217,6737,6524,131,82,4933,1772,1753,719,302,244,125,13,5,65000,4933,2224,45,061,2709,2224,0,236,468,714,658,123,25,891,2709,42,432,822,549,864,310,2218,921,210,136,187,764,6,2690,950,685,310,150,155,164,276,19,1397,11,190,346,568,172,110,0,561,407,1322,173,177,127,180,125,540,482
2013,Abbeville County; South Carolina,2318,2.49,2.47,9809,811,3611,2166,1326,830,1065,9809,717,2825,3479,2788,9809,2667,864,5656,139,0,416,0,13,54,9809,16,36,419,9809,9608,117,84,7491,1750,2386,1198,1030,646,415,66,0,91200,7491,3496,45,001,3995,3496,2,210,448,1061,1196,434,145,1008,3995,26,591,1088,1054,1236,326,3492,1487,543,429,260,773,4,3923,1364,994,514,348,224,170,309,72,1801,15,252,418,554,448,109,5,629,517,1736,295,156,157,120,98,910,582
