year,county_name,employment_status_population_16_years_and_over,employment_status_population_16_years_and_over_in_,employment_status_population_16_years_and_over_in_,employment_status_population_16_years_and_over_in_,employment_status_population_16_years_and_over_in_,employment_status_population_16_years_and_over_in_,employment_status_population_16_years_and_over_not,employment_status_civilian_labor_force,employment_status_civilian_labor_force_unemploymen,employment_status_females_16_years_and_over,employment_status_females_16_years_and_over_in_lab,employment_status_females_16_years_and_over_in_lab,employment_status_females_16_years_and_over_in_lab,employment_status_own_children_of_the_householder_,employment_status_own_children_of_the_householder_,employment_status_own_children_of_the_householder_,employment_status_own_children_of_the_householder_,commuting_to_work_workers_16_years_and_over,commuting_to_work_workers_16_years_and_over_car_tr,commuting_to_work_workers_16_years_and_over_car_tr,commuting_to_work_workers_16_years_and_over_public,commuting_to_work_workers_16_years_and_over_walked,commuting_to_work_workers_16_years_and_over_other_,commuting_to_work_workers_16_years_and_over_worked,commuting_to_work_workers_16_years_and_over_mean_t,occupation_civilian_employed_population_16_years_a,occupation_civilian_employed_population_16_years_a,occupation_civilian_employed_population_16_years_a,occupation_civilian_employed_population_16_years_a,occupation_civilian_employed_population_16_years_a,occupation_civilian_employed_population_16_years_a,industry_civilian_employed_population_16_years_and,industry_civilian_employed_population_16_years_and,industry_civilian_employed_population_16_years_and,industry_civilian_employed_population_16_years_and,state_fips,county_fips,industry_civilian_employed_population_16_years_and,industry_civilian_employed_population_16_years_and,industry_civilian_employed_population_16_years_and,industry_civilian_employed_population_16_years_and,industry_civilian_employed_population_16_years_and,industry_civilian_employed_population_16_years_and,industry_civilian_employed_population_16_years_and,industry_civilian_employed_population_16_years_and,industry_civilian_employed_population_16_years_and,industry_civilian_employed_population_16_years_and,class_of_worker_civilian_employed_population_16_ye,class_of_worker_civilian_employed_population_16_ye,class_of_worker_civilian_employed_population_16_ye,class_of_worker_civilian_employed_population_16_ye,class_of_worker_civilian_employed_population_16_ye,income_and_benefits_in_2017_inflation_adjusted_dol,income_and_benefits_in_2017_inflation_adjusted_dol,income_and_benefits_in_2017_inflation_adjusted_dol,income_and_benefits_in_2017_inflation_adjusted_dol,income_and_benefits_in_2017_inflation_adjusted_dol,income_and_benefits_in_2017_inflation_adjusted_dol,income_and_benefits_in_2017_inflation_adjusted_dol,income_and_benefits_in_2017_inflation_adjusted_dol,income_and_benefits_in_2017_inflation_adjusted_dol,income_and_benefits_in_2017_inflation_adjusted_dol,income_and_benefits_in_2017_inflation_adjusted_dol,income_and_benefits_in_2017_inflation_adjusted_dol,income_and_benefits_in_2017_inflation_adjusted_dol,income_and_benefits_in_2017_inflation_adjusted_dol,income_and_benefits_in_2017_inflation_adjusted_dol,income_and_benefits_in_2017_inflation_adjusted_dol,income_and_benefits_in_2017_inflation_adjusted_dol,income_and_benefits_in_2017_inflation_adjusted_dol,income_and_benefits_in_2017_inflation_adjusted_dol,income_and_benefits_in_2017_inflation_adjusted_dol,income_and_benefits_in_2017_inflation_adjusted_dol,income_and_benefits_in_2017_inflation_adjusted_dol,income_and_benefits_in_2017_inflation_adjusted_dol,income_and_benefits_in_2017_inflation_adjusted_dol,income_and_benefits_in_2017_inflation_adjusted_dol,income_and_benefits_in_2017_inflation_adjusted_dol,income_and_benefits_in_2017_inflation_adjusted_dol,income_and_benefits_in_2017_inflation_adjusted_dol,income_and_benefits_in_2017_inflation_adjusted_dol,income_and_benefits_in_2017_inflation_adjusted_dol,income_and_benefits_in_2017_inflation_adjusted_dol,income_and_benefits_in_2017_inflation_adjusted_dol,income_and_benefits_in_2017_inflation_adjusted_dol,income_and_benefits_in_2017_inflation_adjusted_dol,income_and_benefits_in_2017_inflation_adjusted_dol,income_and_benefits_in_2017_inflation_adjusted_dol,income_and_benefits_in_2017_inflation_adjusted_dol,income_and_benefits_in_2017_inflation_adjusted_dol,income_and_benefits_in_2017_inflation_adjusted_dol,income_and_benefits_in_2017_inflation_adjusted_dol,income_and_benefits_in_2017_inflation_adjusted_dol,income_and_benefits_in_2017_inflation_adjusted_dol,income_and_benefits_in_2017_inflation_adjusted_dol,income_and_benefits_in_2017_inflation_adjusted_dol,health_insurance_coverage_civilian_noninstitutiona,health_insurance_coverage_civilian_noninstitutiona,health_insurance_coverage_civilian_noninstitutiona,health_insurance_coverage_civilian_noninstitutiona,health_insurance_coverage_civilian_noninstitutiona,health_insurance_coverage_civilian_noninstitutiona,health_insurance_coverage_civilian_noninstitutiona,health_insurance_coverage_civilian_noninstitutiona,health_insurance_coverage_civilian_noninstitutiona,health_insurance_coverage_civilian_noninstitutiona,health_insurance_coverage_civilian_noninstitutiona,health_insurance_coverage_civilian_noninstitutiona,health_insurance_coverage_civilian_noninstitutiona,health_insurance_coverage_civilian_noninstitutiona,health_insurance_coverage_civilian_noninstitutiona,health_insurance_coverage_civilian_noninstitutiona,health_insurance_coverage_civilian_noninstitutiona,health_insurance_coverage_civilian_noninstitutiona,health_insurance_coverage_civilian_noninstitutiona,health_insurance_coverage_civilian_noninstitutiona,health_insurance_coverage_civilian_noninstitutiona,health_insurance_coverage_civilian_noninstitutiona,health_insurance_coverage_civilian_noninstitutiona,health_insurance_coverage_civilian_noninstitutiona,percentage_of_families_and_people_whose_income_in_,percentage_of_families_and_people_whose_income_in_,percentage_of_families_and_people_whose_income_in_,percentage_of_families_and_people_whose_income_in_,percentage_of_families_and_people_whose_income_in_,percentage_of_families_and_people_whose_income_in_,percentage_of_families_and_people_whose_income_in_,percentage_of_families_and_people_whose_income_in_,percentage_of_families_and_people_whose_income_in_,percentage_of_families_and_people_whose_income_in_,percentage_of_families_and_people_whose_income_in_,percentage_of_families_and_people_whose_income_in_,percentage_of_families_and_people_whose_income_in_,percentage_of_families_and_people_whose_income_in_,percentage_of_families_and_people_whose_income_in_,percentage_of_families_and_people_whose_income_in_,percentage_of_families_and_people_whose_income_in_,percentage_of_families_and_people_whose_income_in_,percentage_of_families_and_people_whose_income_in_
2017,Millard County; Utah,9145,5713,5711,5546,165,2,3432,5711,-888888888.0,4474,2461,2461,2372,1181,570,2739,1940,5354,4019,890,10,101,39,295,17.5,5546,1630,892,1023,1068,933,5546,836,344,424,49,027,71,590,880,34,55,324,1091,536,140,221,5546,4083,971,484,8,4235,234,96,310,478,673,874,640,672,196,62,59312,68848,3245,70426,1464,19685,889,20242,178,11198,36,1561,371,3377,119,42,178,319,468,840,562,598,189,62,64715,75933,23283,858,29375,37924,27813,51345,35185,12507,10795,8916,3467,1712,4118,434,6455,5023,4887,3964,3814,220,923,136,98,82,16,38,1432,1124,870,385,308,-888888888.0,-888888888.0,-888888888.0,-888888888.0,-888888888.0,-888888888.0,-888888888.0,-888888888.0,-888888888.0,-888888888.0,-888888888.0,-888888888.0,-888888888.0,-888888888.0,-888888888.0,-888888888.0,-888888888.0,-888888888.0,-888888888.0
2017,Tooele County; Utah,44296,30476,30385,28406,1979,91,13820,30385,-888888888.0,22169,13230,13210,12427,6249,3044,14755,9731,27764,20501,4964,348,450,232,1269,27.8,28406,9117,4589,6773,3250,4677,28406,601,2120,3629,49,045,612,4020,1717,393,1453,2787,5283,2228,1156,2407,28406,22003,5292,1090,21,19562,642,512,1072,1772,2563,4584,3380,3716,939,382,66542,76390,16594,75927,4543,16343,3801,24562,611,13294,384,3003,1653,15643,415,261,415,1117,2023,3946,2900,3334,877,355,72524,82126,24069,3919,37506,46140,34706,55981,38049,62937,58106,50902,12746,4831,22549,1169,34993,27998,26564,24347,23465,1493,2217,1434,914,699,267,520,6995,6087,4816,1751,908,-888888888.0,-888888888.0,-888888888.0,-888888888.0,-888888888.0,-888888888.0,-888888888.0,-888888888.0,-888888888.0,-888888888.0,-888888888.0,-888888888.0,-888888888.0,-888888888.0,-888888888.0,-888888888.0,-888888888.0,-888888888.0,-888888888.0
2017,Washington County; Utah,117402,66422,66398,62920,3478,24,50980,66398,-888888888.0,60196,29677,29667,27983,14066,6735,27579,16173,61760,48161,7040,338,1243,1237,3741,18.1,62920,19450,12725,17375,6193,7177,62920,778,5264,3984,49,053,1942,10373,2604,1450,3298,5954,14025,8160,2700,2388,62920,51106,8224,3459,131,52385,2366,2008,5357,5457,8217,11657,7071,6080,2159,2013,55175,72476,36770,69939,21189,21119,13692,29895,1949,11616,1090,2379,4456,39432,1286,830,2700,3706,5845,9651,6197,5520,1877,1820,62732,80597,25415,12953,30893,44115,25571,46818,32063,154159,131637,102558,53296,22522,45023,6751,78460,58909,56093,45420,42665,4618,10673,2816,1476,1073,493,1340,19551,15890,12250,4959,3661,-888888888.0,-888888888.0,-888888888.0,-888888888.0,-888888888.0,-888888888.0,-888888888.0,-888888888.0,-888888888.0,-888888888.0,-888888888.0,-888888888.0,-888888888.0,-888888888.0,-888888888.0,-888888888.0,-888888888.0,-888888888.0,-888888888.0
2017,Kane County; Utah,5759,3283,3283,3152,131,0,2476,3283,-888888888.0,2938,1628,1628,1598,530,331,1164,750,3142,2407,262,1,183,120,169,12.5,3152,963,689,864,350,286,3152,104,329,127,49,025,26,423,182,8,110,138,588,513,314,290,3152,2254,671,191,36,2514,159,148,280,280,385,425,399,287,112,39,50266,62823,1685,58810,1148,19168,747,29141,113,11421,40,2075,159,1495,18,38,114,117,194,325,296,257,97,39,69425,79877,24836,1019,30914,37097,24133,47407,36676,7169,6028,4565,2584,1141,1922,226,3679,2845,2752,2114,1975,251,638,93,87,86,33,6,834,563,396,204,271,-888888888.0,-888888888.0,-888888888.0,-888888888.0,-888888888.0,-888888888.0,-888888888.0,-888888888.0,-888888888.0,-888888888.0,-888888888.0,-888888888.0,-888888888.0,-888888888.0,-888888888.0,-888888888.0,-888888888.0,-888888888.0,-888888888.0
2017,Summit County; Utah,30642,22224,22222,21711,511,2,8418,22222,-888888888.0,15033,9867,9867,9659,2723,1786,7347,5187,21359,15612,1384,349,469,579,2966,25.0,21711,10162,4000,4190,1718,1641,21711,382,1581,1171,49,043,321,1920,950,399,1788,3284,4103,4227,920,665,21711,17382,2731,1555,43,14781,658,259,640,730,1176,2268,1986,2571,1653,2840,94952,141042,12917,133936,2679,21731,1595,45660,204,14265,86,4574,319,10917,352,112,355,345,710,1550,1572,2147,1331,2443,107293,158020,52671,3864,54157,88843,41654,66437,50105,39599,35860,32782,5716,3739,10743,890,24667,20323,19907,17802,17512,453,2105,416,323,305,18,93,4344,3699,3437,405,645,-888888888.0,-888888888.0,-888888888.0,-888888888.0,-888888888.0,-888888888.0,-888888888.0,-888888888.0,-888888888.0,-888888888.0,-888888888.0,-888888888.0,-888888888.0,-888888888.0,-888888888.0,-888888888.0,-888888888.0,-888888888.0,-888888888.0
2017,Grand County; Utah,7655,5193,5193,4859,334,0,2462,5193,-888888888.0,3756,2365,2365,2226,627,465,1360,1058,4592,3119,534,4,217,241,477,15.6,4859,1360,1500,975,709,315,4859,217,441,139,49,019,270,532,179,49,197,310,655,1481,80,309,4859,3675,683,501,0,3873,260,185,562,398,697,698,343,520,177,33,46658,60269,3148,57318,1276,18142,644,23301,120,9548,128,3291,364,2625,202,69,249,218,426,519,288,473,167,14,58945,68913,25662,1248,30463,40502,26217,45713,37611,9478,7534,5572,3002,1944,2191,447,5740,4770,4504,3350,3072,371,1154,266,124,69,55,142,970,769,528,279,201,-888888888.0,-888888888.0,-888888888.0,-888888888.0,-888888888.0,-888888888.0,-888888888.0,-888888888.0,-888888888.0,-888888888.0,-888888888.0,-888888888.0,-888888888.0,-888888888.0,-888888888.0,-888888888.0,-888888888.0,-888888888.0,-888888888.0
2017,Piute County; Utah,1486,648,648,636,12,0,838,648,-888888888.0,748,380,380,374,112,65,234,130,625,507,66,0,38,3,11,24.5,636,246,151,137,68,34,636,51,42,79,49,031,2,108,30,0,8,18,136,116,17,29,636,471,125,36,4,516,26,44,69,53,95,110,62,39,18,0,41750,52082,339,52229,288,16042,158,21563,22,5650,1,-999999999,49,381,4,22,53,31,70,90,54,39,18,0,51458,59492,17455,135,28875,31168,26011,38393,42467,1826,1463,1065,740,363,413,87,937,556,549,423,417,6,126,7,2,2,0,5,381,244,72,188,137,-888888888.0,-888888888.0,-888888888.0,-888888888.0,-888888888.0,-888888888.0,-888888888.0,-888888888.0,-888888888.0,-888888888.0,-888888888.0,-888888888.0,-888888888.0,-888888888.0,-888888888.0,-888888888.0,-888888888.0,-888888888.0,-888888888.0
2017,Rich County; Utah,1635,683,683,671,12,0,952,683,-888888888.0,882,287,287,281,196,67,519,294,669,470,70,0,42,24,63,21.6,671,196,80,159,174,62,671,108,61,25,49,033,21,94,27,6,60,66,122,30,26,25,671,536,97,38,0,601,15,16,97,74,81,117,82,47,45,27,52917,72456,413,76469,253,21274,194,21309,23,10648,0,-666666666,36,466,0,12,52,45,52,109,82,47,40,27,63370,83356,19512,135,26458,34807,26486,56071,37143,2302,1898,1539,733,404,782,93,1129,581,573,470,446,30,103,8,6,6,0,2,548,342,250,157,206,-888888888.0,-888888888.0,-888888888.0,-888888888.0,-888888888.0,-888888888.0,-888888888.0,-888888888.0,-888888888.0,-888888888.0,-888888888.0,-888888888.0,-888888888.0,-888888888.0,-888888888.0,-888888888.0,-888888888.0,-888888888.0,-888888888.0
2017,Wasatch County; Utah,20909,14772,14751,14397,354,21,6137,14751,-888888888.0,10322,6730,6725,6544,2758,1904,6562,4572,14118,11099,1728,5,214,127,945,23.3,14397,5285,3016,3507,1521,1068,14397,249,1276,684,49,051,331,1704,785,330,947,1686,2616,2558,557,674,14397,11250,2180,943,24,9040,267,188,592,659,1090,1762,1451,1692,703,636,74552,93823,7861,90781,2081,20760,1219,27091,255,10303,86,2023,168,7098,186,119,344,381,789,1375,1214,1462,647,581,83289,102106,30086,1942,48170,59327,32436,55784,41059,29135,26014,23573,4649,3121,9984,1037,16288,13363,13030,11542,11308,360,1488,333,182,182,0,151,2925,2496,2158,472,429,-888888888.0,-888888888.0,-888888888.0,-888888888.0,-888888888.0,-888888888.0,-888888888.0,-888888888.0,-888888888.0,-888888888.0,-888888888.0,-888888888.0,-888888888.0,-888888888.0,-888888888.0,-888888888.0,-888888888.0,-888888888.0,-888888888.0
2017,Beaver County; Utah,4577,2784,2784,2653,131,0,1793,2784,-888888888.0,2208,1114,1114,1048,691,278,1339,985,2615,2097,327,6,69,27,89,16.0,2653,634,495,665,423,436,2653,679,111,225,49,001,35,318,249,5,66,132,270,317,74,172,2653,2046,440,153,14,2313,100,100,297,319,405,449,254,323,51,15,47878,58527,1685,61712,802,18255,373,23092,107,8037,27,-999999999,193,1603,78,7,147,159,293,333,225,295,51,15,63107,67918,21128,710,28476,35207,30584,42491,33529,6347,5419,4662,1561,928,2205,340,3268,2475,2350,2019,1931,130,331,125,74,74,0,51,793,587,475,196,206,-888888888.0,-888888888.0,-888888888.0,-888888888.0,-888888888.0,-888888888.0,-888888888.0,-888888888.0,-888888888.0,-888888888.0,-888888888.0,-888888888.0,-888888888.0,-888888888.0,-888888888.0,-888888888.0,-888888888.0,-888888888.0,-888888888.0
2017,Box Elder County; Utah,37082,23627,23618,22319,1299,9,13455,23618,-888888888.0,18467,10031,10031,9396,5733,2931,10803,6487,22071,17154,3257,158,337,282,883,23.5,22319,7033,3211,4692,2277,5106,22319,844,1244,5445,49,003,506,2782,1076,231,791,1493,4171,1521,838,1377,22319,17712,3413,1125,69,17035,673,484,1314,1788,2823,3990,2588,2492,583,300,58835,69377,13704,68311,4930,18844,3737,22981,831,12108,381,3362,1522,13513,407,253,729,1183,2191,3259,2310,2326,577,278,65125,75990,22808,3522,34305,40814,29463,50540,36309,51771,47728,41037,12171,4043,17523,936,27940,21685,20516,18623,18034,993,1893,1169,820,449,402,349,6255,5417,4413,1389,838,-888888888.0,-888888888.0,-888888888.0,-888888888.0,-888888888.0,-888888888.0,-888888888.0,-888888888.0,-888888888.0,-888888888.0,-888888888.0,-888888888.0,-888888888.0,-888888888.0,-888888888.0,-888888888.0,-888888888.0,-888888888.0,-888888888.0
2017,Iron County; Utah,36053,22357,22344,20960,1384,13,13696,22344,-888888888.0,18259,10030,10030,9552,4698,2271,8838,4832,20690,15822,2760,47,945,390,726,17.4,20960,6596,3995,5492,2206,2671,20960,602,1537,1639,49,021,528,2457,1147,360,984,1580,5677,2519,806,1124,20960,15801,4231,921,7,15575,1119,1279,1749,1866,2274,3201,1917,1404,445,321,45422,58750,12243,55101,4609,19368,2710,29587,720,9862,424,2013,1914,11246,590,665,900,1113,1707,2546,1764,1270,424,267,56260,67383,19791,4329,25062,33687,20195,47035,32028,48077,41101,32040,14643,6976,15062,1168,27327,20246,18982,15029,13996,1478,3953,1264,775,549,319,489,7081,5779,3839,2530,1302,-888888888.0,-888888888.0,-888888888.0,-888888888.0,-888888888.0,-888888888.0,-888888888.0,-888888888.0,-888888888.0,-888888888.0,-888888888.0,-888888888.0,-888888888.0,-888888888.0,-888888888.0,-888888888.0,-888888888.0,-888888888.0,-888888888.0
2017,Sanpete County; Utah,22149,11612,11577,10784,793,35,10537,11577,-888888888.0,10335,5312,5312,4901,2327,1209,4891,3056,10607,7699,1444,44,599,59,762,21.0,10784,3693,1761,2294,1618,1418,10784,978,1026,980,49,039,192,1167,500,334,234,886,2821,745,381,540,10784,8084,1829,866,5,8366,337,507,873,1033,1338,1887,1159,949,164,119,50928,60372,6422,60019,2929,19115,1625,22122,344,9408,90,2362,682,6541,173,248,437,679,1144,1618,1091,885,149,117,58548,67448,17426,1825,24226,31490,19850,41972,31463,26303,22866,18721,7555,3437,8471,822,14145,10270,9604,7891,7507,527,1713,666,400,335,75,266,3875,3258,2540,1003,617,-888888888.0,-888888888.0,-888888888.0,-888888888.0,-888888888.0,-888888888.0,-888888888.0,-888888888.0,-888888888.0,-888888888.0,-888888888.0,-888888888.0,-888888888.0,-888888888.0,-888888888.0,-888888888.0,-888888888.0,-888888888.0,-888888888.0
2017,Sevier County; Utah,15345,9065,9065,8634,431,0,6280,9065,-888888888.0,7666,3937,3937,3766,1748,929,4362,2835,8505,6719,956,45,157,138,490,16.6,8634,2333,1624,1843,1432,1402,8634,1012,576,542,49,041,272,1220,681,38,289,444,1762,705,362,731,8634,6104,1789,620,121,7171,462,400,936,752,977,1549,982,844,160,109,50850,60945,5280,63418,2633,18738,1420,21555,366,9421,123,1586,880,5493,244,158,476,566,712,1374,872,850,137,104,59196,69433,21196,1678,20319,29669,25309,49258,32676,20614,18021,14597,6436,2593,6593,605,10790,8103,7797,6540,6198,590,1257,306,163,135,39,143,2687,2133,1454,909,554,-888888888.0,-888888888.0,-888888888.0,-888888888.0,-888888888.0,-888888888.0,-888888888.0,-888888888.0,-888888888.0,-888888888.0,-888888888.0,-888888888.0,-888888888.0,-888888888.0,-888888888.0,-888888888.0,-888888888.0,-888888888.0,-888888888.0
2017,Utah County; Utah,396971,269686,269235,257679,11556,451,127285,269235,-888888888.0,198413,113054,113033,108219,67926,26887,125932,62538,253216,185390,29757,4993,10349,5871,16856,21.4,257679,105553,39047,68226,19467,25386,257679,2237,17292,24091,49,049,6980,32325,7393,8283,14307,37989,66872,20652,11592,7666,257679,215982,29263,11941,493,155664,6565,4862,10886,12667,19920,32163,24030,27321,9557,7693,67042,84061,137920,81117,29815,20632,19717,26861,5079,10024,2313,3195,10917,127466,3589,2908,7279,8683,15561,27242,21324,24904,8675,7301,73543,90726,23207,28198,36088,48481,24190,54912,34213,573027,519868,463095,96257,53159,211832,13932,319730,246057,236588,210352,204963,9592,26236,9469,6857,5794,1208,2612,73673,63779,55803,11336,9894,-888888888.0,-888888888.0,-888888888.0,-888888888.0,-888888888.0,-888888888.0,-888888888.0,-888888888.0,-888888888.0,-888888888.0,-888888888.0,-888888888.0,-888888888.0,-888888888.0,-888888888.0,-888888888.0,-888888888.0,-888888888.0,-888888888.0
2017,Weber County; Utah,181131,121422,120917,115146,5771,505,59709,120917,-888888888.0,90597,54824,54751,52316,23127,14017,45741,31782,114200,91854,11856,2087,1450,1671,5282,22.0,115146,37904,16154,29129,11972,19987,115146,1377,8916,18592,49,057,2908,12825,4518,1834,6011,11103,23038,7967,4990,11067,115146,89011,21541,4451,143,81298,4586,3136,5839,7364,10896,17875,13224,12301,3689,2388,62036,73527,65959,72530,20267,17618,16110,28672,4008,9974,1534,2879,8229,59438,1841,1447,2926,4370,7176,13768,11230,11017,3447,2216,71359,82926,25275,21860,34165,44048,30263,49081,34954,241225,215568,183585,56761,25657,73947,5184,140532,112071,107036,93494,90404,5452,13542,5035,3324,2481,1072,1711,28461,23446,17395,8326,5015,-888888888.0,-888888888.0,-888888888.0,-888888888.0,-888888888.0,-888888888.0,-888888888.0,-888888888.0,-888888888.0,-888888888.0,-888888888.0,-888888888.0,-888888888.0,-888888888.0,-888888888.0,-888888888.0,-888888888.0,-888888888.0,-888888888.0
2017,Duchesne County; Utah,13935,8561,8561,8026,535,0,5374,8561,-888888888.0,6819,3453,3453,3250,2393,952,4191,2518,7813,6353,605,48,190,96,521,20.6,8026,2464,1192,1407,1602,1361,8026,1964,680,223,49,013,160,659,661,142,274,335,1778,432,281,437,8026,6093,1513,389,31,6650,346,290,608,571,784,1523,1101,1083,219,125,63000,70418,5307,72840,1688,19002,928,19235,317,11617,164,3273,718,5259,153,155,364,384,671,1255,987,952,213,125,69389,77495,23323,1391,27102,39706,35356,61457,31058,19892,16925,14139,4547,2967,7188,864,10623,7876,7430,6192,5976,335,1238,446,227,163,68,219,2747,2101,1590,647,646,-888888888.0,-888888888.0,-888888888.0,-888888888.0,-888888888.0,-888888888.0,-888888888.0,-888888888.0,-888888888.0,-888888888.0,-888888888.0,-888888888.0,-888888888.0,-888888888.0,-888888888.0,-888888888.0,-888888888.0,-888888888.0,-888888888.0
2017,San Juan County; Utah,10930,5727,5727,5247,480,0,5203,5727,-888888888.0,5513,2680,2680,2470,1393,627,3081,2061,5135,3937,405,26,207,87,473,20.6,5247,1744,1161,968,734,640,5247,337,574,218,49,037,98,428,210,34,147,262,1701,619,259,360,5247,3180,1674,382,11,4019,577,248,454,457,572,603,452,467,135,54,42581,57154,2833,60373,1242,17050,634,27184,464,8573,88,3170,712,3036,356,107,275,300,465,554,378,430,126,45,50721,62749,17385,983,18721,37544,24698,42650,31092,14938,11592,6978,5733,3346,5143,740,7933,5202,4777,3560,3183,436,1217,425,162,58,104,263,2731,1636,549,1155,1095,-888888888.0,-888888888.0,-888888888.0,-888888888.0,-888888888.0,-888888888.0,-888888888.0,-888888888.0,-888888888.0,-888888888.0,-888888888.0,-888888888.0,-888888888.0,-888888888.0,-888888888.0,-888888888.0,-888888888.0,-888888888.0,-888888888.0
2017,Salt Lake County; Utah,828965,590772,589896,564689,25207,876,238193,589896,-888888888.0,415651,265257,265159,253693,102502,58834,194797,129851,556953,418591,63787,21047,12421,10110,30997,22.1,564689,218955,83419,149903,44828,67584,564689,5547,36914,60415,49,035,15971,64185,30274,14085,48918,75624,116266,51534,24977,19979,564689,466169,71709,26048,763,363058,15516,11481,25869,29505,45206,72896,54190,61450,23214,23731,67922,88315,312385,87301,83868,19725,48947,25879,12662,10223,6054,3009,27400,255828,6781,4387,11879,17558,28392,52254,42547,51196,20060,20774,78828,99904,30134,107230,41403,55643,31969,50997,37597,1098968,966032,828774,225028,132936,324879,30486,665533,544900,523842,454514,441050,22073,69328,21058,12350,8879,3891,8708,120633,97613,75875,29152,23020,-888888888.0,-888888888.0,-888888888.0,-888888888.0,-888888888.0,-888888888.0,-888888888.0,-888888888.0,-888888888.0,-888888888.0,-888888888.0,-888888888.0,-888888888.0,-888888888.0,-888888888.0,-888888888.0,-888888888.0,-888888888.0,-888888888.0
2017,Uintah County; Utah,25394,16190,16163,15087,1076,27,9204,16163,-888888888.0,12606,6947,6947,6567,3956,2039,7672,4590,14879,11886,1797,122,331,180,563,19.1,15087,4310,1939,3695,2626,2517,15087,3101,871,325,49,047,414,1993,1301,229,394,850,2442,1525,697,945,15087,11617,2694,726,50,10616,695,376,825,754,1333,2116,1888,1826,385,418,67012,78987,8792,78952,2283,18078,1374,20854,584,10038,551,2239,1038,7714,195,222,553,441,934,1621,1498,1561,322,367,73914,85954,25001,2902,38190,57932,32144,62830,35809,35993,30570,25311,8746,5423,12801,1210,19889,14676,13778,11578,11241,795,2200,898,364,266,200,534,5213,3746,2576,1510,1467,-888888888.0,-888888888.0,-888888888.0,-888888888.0,-888888888.0,-888888888.0,-888888888.0,-888888888.0,-888888888.0,-888888888.0,-888888888.0,-888888888.0,-888888888.0,-888888888.0,-888888888.0,-888888888.0,-888888888.0,-888888888.0,-888888888.0
2017,Daggett County; Utah,565,296,296,293,3,0,269,296,-888888888.0,186,96,96,96,41,13,104,31,283,132,8,0,120,0,23,18.6,293,58,136,14,38,47,293,45,8,0,49,009,0,26,22,0,0,4,36,132,3,17,293,216,64,13,0,168,7,3,12,31,8,21,30,45,11,0,85000,76164,121,76364,80,18103,59,20693,0,-666666666,0,-666666666,2,139,0,0,6,27,8,16,26,45,11,0,93583,85214,28533,29,-666666666,32786,-666666666,73363,48250,581,558,525,139,23,149,0,313,264,261,252,252,0,9,3,3,3,0,0,49,35,31,9,14,-888888888.0,-888888888.0,-888888888.0,-888888888.0,-888888888.0,-888888888.0,-888888888.0,-888888888.0,-888888888.0,-888888888.0,-888888888.0,-888888888.0,-888888888.0,-888888888.0,-888888888.0,-888888888.0,-888888888.0,-888888888.0,-888888888.0
2017,Davis County; Utah,235882,163214,161227,155828,5399,1987,72668,161227,-888888888.0,118463,70584,70337,67990,35817,16934,72752,43892,155740,124007,14799,3895,2223,2175,8641,22.5,155828,63259,21925,41408,11222,18014,155828,1001,8151,16302,49,011,4415,18102,8431,2994,11507,17824,32956,13093,7569,13483,155828,121486,28016,6143,183,101422,2950,2426,5136,6069,11701,21631,17653,20694,7873,5289,75961,91112,87767,87634,23090,19882,18633,29966,3254,9704,1713,3332,5997,82775,1525,1099,2598,3921,8729,17920,15764,18974,7188,5057,83850,98728,28293,18647,40999,51590,33042,59056,39302,331753,308211,276738,60921,23542,115511,5180,185096,147048,142545,129451,125930,6563,13094,4503,3162,2467,921,1341,38048,34310,29311,7452,3738,-888888888.0,-888888888.0,-888888888.0,-888888888.0,-888888888.0,-888888888.0,-888888888.0,-888888888.0,-888888888.0,-888888888.0,-888888888.0,-888888888.0,-888888888.0,-888888888.0,-888888888.0,-888888888.0,-888888888.0,-888888888.0,-888888888.0
2017,Wayne County; Utah,2088,1238,1238,1215,23,0,850,1238,-888888888.0,999,561,561,559,174,114,533,367,1198,909,147,0,67,7,68,16.3,1215,364,260,253,205,133,1215,121,181,71,49,055,3,71,71,2,25,74,231,283,41,41,1215,854,232,124,5,990,90,76,69,119,209,152,106,146,19,4,42444,56637,742,61399,427,15022,118,18190,20,11075,20,-999999999,73,670,7,16,14,95,156,132,87,140,19,4,59000,70486,22195,320,18088,27317,27438,51385,29141,2672,2116,1767,757,556,774,148,1394,1054,1031,678,661,43,353,23,0,0,0,23,340,310,262,95,30,-888888888.0,-888888888.0,-888888888.0,-888888888.0,-888888888.0,-888888888.0,-888888888.0,-888888888.0,-888888888.0,-888888888.0,-888888888.0,-888888888.0,-888888888.0,-888888888.0,-888888888.0,-888888888.0,-888888888.0,-888888888.0,-888888888.0
2017,Carbon County; Utah,15619,9412,9412,8906,506,0,6207,9412,-888888888.0,7944,4291,4291,4099,1549,803,3542,2335,8660,7002,964,46,295,67,286,17.7,8906,2488,1727,2067,1337,1287,8906,706,710,500,49,007,268,934,836,180,250,625,2028,751,597,521,8906,6568,1919,386,33,7841,667,401,1067,943,1063,1525,1007,835,169,164,46994,57980,5659,60896,2783,19436,1965,16912,362,9076,140,2324,965,5096,241,146,439,497,737,1187,841,732,172,104,60024,68331,22536,2745,25589,36932,25257,53629,30826,20310,17939,14433,6559,2371,5710,309,11451,8504,8031,6877,6494,571,1154,473,260,145,123,213,2947,2252,1480,980,695,-888888888.0,-888888888.0,-888888888.0,-888888888.0,-888888888.0,-888888888.0,-888888888.0,-888888888.0,-888888888.0,-888888888.0,-888888888.0,-888888888.0,-888888888.0,-888888888.0,-888888888.0,-888888888.0,-888888888.0,-888888888.0,-888888888.0
2017,Emery County; Utah,7526,4215,4215,4030,185,0,3311,4215,-888888888.0,3731,1883,1883,1853,942,410,2214,1336,3878,3177,291,52,65,29,264,19.8,4030,1170,841,745,704,570,4030,415,406,152,49,015,100,498,377,119,69,179,927,288,266,234,4030,2764,971,290,5,3564,175,159,340,440,548,756,496,530,89,31,51852,61529,2562,63436,1443,21276,917,18808,67,14293,58,2614,361,2764,59,65,158,253,489,624,466,530,89,31,65094,70608,21465,800,24107,26369,30694,60618,35239,10355,9315,7914,2964,1040,3428,288,5368,3826,3672,3270,3139,188,402,154,81,69,22,73,1542,1282,919,477,260,-888888888.0,-888888888.0,-888888888.0,-888888888.0,-888888888.0,-888888888.0,-888888888.0,-888888888.0,-888888888.0,-888888888.0,-888888888.0,-888888888.0,-888888888.0,-888888888.0,-888888888.0,-888888888.0,-888888888.0,-888888888.0,-888888888.0
2017,Morgan County; Utah,7562,4865,4865,4701,164,0,2697,4865,-888888888.0,3789,1960,1960,1831,1189,636,2677,1299,4644,3950,384,16,54,61,179,27.7,4701,1960,641,1003,550,547,4701,177,344,597,49,029,71,507,201,56,302,649,878,275,225,419,4701,3704,762,220,15,3236,60,47,104,112,451,612,456,828,236,330,86071,104471,2797,100305,818,22745,638,35910,122,11480,30,-999999999,126,2903,43,37,24,78,396,529,441,789,236,330,91542,110897,30457,333,38750,45094,40256,64957,51365,11014,10337,9424,1894,677,4026,190,5764,4391,4247,3913,3842,100,334,144,113,97,16,31,1373,1251,1159,160,122,-888888888.0,-888888888.0,-888888888.0,-888888888.0,-888888888.0,-888888888.0,-888888888.0,-888888888.0,-888888888.0,-888888888.0,-888888888.0,-888888888.0,-888888888.0,-888888888.0,-888888888.0,-888888888.0,-888888888.0,-888888888.0,-888888888.0
2017,Cache County; Utah,86948,59141,59055,56905,2150,86,27807,59055,-888888888.0,43741,25947,25947,24782,12972,5962,23473,13476,56199,41858,6481,1189,2250,1514,2907,17.3,56905,21554,8885,12961,4420,9085,56905,1653,2734,10004,49,005,784,6590,1721,920,2177,6339,15146,5085,2330,1422,56905,44083,10216,2517,89,36829,1746,1586,3934,4108,5818,7523,5106,4690,1244,1074,53812,69428,31543,65930,7598,19598,5246,24463,1133,10558,571,2236,2862,27394,753,827,2175,2539,4024,6101,4503,4276,1167,1029,62971,78483,21752,9435,30801,41245,22106,45644,31412,119544,109416,95448,23174,10128,39935,2326,69299,54418,52873,47224,45702,2465,5649,1545,1243,1038,237,302,14881,13059,11053,2727,1822,-888888888.0,-888888888.0,-888888888.0,-888888888.0,-888888888.0,-888888888.0,-888888888.0,-888888888.0,-888888888.0,-888888888.0,-888888888.0,-888888888.0,-888888888.0,-888888888.0,-888888888.0,-888888888.0,-888888888.0,-888888888.0,-888888888.0
2017,Garfield County; Utah,4005,2319,2319,2212,107,0,1686,2319,-888888888.0,1926,1045,1045,974,341,184,805,522,2176,1597,239,0,123,59,158,14.0,2212,584,592,555,349,132,2212,141,130,31,49,017,15,235,172,44,77,103,355,659,85,165,2212,1534,515,163,0,1756,146,44,224,184,263,367,264,164,64,36,51700,63470,1372,60711,712,17021,398,21525,33,8367,29,-999999999,89,1293,83,17,101,128,175,309,237,143,64,36,63389,73205,23228,463,26205,35819,22967,42805,32941,4814,3918,3390,1384,896,1285,181,2547,1935,1834,1329,1268,102,505,101,27,21,6,74,612,476,398,142,136,-888888888.0,-888888888.0,-888888888.0,-888888888.0,-888888888.0,-888888888.0,-888888888.0,-888888888.0,-888888888.0,-888888888.0,-888888888.0,-888888888.0,-888888888.0,-888888888.0,-888888888.0,-888888888.0,-888888888.0,-888888888.0,-888888888.0
2017,Juab County; Utah,7432,4740,4740,4602,138,0,2692,4740,-888888888.0,3721,2025,2025,1964,1190,583,2455,1672,4451,3319,622,9,182,13,306,22.7,4602,1285,736,1083,696,802,4602,224,507,764,49,023,75,438,247,52,89,455,1084,227,198,242,4602,3486,839,277,0,3287,124,101,286,355,463,870,515,352,160,61,57590,66388,2729,63885,998,19520,606,24178,92,13821,64,1636,248,2645,121,49,141,224,388,722,461,327,151,61,59940,71458,20457,642,27250,35514,23133,48067,31147,10558,9207,7808,2589,1351,3915,405,5449,4240,4145,3464,3372,150,681,95,43,29,14,52,1209,1001,824,339,208,-888888888.0,-888888888.0,-888888888.0,-888888888.0,-888888888.0,-888888888.0,-888888888.0,-888888888.0,-888888888.0,-888888888.0,-888888888.0,-888888888.0,-888888888.0,-888888888.0,-888888888.0,-888888888.0,-888888888.0,-888888888.0,-888888888.0
