year,county_name,number_households_by_type_total_households,number_households_by_type_total_households_family_,number_households_by_type_total_households_family_,number_households_by_type_total_households_married,number_households_by_type_total_households_married,number_households_by_type_total_households_male_ho,number_households_by_type_total_households_male_ho,number_households_by_type_total_households_female_,number_households_by_type_total_households_female_,number_households_by_type_total_households_nonfami,number_households_by_type_total_households_nonfami,number_households_by_type_total_households_nonfami,number_households_by_type_total_households_househo,number_households_by_type_total_households_househo,number_households_by_type_total_households_average,number_households_by_type_total_households_average,number_relationship_population_in_households,number_relationship_population_in_households_house,number_relationship_population_in_households_spous,number_relationship_population_in_households_child,number_relationship_population_in_households_other,number_relationship_population_in_households_nonre,number_relationship_population_in_households_nonre,number_marital_status_males_15_years_and_over,number_marital_status_males_15_years_and_over_neve,number_marital_status_males_15_years_and_over_now_,number_marital_status_males_15_years_and_over_sepa,number_marital_status_males_15_years_and_over_wido,number_marital_status_males_15_years_and_over_divo,number_marital_status_females_15_years_and_over,number_marital_status_females_15_years_and_over_ne,number_marital_status_females_15_years_and_over_no,number_marital_status_females_15_years_and_over_se,number_marital_status_females_15_years_and_over_wi,number_marital_status_females_15_years_and_over_di,number_fertility_number_of_women_15_to_50_years_ol,number_fertility_number_of_women_15_to_50_years_ol,number_fertility_number_of_women_15_to_50_years_ol,number_fertility_number_of_women_15_to_50_years_ol,number_fertility_number_of_women_15_to_50_years_ol,number_fertility_number_of_women_15_to_50_years_ol,number_fertility_number_of_women_15_to_50_years_ol,number_grandparents_number_of_grandparents_living_,number_grandparents_number_of_grandparents_living_,number_grandparents_number_of_grandparents_living_,state_fips,county_fips,number_grandparents_number_of_grandparents_living_,number_grandparents_number_of_grandparents_living_,number_grandparents_number_of_grandparents_living_,number_grandparents_number_of_grandparents_respons,number_grandparents_number_of_grandparents_respons,number_grandparents_number_of_grandparents_respons,number_school_enrollment_population_3_years_and_ov,number_school_enrollment_population_3_years_and_ov,number_school_enrollment_population_3_years_and_ov,number_school_enrollment_population_3_years_and_ov,number_school_enrollment_population_3_years_and_ov,number_school_enrollment_population_3_years_and_ov,number_educational_attainment_population_25_years_,number_educational_attainment_population_25_years_,number_educational_attainment_population_25_years_,number_educational_attainment_population_25_years_,number_educational_attainment_population_25_years_,number_educational_attainment_population_25_years_,number_educational_attainment_population_25_years_,number_educational_attainment_population_25_years_,number_educational_attainment_population_25_years_,number_educational_attainment_population_25_years_,number_veteran_status_civilian_population_18_years,number_veteran_status_civilian_population_18_years,number_disability_status_of_the_civilian_noninstit,number_disability_status_of_the_civilian_noninstit,number_disability_status_of_the_civilian_noninstit,number_disability_status_of_the_civilian_noninstit,number_disability_status_of_the_civilian_noninstit,number_disability_status_of_the_civilian_noninstit,number_disability_status_of_the_civilian_noninstit,number_disability_status_of_the_civilian_noninstit,number_residence_1_year_ago_population_1_year_and_,number_residence_1_year_ago_population_1_year_and_,number_residence_1_year_ago_population_1_year_and_,number_residence_1_year_ago_population_1_year_and_,number_residence_1_year_ago_population_1_year_and_,number_residence_1_year_ago_population_1_year_and_,number_residence_1_year_ago_population_1_year_and_,number_residence_1_year_ago_population_1_year_and_,number_place_of_birth_total_population,number_place_of_birth_total_population_native,number_place_of_birth_total_population_native_born,number_place_of_birth_total_population_native_born,number_place_of_birth_total_population_native_born,number_place_of_birth_total_population_native_born,number_place_of_birth_total_population_foreign_bor,number_u.s._citizenship_status_foreign_born_popula,number_u.s._citizenship_status_foreign_born_popula,number_u.s._citizenship_status_foreign_born_popula,number_year_of_entry_population_born_outside_the_u,number_year_of_entry_population_born_outside_the_u,number_year_of_entry_population_born_outside_the_u,number_year_of_entry_population_born_outside_the_u,number_year_of_entry_population_born_outside_the_u,number_year_of_entry_population_born_outside_the_u,number_year_of_entry_population_born_outside_the_u,number_world_region_of_birth_of_foreign_born_forei,number_world_region_of_birth_of_foreign_born_forei,number_world_region_of_birth_of_foreign_born_forei,number_world_region_of_birth_of_foreign_born_forei,number_world_region_of_birth_of_foreign_born_forei,number_world_region_of_birth_of_foreign_born_forei,number_world_region_of_birth_of_foreign_born_forei,number_language_spoken_at_home_population_5_years_,number_language_spoken_at_home_population_5_years_,number_language_spoken_at_home_population_5_years_,number_language_spoken_at_home_population_5_years_,number_language_spoken_at_home_population_5_years_,number_language_spoken_at_home_population_5_years_,number_language_spoken_at_home_population_5_years_,number_language_spoken_at_home_population_5_years_,number_language_spoken_at_home_population_5_years_,number_language_spoken_at_home_population_5_years_,number_language_spoken_at_home_population_5_years_,number_language_spoken_at_home_population_5_years_,number_ancestry_total_population,number_ancestry_total_population_american,number_ancestry_total_population_arab,number_ancestry_total_population_czech,number_ancestry_total_population_danish,number_ancestry_total_population_dutch,number_ancestry_total_population_english,number_ancestry_total_population_french_except_bas,number_ancestry_total_population_french_canadian,number_ancestry_total_population_german,number_ancestry_total_population_greek,number_ancestry_total_population_hungarian,number_ancestry_total_population_irish,number_ancestry_total_population_italian,number_ancestry_total_population_lithuanian,number_ancestry_total_population_norwegian,number_ancestry_total_population_polish,number_ancestry_total_population_portuguese,number_ancestry_total_population_russian,number_ancestry_total_population_scotch_irish,number_ancestry_total_population_scottish,number_ancestry_total_population_slovak,number_ancestry_total_population_subsaharan_africa,number_ancestry_total_population_swedish,number_ancestry_total_population_swiss,number_ancestry_total_population_ukrainian,number_ancestry_total_population_welsh,number_ancestry_total_population_west_indian_exclu
2009,Adair County; Missouri,9630,5348,2388,4404,1797,261,114,683,477,4282,3047,820,2563,1994,2.29,2.90,22099,9630,4399,5201,561,2308,408,9572,4176,4540,109,144,603,11341,4721,4562,181,899,978,343,48,10,45,0,84,8,295,147,9,29,001,0,7,131,147,80,128,10191,241,298,1816,1129,6707,12578,598,954,4874,2217,958,1575,1402,87.7,23.7,20146,1674,(X),(X),(X),(X),(X),(X),(X),(X),24475,16991,7364,4011,3353,2279,1074,120,24801,24341,24127,16322,7805,214,460,460,130,330,674,214,58,156,460,278,182,460,157,197,22,0,40,44,23362,22605,757,138,236,47,330,71,130,20,61,0,24801,1660,26,136,164,682,3408,860,203,7634,73,50,4814,907,25,318,392,34,84,672,898,33,59,371,43,15,271,14
2009,Andrew County; Missouri,6499,4962,2123,4059,1610,325,170,578,343,1537,1279,604,2470,1663,2.57,2.91,16677,6499,4091,4607,803,677,293,6529,1500,4153,54,169,653,6872,1024,4198,94,687,869,236,54,33,59,12,156,4,454,255,69,29,003,66,4,116,255,134,233,4223,290,202,1952,1015,764,11300,305,927,4700,2411,570,1717,670,89.1,21.1,12604,1706,(X),(X),(X),(X),(X),(X),(X),(X),16617,14422,2167,825,1342,1145,197,28,16831,16614,16556,12903,3653,58,217,217,59,158,275,58,0,58,217,28,189,217,91,10,0,0,113,3,15780,15418,362,159,252,137,110,22,0,0,0,0,16831,1999,6,34,227,524,2384,580,12,4677,29,7,2930,396,4,166,402,3,27,460,337,0,41,192,384,30,49,0
2009,Atchison County; Missouri,2649,1702,635,1435,457,92,47,175,131,947,752,435,709,845,2.25,2.76,5967,2649,1424,1445,130,319,250,2404,611,1439,19,51,284,2631,421,1463,44,419,284,54,25,45,42,0,130,3,66,47,0,29,005,1,19,27,47,31,42,1204,95,50,575,322,162,4285,222,411,1738,860,195,665,194,85.2,20.0,4743,739,(X),(X),(X),(X),(X),(X),(X),(X),6023,5291,726,519,207,77,130,6,6078,6047,6035,3453,2582,12,31,31,11,20,43,12,0,12,31,0,31,31,9,9,0,0,6,7,5736,5602,134,37,58,8,69,23,0,0,7,6,6078,855,0,21,72,242,653,170,2,2220,6,4,852,93,7,73,79,41,24,208,139,0,0,153,32,2,38,0
2009,Audrain County; Missouri,9746,6645,2950,5052,2076,444,129,1149,745,3101,2733,1228,3178,2798,2.42,2.96,23621,9746,5043,6905,1106,821,489,8844,2321,5152,206,243,922,11593,2689,5561,336,1424,1583,319,115,31,46,17,96,12,406,181,13,29,007,50,30,88,181,92,149,6323,322,208,2968,1791,1034,17356,962,2223,8063,2969,867,1428,844,81.6,13.1,19401,2224,(X),(X),(X),(X),(X),(X),(X),(X),25471,21673,3785,1816,1969,1444,525,13,25754,25415,25380,20601,4779,35,339,339,126,213,374,35,0,35,339,152,187,339,73,141,0,0,125,0,23971,22820,1151,410,437,87,655,310,51,13,8,0,25754,5443,57,98,11,408,2405,582,54,6260,110,22,3282,349,23,166,84,47,48,561,353,17,71,140,28,10,150,0
2009,Barry County; Missouri,14178,9847,4379,8071,3190,565,349,1211,840,4331,3519,1477,4735,3855,2.51,2.97,35534,14178,7982,10222,1203,1949,1052,13747,3041,8333,228,458,1687,14348,2247,8414,414,1655,1618,441,155,47,56,56,103,21,473,261,62,29,009,88,55,56,261,137,235,8355,598,464,4072,2174,1047,23771,1950,3127,9947,4997,1018,1861,871,78.6,11.5,26443,3297,(X),(X),(X),(X),(X),(X),(X),(X),35560,29911,5637,2868,2769,1318,1451,12,35905,34268,34114,18674,15440,154,1637,1637,494,1143,1791,154,0,154,1637,231,1406,1637,167,198,0,21,1221,30,33302,30340,2962,1334,2319,1122,413,36,214,167,16,9,35905,7846,52,272,73,819,3858,1500,15,6666,55,25,5673,1007,12,299,488,54,33,629,862,56,0,230,215,52,246,50
2009,Barton County; Missouri,4949,3736,1770,3220,1467,230,155,286,148,1213,1045,540,1964,1376,2.54,2.92,12585,4949,3218,3343,616,459,197,4882,888,3406,71,104,413,5104,690,3314,157,597,346,180,64,73,62,21,126,25,226,81,28,29,011,15,15,23,81,51,65,2770,228,179,1492,625,246,8439,405,754,3742,1902,419,743,474,86.3,14.4,9385,1256,(X),(X),(X),(X),(X),(X),(X),(X),12544,10955,1580,939,641,411,230,9,12695,12590,12561,7992,4569,29,105,105,0,105,134,29,0,29,105,93,12,105,0,89,0,0,16,0,11891,11623,268,107,73,19,104,14,74,74,17,0,12695,2143,36,24,31,489,1334,319,49,3485,0,9,1531,376,0,160,114,0,2,234,226,0,0,109,164,0,43,16
2009,Bates County; Missouri,6355,4457,2021,3733,1535,133,54,591,432,1898,1761,826,2151,1811,2.61,3.17,16612,6355,3758,5123,802,574,236,6485,1565,3982,34,302,602,6946,1172,3950,141,868,815,187,93,60,48,38,105,10,295,55,2,29,013,21,14,18,55,35,40,3973,193,209,1959,1006,606,11284,702,1255,5377,1971,656,878,445,82.7,11.7,12634,1579,(X),(X),(X),(X),(X),(X),(X),(X),16747,14341,2377,1042,1335,881,454,29,16906,16661,16554,11693,4861,107,245,245,41,204,352,107,0,107,245,16,229,245,146,22,0,0,51,26,15793,15471,322,61,182,52,118,9,0,0,22,0,16906,1968,25,16,50,499,2708,583,51,4376,0,13,2740,297,9,61,202,3,54,361,263,0,0,215,112,0,115,0
2009,Benton County; Missouri,8105,5779,1822,5054,1420,155,77,570,325,2326,1973,1136,2095,3200,2.22,2.61,18001,8105,5008,3649,656,583,437,7633,1462,5121,104,286,660,8078,793,5223,196,1016,850,198,61,53,57,158,98,0,516,383,144,29,015,14,95,130,383,190,372,3268,251,114,1577,897,429,13843,994,2004,6309,2233,819,999,485,78.3,10.7,15034,2274,(X),(X),(X),(X),(X),(X),(X),(X),18305,16340,1961,704,1257,873,384,4,18458,18018,17837,11423,6414,181,440,440,33,407,621,181,111,70,440,297,143,440,93,232,0,0,58,57,17674,17046,628,304,238,86,43,7,347,211,0,0,18458,1110,0,74,118,428,3047,630,22,6306,0,16,3578,348,23,49,419,18,40,347,348,0,0,210,16,0,155,2
2009,Bollinger County; Missouri,4636,3408,1350,2769,1037,202,63,437,250,1228,1133,553,1508,1389,2.60,3.00,12037,4636,2770,3292,767,572,184,4697,1142,2889,51,112,503,4976,908,2964,127,626,351,247,123,117,87,14,216,14,276,130,85,29,017,13,27,5,130,62,109,2546,86,164,1338,648,310,8152,897,1149,3817,1185,383,478,243,74.9,8.8,9109,1354,(X),(X),(X),(X),(X),(X),(X),(X),11816,9879,1931,1106,825,560,265,6,12037,11949,11937,9393,2544,12,88,88,39,49,100,12,0,12,88,0,88,88,40,8,0,0,0,40,11223,11140,83,50,49,26,16,16,18,8,0,0,12037,1753,0,15,32,722,886,525,0,3477,28,17,2186,194,6,11,172,16,3,175,269,0,0,68,43,51,66,0
2009,Boone County; Missouri,63622,36350,18018,28151,12807,2075,1073,6124,4138,27272,17745,3720,19163,9879,2.25,2.82,143053,63622,28189,34769,3372,13101,4493,59425,24899,28696,545,742,4543,65236,24952,29494,1031,3608,6151,2380,692,25,51,11,83,22,1173,447,135,29,019,100,17,195,447,287,356,54357,2151,1772,13679,6887,29868,84633,1670,5125,19877,14821,5021,20832,17287,92.0,45.0,119008,10446,(X),(X),(X),(X),(X),(X),(X),(X),149811,108138,40013,25209,14804,10001,4803,1660,151836,143644,142502,94808,47694,1142,8192,8192,3044,5148,9334,1142,118,1024,8192,3504,4688,8192,1911,3997,710,115,1262,197,142097,131391,10706,3957,3487,1224,3084,960,3036,1387,1099,386,151836,9796,909,915,905,3338,21190,5496,490,45252,831,679,23957,4660,417,1939,2707,175,1319,4598,4163,209,1298,2126,902,284,1910,75
2009,Buchanan County; Missouri,33082,21486,9870,16036,6469,1667,900,3783,2501,11596,9628,3809,10908,8452,2.54,3.13,84053,33082,16057,25101,4534,5279,2240,34943,11658,17199,570,1063,4453,36432,8800,17222,830,4284,5296,1388,528,47,65,38,129,12,1604,641,190,29,021,213,72,166,641,398,474,22000,1209,1183,8886,5368,5354,58686,2717,6026,23593,12589,3058,7183,3520,85.1,18.2,67629,8292,(X),(X),(X),(X),(X),(X),(X),(X),87205,69017,18083,11627,6456,3881,2575,105,88476,86762,86444,64059,22385,318,1714,1714,687,1027,2032,318,46,272,1714,643,1071,1714,373,453,231,28,589,40,82485,79237,3248,1199,1700,635,1127,417,291,147,130,0,88476,8177,163,110,459,2099,9092,3361,315,24902,84,144,16199,2444,12,644,2260,154,225,1800,1677,15,245,1040,766,388,512,55
2009,Butler County; Missouri,16821,11116,4723,8060,2768,700,377,2356,1578,5705,5099,2012,5320,4660,2.38,2.92,40058,16821,8082,11307,1970,1878,900,15451,4110,8355,332,428,2226,17593,3225,8396,394,2515,3063,519,250,50,53,102,96,5,762,473,70,29,023,132,103,168,473,327,280,9238,791,600,3989,2112,1746,28081,2545,4341,10185,5125,1937,2473,1475,75.5,14.1,31372,4040,(X),(X),(X),(X),(X),(X),(X),(X),40645,33101,7476,5239,2237,1534,703,68,41293,40730,40471,29850,10621,259,563,563,307,256,822,259,46,213,563,158,405,563,102,248,0,0,213,0,38184,37160,1024,284,603,225,147,43,221,16,53,0,41293,6250,68,34,35,1085,3633,919,68,6223,56,46,6711,375,27,114,202,0,24,643,596,45,0,317,62,0,139,0
2009,Caldwell County; Missouri,3852,2694,1194,2243,905,114,79,337,210,1158,1040,392,1322,1008,2.30,2.80,8878,3852,2239,2389,218,180,162,3542,690,2239,11,164,438,3738,525,2379,60,450,324,129,41,58,63,100,131,12,167,122,53,29,025,5,5,59,122,75,70,2062,98,115,1040,585,224,6157,249,630,2882,1188,473,536,199,85.7,11.9,6806,1057,(X),(X),(X),(X),(X),(X),(X),(X),9054,8266,781,296,485,318,167,7,9192,9145,9093,6631,2462,52,47,47,22,25,99,52,10,42,47,7,40,47,8,26,1,0,11,1,8597,8462,135,16,73,9,29,2,11,1,22,4,9192,1210,3,19,21,245,1056,168,7,1789,12,2,1340,162,4,45,78,13,8,197,113,0,1,98,35,5,84,10
2009,Callaway County; Missouri,15786,11380,5272,9047,3857,560,322,1773,1093,4406,3673,1037,5834,3278,2.50,2.95,39449,15786,9062,11332,1803,1466,761,18111,5928,9544,186,247,2206,16986,4057,9400,236,1314,1979,538,210,42,51,8,131,3,891,519,135,29,027,190,50,144,519,275,399,10912,524,432,4425,2846,2685,28133,1157,3034,10936,5422,1864,3803,1917,85.1,20.3,33125,4003,(X),(X),(X),(X),(X),(X),(X),(X),42605,34460,8078,3847,4231,3315,916,67,43192,42736,42482,31066,11416,254,456,456,132,324,710,254,9,245,456,247,209,456,70,251,50,0,85,0,40488,39632,856,239,300,38,293,55,198,96,65,50,43192,8137,91,320,86,620,4703,1315,132,13251,62,18,6914,1406,0,176,436,125,210,735,832,19,154,448,192,0,399,30
2009,Camden County; Missouri,16108,11214,3242,9053,2156,581,315,1580,771,4894,3794,1270,3889,5219,2.46,2.84,39628,16108,9033,9726,1886,2875,1205,16435,3779,9379,270,432,2575,17256,3222,9341,285,1937,2471,267,147,34,33,36,76,2,718,509,218,29,029,62,90,139,509,378,237,7781,516,298,3398,1907,1662,29358,1012,2165,11169,7527,1719,3752,2014,89.2,19.6,32277,5592,(X),(X),(X),(X),(X),(X),(X),(X),39824,33091,6646,2959,3687,2187,1500,87,40150,39776,39521,23012,16509,255,374,374,227,147,629,255,29,226,374,107,267,374,153,83,29,0,85,24,37808,36988,820,170,426,117,309,37,26,0,59,16,40150,2675,163,335,240,1351,6397,1722,175,12732,131,127,7130,1354,127,538,469,18,386,964,893,44,29,678,295,166,407,0
2009,Cape Girardeau County; Missouri,28948,19097,8529,14376,5892,1290,462,3431,2175,9851,7912,2950,9344,6733,2.40,2.90,69354,28948,14337,19376,2609,4084,1450,28469,9168,15413,334,818,2736,30945,8491,14765,621,3534,3534,827,314,31,44,30,78,16,922,517,68,29,031,152,91,206,517,367,342,21276,1359,794,6877,3940,8306,44993,2360,4036,15915,9052,1889,7591,4150,85.8,26.1,56295,6555,(X),(X),(X),(X),(X),(X),(X),(X),71814,56888,14609,8368,6241,3954,2287,317,72621,71506,71247,53131,18116,259,1115,1115,496,619,1374,259,16,243,1115,532,583,1115,104,671,21,0,255,64,68113,65736,2377,843,1170,476,472,43,690,309,45,15,72621,6938,114,100,145,1746,6413,3017,63,26497,89,217,10097,1529,32,248,941,56,58,1466,1554,15,156,703,244,67,523,76
2009,Carroll County; Missouri,4156,2953,1261,2406,890,168,107,379,264,1203,1100,606,1326,1327,2.36,2.81,9807,4156,2393,2658,308,292,216,3805,875,2464,76,104,286,4090,639,2446,62,524,419,104,14,16,49,26,113,12,151,122,68,29,033,32,6,16,122,94,60,2173,128,58,1126,565,296,6659,342,602,3148,1216,326,692,333,85.8,15.4,7404,827,(X),(X),(X),(X),(X),(X),(X),(X),9713,9054,659,300,359,304,55,0,9816,9725,9661,8368,1293,64,91,91,28,63,155,64,41,23,91,63,28,91,32,38,13,0,0,8,9249,9091,158,122,57,24,63,60,38,38,0,0,9816,1098,0,38,43,224,924,189,7,2361,0,7,1404,156,0,62,28,31,0,156,270,0,13,110,57,0,77,0
2009,Carter County; Missouri,2395,1486,637,1159,425,91,70,236,142,909,856,408,649,727,2.46,3.24,5884,2395,1161,1998,167,163,108,2218,558,1236,67,49,308,2456,547,1161,89,336,323,37,21,30,27,45,62,0,72,19,3,29,035,0,0,16,19,19,0,1334,51,82,718,248,235,3968,398,517,1685,783,263,204,118,76.9,8.1,4407,478,(X),(X),(X),(X),(X),(X),(X),(X),5831,5154,677,521,156,108,48,0,5894,5856,5820,4395,1425,36,38,38,38,0,74,36,22,14,38,0,38,38,30,0,0,0,8,0,5481,5383,98,49,37,0,0,0,23,11,38,38,5894,986,0,19,0,128,475,215,0,1142,40,37,966,48,0,0,16,7,0,86,149,0,0,35,17,0,45,69
2009,Cass County; Missouri,35957,27456,13245,22026,9772,1507,870,3923,2603,8501,7208,2983,14237,8186,2.68,3.06,96525,35957,22081,30548,4012,3927,2054,36733,8580,23098,585,839,3631,38907,7239,22709,679,3464,4816,1376,416,42,56,18,129,15,1745,712,147,29,037,149,127,289,712,337,514,25978,1644,1732,11721,6135,4746,63183,1532,3970,23842,15949,4623,9364,3903,91.3,21.0,70722,9404,(X),(X),(X),(X),(X),(X),(X),(X),95995,80897,14900,7604,7296,5188,2108,198,97203,95296,94675,60118,34557,621,1907,1907,814,1093,2528,621,107,514,1907,339,1568,1907,351,525,43,7,834,147,90714,87436,3278,1125,1869,731,1001,191,387,203,21,0,97203,9700,124,431,523,2205,12348,3073,573,26582,332,177,15551,3225,86,1428,1400,96,350,2512,2241,42,190,1565,303,74,687,66
2009,Cedar County; Missouri,6044,4507,1615,3614,931,197,97,696,587,1537,1202,493,1839,1965,2.27,2.57,13741,6044,3579,3139,372,607,406,5481,1190,3683,89,106,413,5834,812,3711,96,633,582,228,106,85,78,128,117,40,282,161,28,29,039,13,6,114,161,75,138,3267,272,82,1428,811,674,9560,586,900,4577,1791,637,687,382,84.5,11.2,10626,1939,(X),(X),(X),(X),(X),(X),(X),(X),13646,11254,2383,1220,1163,641,522,9,13790,13566,13513,7904,5609,53,224,224,175,49,277,53,0,53,224,0,224,224,59,29,0,0,136,0,13015,12708,307,33,251,0,39,16,17,17,0,0,13790,1666,0,21,17,355,1727,416,29,4389,25,9,1936,269,9,282,90,26,72,371,217,0,0,221,163,17,110,7
2009,Chariton County; Missouri,3303,2227,860,1860,624,136,85,231,151,1076,895,384,903,935,2.21,2.68,7290,3303,1837,1796,101,253,226,3065,546,1965,11,187,356,3329,503,1930,28,582,286,57,0,0,35,38,62,18,44,33,5,29,041,6,11,11,33,25,12,1754,148,63,818,378,347,5428,302,567,2540,975,228,551,265,84.0,15.0,6067,850,(X),(X),(X),(X),(X),(X),(X),(X),7710,6876,826,437,389,307,82,8,7777,7672,7648,6390,1258,24,105,105,72,33,129,24,1,23,105,63,42,105,25,39,0,0,41,0,7346,7248,98,31,50,6,27,10,18,15,3,0,7777,603,0,8,4,151,870,144,3,2821,7,3,889,77,0,22,15,4,12,78,157,2,5,121,15,0,105,0
2009,Christian County; Missouri,27143,20974,10308,17323,8008,1162,588,2489,1712,6169,4954,1907,11016,5639,2.66,3.03,72242,27143,17279,21924,3428,2468,1137,27263,5911,18276,334,381,2361,29200,4974,18386,383,2275,3182,1099,187,27,58,21,125,12,1355,354,117,29,043,50,44,143,354,203,328,19043,1343,1100,8619,4086,3895,47527,1065,3023,15327,12579,3374,8723,3436,91.4,25.6,53169,6644,(X),(X),(X),(X),(X),(X),(X),(X),71659,57427,14109,6299,7810,5464,2346,123,72551,71467,71079,40774,30305,388,1084,1084,583,501,1472,388,65,323,1084,354,730,1084,320,233,13,22,483,13,67287,64868,2419,563,1582,451,637,73,143,39,57,0,72551,17555,53,273,308,2063,7770,2479,356,16787,190,76,9305,1699,9,1030,1085,241,287,1385,1924,11,10,990,144,72,473,127
2009,Clark County; Missouri,2994,2062,898,1757,701,88,55,217,142,932,826,435,966,933,2.39,2.88,7168,2994,1763,1928,189,294,154,2823,579,1886,22,65,271,2931,400,1778,34,445,274,92,11,19,60,0,129,32,99,36,0,29,045,4,0,32,36,20,32,1736,141,134,783,404,274,4891,306,412,2231,1024,304,451,163,85.3,12.6,5403,662,(X),(X),(X),(X),(X),(X),(X),(X),7107,6250,857,500,357,63,294,0,7178,7145,7137,2404,4733,8,33,33,10,23,41,8,3,5,33,26,7,33,4,10,0,0,19,0,6744,6495,249,54,72,25,162,14,12,12,3,3,7178,685,0,11,2,237,931,312,82,2650,13,0,1290,19,0,80,186,2,45,159,241,0,3,180,7,0,37,0
2009,Clay County; Missouri,86431,58767,28306,45950,20367,3650,2182,9167,5757,27664,22762,6180,30532,16412,2.48,3.01,214628,86431,45882,63651,8552,10112,5118,82678,23510,48089,1272,1577,8230,88871,21841,47206,1920,6925,10979,2982,565,21,52,28,98,17,3176,1265,341,29,047,249,396,279,1265,711,991,55130,4034,3678,23027,12179,12212,144179,3533,9459,44758,33741,10353,29131,13204,91.0,29.4,162219,19108,(X),(X),(X),(X),(X),(X),(X),(X),215204,177568,36992,19729,17263,11037,6226,644,217596,208475,206996,127572,79424,1479,9121,9121,4176,4945,10600,1479,176,1303,9121,3184,5937,9121,1678,3417,788,147,2757,334,201723,189068,12655,5295,5960,2393,2958,1061,3131,1627,606,214,217596,22298,890,1369,1140,4957,28205,6536,1025,63107,616,273,39548,12114,315,2725,4843,345,1079,5531,5376,169,953,4264,928,308,2209,183
2009,Clinton County; Missouri,8165,5662,2428,4718,1798,284,211,660,419,2503,2060,754,2803,1877,2.49,2.97,20325,8165,4715,5755,706,984,513,7994,1812,4790,151,222,1019,8611,1420,4907,126,1034,1124,289,73,37,59,12,137,19,378,125,65,29,049,14,23,23,125,68,95,4712,267,241,2314,1197,693,14023,270,1142,5818,3238,1000,1673,882,89.9,18.2,15667,1950,(X),(X),(X),(X),(X),(X),(X),(X),20613,18010,2567,936,1631,1322,309,36,20810,20612,20523,14130,6393,89,198,198,110,88,287,89,4,85,198,43,155,198,96,7,9,0,42,44,19484,18949,535,103,287,79,222,20,16,4,10,0,20810,2719,0,98,167,934,2968,710,57,5516,0,31,3764,503,3,270,493,0,155,944,465,16,6,411,43,49,111,0
2009,Cole County; Missouri,29034,19259,8755,15432,6375,836,420,2991,1960,9775,8213,2397,9519,5928,2.40,2.97,69750,29034,15425,20429,2006,2856,1341,29288,8678,16344,380,582,3304,30071,7091,15764,622,2770,3824,827,269,30,45,14,104,6,901,515,80,29,051,177,76,182,515,308,385,20014,997,761,7849,4766,5641,47996,2224,3802,15150,9350,2860,10171,4439,87.4,30.4,55894,6563,(X),(X),(X),(X),(X),(X),(X),(X),72957,59900,12909,6136,6773,5190,1583,148,73737,71608,71084,55225,15859,524,2129,2129,972,1157,2653,524,93,431,2129,739,1390,2129,287,707,489,0,646,0,68863,65674,3189,1124,1555,591,735,240,412,233,487,60,73737,5067,275,198,132,1505,7414,3013,85,32549,47,96,8579,1450,15,467,829,63,244,1481,1522,42,877,758,364,3,462,173
2009,Cooper County; Missouri,6242,4274,1902,3434,1356,363,264,477,282,1968,1697,723,2076,1689,2.54,3.07,15829,6242,3438,4806,601,742,365,7763,2908,3749,220,146,740,6447,1374,3446,149,759,719,233,67,40,65,5,147,25,202,68,47,29,053,0,16,5,68,39,57,4358,245,144,1813,1430,726,11246,655,1355,4506,2323,827,1175,405,82.1,14.0,13472,1500,(X),(X),(X),(X),(X),(X),(X),(X),17140,13851,3249,1036,2213,1948,265,40,17371,17245,17156,13302,3854,89,126,126,40,86,215,89,0,89,126,34,92,126,58,0,12,0,53,3,16391,16003,388,158,199,116,174,42,10,0,5,0,17371,1586,6,50,31,317,1841,564,34,6354,50,4,2428,378,0,94,122,21,2,356,236,12,23,133,205,2,155,12
2009,Crawford County; Missouri,8939,6056,2410,4690,1480,469,289,897,641,2883,2402,874,2715,2263,2.63,3.19,23472,8939,4652,7384,1233,1264,512,9206,2650,5144,174,222,1016,9613,1951,4953,291,1005,1413,361,209,76,66,104,116,16,523,184,71,29,055,53,7,53,184,115,161,5734,255,396,2734,1538,811,15890,1311,2389,6601,3204,782,1055,548,76.7,10.1,17742,2225,(X),(X),(X),(X),(X),(X),(X),(X),23493,19109,4384,2884,1500,1143,357,0,23825,23643,23539,18757,4782,104,182,182,129,53,286,104,49,55,182,71,111,182,49,48,0,0,85,0,22227,21858,369,98,286,76,65,4,18,18,0,0,23825,2140,10,60,61,533,2842,1942,13,6946,0,22,4010,1118,0,26,271,0,136,753,338,0,0,366,51,0,51,0
2009,Dade County; Missouri,3225,2162,836,1735,570,152,87,275,179,1063,972,453,942,1132,2.32,2.85,7493,3225,1715,1833,441,279,162,2999,603,1833,81,97,385,3132,416,1852,66,465,333,58,7,12,39,0,103,11,139,86,27,29,057,22,9,28,86,50,64,1540,98,113,745,418,166,5310,350,626,2443,1152,222,388,129,81.6,9.7,5813,836,(X),(X),(X),(X),(X),(X),(X),(X),7448,6349,1093,501,592,469,123,6,7503,7484,7460,4829,2631,24,19,19,17,2,43,24,0,24,19,0,19,19,3,14,0,0,2,0,7101,6821,280,37,56,14,224,23,0,0,0,0,7503,1079,0,41,4,165,976,313,11,2210,0,9,1243,125,0,45,136,4,5,267,125,12,0,107,174,0,68,2
2009,Dallas County; Missouri,6141,4476,1900,3404,1272,209,88,863,540,1665,1383,708,2129,1770,2.67,3.14,16402,6141,3401,5262,918,680,284,6523,1711,3634,63,203,912,6594,1248,3582,149,733,882,212,57,32,56,102,104,9,378,357,122,29,059,29,40,166,357,212,306,3205,131,239,1820,698,317,11029,781,1465,5253,2002,332,983,213,79.6,10.8,12374,1577,(X),(X),(X),(X),(X),(X),(X),(X),16215,13524,2620,1150,1470,956,514,71,16579,16406,16264,10312,5952,142,173,173,40,133,315,142,10,132,173,49,124,173,98,0,0,9,66,0,15423,14347,1076,206,224,104,793,93,59,9,0,0,16579,2269,0,99,26,380,1666,472,9,3724,33,71,1954,389,0,153,237,0,50,523,408,0,0,242,178,0,177,0
2009,Daviess County; Missouri,3143,2222,924,1807,660,148,66,267,198,921,813,376,1023,916,2.54,3.03,7992,3143,1806,2309,385,349,144,3039,671,1875,91,106,296,3222,573,1864,51,386,348,135,66,87,78,81,127,37,186,93,30,29,061,19,17,27,93,53,81,1944,112,51,1061,398,322,5246,382,505,2349,964,366,481,199,83.1,13.0,5881,725,(X),(X),(X),(X),(X),(X),(X),(X),7910,7132,754,364,390,221,169,24,8061,8037,7977,6088,1889,60,24,24,16,8,84,60,0,60,24,2,22,24,16,0,0,0,0,8,7463,6891,572,223,103,85,469,138,0,0,0,0,8061,1980,0,31,7,258,953,176,19,2052,9,7,1051,109,3,27,43,0,19,136,127,24,16,50,92,2,90,0
2009,DeKalb County; Missouri,3862,2452,1084,2059,814,187,131,206,139,1410,1256,470,1148,1014,2.51,3.32,9682,3862,2150,2891,637,142,90,6780,2568,2785,242,167,1018,3687,634,2112,20,394,527,82,2,2,40,0,110,5,125,69,0,29,063,0,3,66,69,33,64,2807,154,180,932,1057,484,8916,331,1109,4334,1495,394,847,406,83.8,14.1,10037,1555,(X),(X),(X),(X),(X),(X),(X),(X),12136,9682,2327,676,1651,1304,347,127,12235,11892,11881,8671,3210,11,343,343,144,199,354,11,3,8,343,105,238,343,78,120,23,40,75,7,11649,11099,550,89,286,79,181,10,19,0,64,0,12235,1179,29,28,57,671,1287,203,39,3444,21,44,2144,327,0,119,82,4,7,463,284,0,49,173,50,8,124,20
2009,Dent County; Missouri,6111,4297,1740,3421,1227,261,139,615,374,1814,1568,854,1966,2003,2.45,2.87,14947,6111,3393,3931,715,797,345,5943,1421,3630,125,197,570,6266,1018,3487,156,874,731,186,80,57,56,28,127,15,292,191,80,29,065,42,29,40,191,102,164,2995,84,209,1678,719,305,10405,1203,1461,4173,1910,574,709,375,74.4,10.4,11557,1683,(X),(X),(X),(X),(X),(X),(X),(X),14860,12743,2096,1160,936,605,331,21,15036,14899,14792,10973,3819,107,137,137,102,35,244,107,0,107,137,19,118,137,45,33,0,5,0,54,14103,13941,162,43,69,17,59,8,34,18,0,0,15036,928,8,35,21,593,1702,583,65,3807,7,4,2913,501,0,88,119,0,19,320,202,0,0,115,51,3,141,26
2009,Douglas County; Missouri,4851,3282,1093,2788,820,177,60,317,213,1569,1488,684,1205,1634,2.75,3.41,13337,4851,2754,4122,1039,571,164,5335,1326,3092,124,133,660,5594,1119,2779,104,726,866,218,153,97,75,96,184,3,255,122,39,29,067,81,0,2,122,69,83,3713,126,52,1706,957,872,8927,687,1239,3866,1831,302,657,345,78.4,11.2,10299,1570,(X),(X),(X),(X),(X),(X),(X),(X),13233,12587,646,339,307,194,113,0,13470,13320,13185,8207,4978,135,150,150,42,108,285,135,0,135,150,0,150,150,111,25,0,0,14,0,12887,12734,153,31,66,19,40,0,25,0,22,12,13470,1309,0,34,53,596,2243,289,62,2046,39,3,2622,92,13,17,114,21,20,201,371,0,0,33,15,0,126,0
2009,Dunklin County; Missouri,13253,8796,3925,5894,2135,704,394,2198,1396,4457,3953,1798,4461,3828,2.26,2.73,29904,13253,5885,8107,1230,1429,799,11594,3166,5982,325,479,1642,13244,2290,6468,417,2141,1928,463,182,57,64,104,115,12,727,432,42,29,069,121,41,228,432,316,308,6948,642,507,3302,1656,841,21015,2981,3562,7823,3464,982,1238,965,68.9,10.5,23436,2535,(X),(X),(X),(X),(X),(X),(X),(X),31043,24559,6446,3595,2851,1661,1190,38,31528,30778,30714,21447,9267,64,750,750,100,650,814,64,46,18,750,306,444,750,27,29,0,0,694,0,29212,27958,1254,612,1120,593,109,16,25,3,0,0,31528,3780,0,16,22,504,2155,882,0,3706,21,40,4592,217,13,61,65,3,0,325,270,0,13,138,63,29,115,0
2009,Franklin County; Missouri,38104,27308,12483,21917,9105,1841,1102,3550,2276,10796,9091,3491,13575,9024,2.60,3.08,99103,38104,21925,30329,4666,4079,2327,38895,10401,22826,616,976,4076,40228,8115,22656,1015,3961,4481,1409,296,29,58,28,117,23,1936,815,138,29,071,188,173,316,815,452,685,24646,1534,1483,11481,5734,4414,65976,4030,6884,23032,15570,5476,7052,3932,83.5,16.6,74402,9064,(X),(X),(X),(X),(X),(X),(X),(X),98745,85693,12977,7880,5097,3650,1447,75,99866,99115,98745,79834,18911,370,751,751,364,387,1121,370,68,302,751,184,567,751,274,262,0,0,168,47,93221,91516,1705,552,753,265,660,179,238,108,54,0,99866,9807,73,915,160,2228,8176,5437,224,41405,244,406,16355,4281,38,389,2419,11,426,1656,1753,135,0,705,393,159,548,0
2009,Gasconade County; Missouri,6525,4454,1851,3543,1254,289,174,622,423,2071,1823,878,2080,2084,2.33,2.78,15222,6525,3549,3868,523,757,492,6152,1396,3572,127,265,792,6478,1099,3734,132,728,785,209,51,34,62,9,158,11,267,143,38,29,073,56,14,35,143,85,118,3354,110,109,1610,924,601,10710,855,1116,4367,2278,758,812,524,81.6,12.5,11916,1620,(X),(X),(X),(X),(X),(X),(X),(X),15176,13052,2114,1184,930,870,60,10,15327,15109,15061,12251,2810,48,218,218,164,54,266,48,5,43,218,28,190,218,158,26,0,5,29,0,14505,14031,474,123,127,61,303,46,20,16,24,0,15327,1390,0,139,69,489,1296,736,5,7632,46,67,2128,295,13,12,415,0,20,210,302,0,0,117,92,31,104,0
2009,Gentry County; Missouri,2663,1766,661,1454,491,94,31,218,139,897,799,395,741,870,2.26,2.78,6007,2663,1464,1552,132,196,86,2458,490,1563,21,89,295,2607,392,1469,36,395,315,68,14,28,54,0,174,5,77,50,7,29,075,16,6,21,50,27,47,1338,111,46,646,408,127,4274,269,488,2032,668,269,387,161,82.3,12.8,4773,671,(X),(X),(X),(X),(X),(X),(X),(X),6164,5423,741,380,361,250,111,0,6249,6216,6197,4740,1457,19,33,33,7,26,52,19,11,8,33,22,11,33,7,10,0,0,3,13,5843,5587,256,150,29,0,227,150,0,0,0,0,6249,858,0,11,28,136,776,195,13,1669,7,0,877,29,0,33,36,0,11,91,138,2,0,99,8,0,40,0
2009,Greene County; Missouri,111263,67659,28750,51732,19291,4544,2274,11383,7185,43604,34206,10410,31477,25142,2.26,2.83,250991,111263,51688,64100,8234,15706,7271,103383,34771,54250,1491,1984,10887,112477,30935,53326,1889,11539,14788,3822,1005,27,55,22,97,18,3447,1802,393,29,077,180,252,977,1802,1131,1270,72815,3806,2962,24016,11756,30275,163187,5375,13982,49477,40738,9749,28494,15372,88.1,26.9,206347,23463,(X),(X),(X),(X),(X),(X),(X),(X),259313,197923,60322,36433,23889,13868,10021,1068,262887,256177,253645,157576,96069,2532,6710,6710,3222,3488,9242,2532,256,2276,6710,2426,4284,6710,1347,2695,299,54,1861,454,246180,234361,11819,3557,6190,1491,2794,756,2427,1213,408,97,262887,38498,586,1021,1168,5873,34597,9254,1031,61312,546,579,37854,6955,259,3048,3775,319,1161,7263,6774,169,487,4209,787,494,2240,173
2009,Grundy County; Missouri,4370,2707,1061,2344,816,108,89,255,156,1663,1545,730,1209,1446,2.25,2.91,9818,4370,2339,2491,330,288,141,3914,842,2480,131,116,345,4249,566,2428,98,701,456,133,24,30,64,38,147,13,245,194,127,29,079,18,7,42,194,81,194,2050,82,173,1051,412,332,6908,390,832,2814,1519,481,549,323,82.3,12.6,7767,886,(X),(X),(X),(X),(X),(X),(X),(X),9925,8398,1527,956,571,376,195,0,10088,10004,9853,7484,2369,151,84,84,55,29,235,151,68,83,84,0,84,84,23,16,0,0,4,41,9431,8986,445,131,155,31,274,100,16,0,0,0,10088,934,0,42,3,352,1326,258,71,2154,0,9,1595,181,0,61,71,0,4,286,197,0,0,136,68,2,39,0
2009,Harrison County; Missouri,3628,2427,1019,2021,737,149,96,257,186,1201,1084,666,1139,1308,2.39,2.96,8689,3628,2053,2353,346,309,162,3316,728,2041,25,140,382,3746,497,2154,33,535,527,144,27,35,80,34,187,5,232,104,19,29,081,15,32,38,104,63,78,1806,118,214,716,466,292,6121,335,572,3044,1276,339,412,143,85.2,9.1,6714,914,(X),(X),(X),(X),(X),(X),(X),(X),8637,7708,929,515,414,152,262,0,8750,8669,8606,5670,2936,63,81,81,39,42,144,63,0,63,81,14,67,81,11,52,0,0,18,0,8152,7887,265,117,71,8,156,71,38,38,0,0,8750,1611,0,85,34,209,874,240,9,1499,49,6,1505,230,11,36,54,0,0,102,156,0,4,118,5,0,16,0
2009,Henry County; Missouri,9454,6251,2561,5094,1817,309,194,848,550,3203,2803,1046,2783,2810,2.32,2.86,21928,9454,5123,5723,759,869,568,8788,2026,5162,132,315,1153,9399,1481,5343,115,1223,1237,264,66,33,56,8,121,18,272,170,17,29,083,48,39,66,170,92,134,4557,273,273,2286,1105,620,15747,920,1815,6786,3167,700,1498,861,82.6,15.0,17238,2510,(X),(X),(X),(X),(X),(X),(X),(X),22050,18216,3821,2553,1268,956,312,13,22294,22095,22010,16325,5685,85,199,199,122,77,284,85,12,73,199,23,176,199,107,44,0,0,48,0,20976,20541,435,237,137,66,260,151,29,20,9,0,22294,3070,2,68,46,561,2804,500,66,6720,36,0,3791,544,3,75,372,15,72,610,415,0,57,268,117,0,92,0
2009,Hickory County; Missouri,4120,2809,785,2341,579,188,68,280,138,1311,1140,525,880,1698,2.17,2.60,8948,4120,2336,1759,412,321,245,3727,697,2298,90,92,550,4034,556,2428,26,593,431,56,22,28,34,37,99,0,125,86,3,29,085,0,38,45,86,47,55,1598,112,57,779,433,217,6858,271,1179,3194,1376,352,333,153,78.9,7.1,7410,1392,(X),(X),(X),(X),(X),(X),(X),(X),8968,7792,1176,604,572,260,312,0,9022,8983,8953,6156,2797,30,39,39,39,0,69,30,0,30,39,0,39,39,7,26,0,0,0,6,8635,8469,166,37,73,0,25,11,34,26,34,0,9022,1061,0,20,10,315,1605,465,44,2182,0,1,1388,177,6,92,155,26,2,485,276,3,0,151,0,13,70,45
2009,Holt County; Missouri,2287,1563,580,1330,439,82,63,151,78,724,617,333,652,757,2.15,2.53,4919,2287,1276,1037,81,238,176,2042,374,1349,35,80,204,2061,258,1292,15,288,208,70,5,14,70,0,221,9,48,29,4,29,087,16,0,9,29,20,20,958,71,87,415,254,131,3525,133,262,1741,723,102,360,204,88.8,16.0,3876,513,(X),(X),(X),(X),(X),(X),(X),(X),4873,4245,627,334,293,208,85,1,4937,4884,4859,3622,1237,25,53,53,29,24,78,25,1,24,53,2,51,53,5,27,0,0,21,0,4656,4539,117,19,66,1,25,11,26,7,0,0,4937,628,0,9,25,117,484,84,7,1593,0,5,593,35,0,27,39,0,2,102,77,0,0,39,26,0,20,0
2009,Howard County; Missouri,3749,2470,1118,1949,739,103,67,418,312,1279,1162,478,1200,1019,2.34,2.92,8761,3749,2008,2464,268,272,154,3961,1331,2032,35,164,399,4173,1080,2093,118,495,387,202,58,50,84,27,187,6,94,66,0,29,089,23,0,43,66,34,66,2502,96,139,927,503,837,6380,386,446,2755,1272,275,833,413,87.0,19.5,7758,846,(X),(X),(X),(X),(X),(X),(X),(X),9723,8148,1560,663,897,813,84,15,9859,9751,9704,7658,2046,47,108,108,66,42,155,47,14,33,108,35,73,108,41,54,0,0,3,10,9266,9097,169,67,71,0,42,20,56,47,0,0,9859,899,0,15,16,143,940,246,9,3409,0,0,1268,137,0,58,102,0,9,239,154,0,10,81,31,0,102,0
2009,Howell County; Missouri,14969,10593,4368,8391,2908,670,437,1532,1023,4376,3749,1816,4700,4553,2.56,3.05,38261,14969,8436,11651,1650,1555,709,14570,3474,8838,203,523,1532,16050,2753,8798,192,2020,2287,394,164,42,46,19,102,8,659,412,99,29,091,131,88,94,412,242,341,8962,587,509,4104,2320,1442,25783,1848,3129,11067,5191,1255,1898,1395,80.7,12.8,28929,4408,(X),(X),(X),(X),(X),(X),(X),(X),38095,34057,3981,2542,1439,737,702,57,38561,37956,37792,23319,14473,164,605,605,210,395,769,164,0,164,605,353,252,605,270,111,11,5,170,38,35870,34962,908,399,490,199,366,174,41,26,11,0,38561,4319,4,30,56,940,4768,1312,60,7471,14,35,6332,535,17,244,329,0,240,971,632,0,40,349,165,37,132,2
2009,Iron County; Missouri,4157,2742,1183,2214,821,150,104,378,258,1415,1233,537,1325,1223,2.31,2.85,9610,4157,2203,2518,350,382,207,3920,893,2251,106,92,578,4223,725,2295,175,593,435,112,42,48,51,17,126,5,175,86,38,29,093,5,15,28,86,59,54,2143,120,174,1001,587,261,6875,678,986,2860,1188,354,546,263,75.8,11.8,7662,1073,(X),(X),(X),(X),(X),(X),(X),(X),9968,8288,1676,879,797,609,188,4,10083,10045,10033,8442,1591,12,38,38,30,8,50,12,0,12,38,4,34,38,12,26,0,0,0,0,9453,9427,26,1,25,1,1,0,0,0,0,0,10083,953,3,0,14,228,1064,768,22,2691,18,17,1709,357,25,0,84,0,24,124,135,2,0,21,26,2,57,0
2009,Jackson County; Missouri,269515,165506,76522,114138,46501,11491,5983,39877,24038,104009,87851,26524,85686,59859,2.53,3.23,681952,269515,114012,209166,45873,43386,15635,260513,93375,123922,5218,6780,31218,285576,85343,120402,8742,28564,42525,9606,3796,38,54,35,97,21,14164,6529,1654,29,095,1569,1157,2149,6529,4554,3935,173630,12574,9098,73346,36702,41910,457320,18217,42209,139674,105052,28995,78767,44406,86.8,26.9,516735,54916,(X),(X),(X),(X),(X),(X),(X),(X),679139,557930,119014,83937,35077,13804,21273,2195,689651,651303,646669,412615,234054,4634,38348,38348,13920,24428,42982,4634,601,4033,38348,14897,23451,38348,3979,8547,3218,306,21420,878,637733,583536,54197,25065,35825,18140,7576,1711,7287,4149,3509,1065,689651,66504,2448,2519,3376,11910,68797,17527,2002,137544,1570,1036,88681,23382,629,6748,10006,397,2788,14921,12608,1003,5570,9542,1750,403,5301,1437
2009,Jasper County; Missouri,43625,28982,14144,21578,8992,1750,1091,5654,4061,14643,11896,4788,15622,10624,2.57,3.13,112086,43625,21625,33864,6100,6872,3090,42941,13086,22825,733,1079,5218,46813,10315,22930,1523,4998,7047,1793,521,37,62,35,115,15,1994,1004,221,29,097,166,87,530,1004,603,742,28439,1887,1587,12610,6443,5912,73646,4035,9655,25749,16574,4399,8920,4314,81.4,18.0,84898,8949,(X),(X),(X),(X),(X),(X),(X),(X),113011,91239,21440,14546,6894,3644,3250,332,114756,110665,109763,69128,40635,902,4091,4091,1282,2809,4993,902,147,755,4091,1297,2794,4091,558,778,35,70,2598,52,105764,98906,6858,2771,4996,2249,919,198,903,305,40,19,114756,10999,67,194,402,2967,15345,3997,248,23421,144,178,16569,2889,38,843,1281,34,280,2622,1975,29,80,1276,217,48,830,155
2009,Jefferson County; Missouri,80143,59045,27542,46775,20189,3794,2051,8476,5302,21098,17008,5481,30314,15840,2.67,3.09,213808,80143,46754,67321,9439,10151,5457,84232,23481,48711,1198,1967,8875,86628,18296,48387,1108,7300,11537,3593,1117,45,65,16,138,20,4472,1955,368,29,099,485,471,631,1955,1143,1481,54958,3441,2682,24385,12782,11668,143098,6241,15815,49542,35036,13257,15396,7811,84.6,16.2,160892,18926,(X),(X),(X),(X),(X),(X),(X),(X),212186,185855,25868,14966,10902,8623,2279,463,215386,211339,210430,171249,39181,909,4047,4047,2194,1853,4956,909,35,874,4047,947,3100,4047,2172,1077,85,46,582,85,200745,193759,6986,2256,2634,708,3264,1089,1051,459,37,0,215386,17697,439,2313,577,4295,21464,16783,828,81507,583,945,40732,11527,56,1044,6059,50,830,3596,3738,226,174,1304,999,430,973,44
2009,Johnson County; Missouri,18507,12056,5424,9949,4147,560,267,1547,1010,6451,4619,1639,5916,3766,2.61,3.13,48241,18507,9967,13601,2079,4087,1108,20977,8125,9987,295,521,2049,21299,6573,10903,392,1579,1852,681,91,12,46,13,77,23,745,409,101,29,101,83,84,141,409,282,289,18426,627,825,4861,2670,9443,28328,1045,1983,9389,7107,1980,3973,2851,89.3,24.1,37497,5338,(X),(X),(X),(X),(X),(X),(X),(X),51340,37211,13347,6874,6473,3826,2647,782,51997,50239,49183,29950,19233,1056,1758,1758,741,1017,2814,1056,185,871,1758,857,901,1758,256,746,244,32,446,34,48484,45854,2630,638,1199,345,526,139,583,84,322,70,51997,4704,124,119,393,1398,7108,1786,346,16049,54,67,8327,1701,48,763,1019,137,150,1018,1585,63,385,899,97,78,536,34
2009,Knox County; Missouri,1750,1086,377,896,302,77,18,113,57,664,583,220,429,494,2.20,2.83,3842,1750,894,971,119,108,70,1568,393,918,16,81,160,1716,258,941,10,336,171,17,17,49,20,0,41,14,59,16,13,29,103,3,0,0,16,12,11,835,87,21,406,216,105,2728,152,235,1371,464,104,212,190,85.8,14.7,3103,397,(X),(X),(X),(X),(X),(X),(X),(X),4019,3343,655,231,424,283,141,21,4040,4030,4006,2695,1311,24,10,10,9,1,34,24,0,24,10,0,10,10,0,2,0,0,8,0,3803,3751,52,32,25,11,25,19,2,2,0,0,4040,514,3,8,0,69,439,66,3,1351,25,20,621,39,27,6,18,0,0,52,160,0,0,55,1,0,3,2
2009,Laclede County; Missouri,14239,9947,4297,7798,3004,662,315,1487,978,4292,3602,1562,4934,3772,2.44,2.89,34736,14239,7830,9376,1576,1715,885,13454,3018,8169,319,278,1670,14218,2379,8052,318,1653,1816,449,122,36,55,51,110,11,761,452,231,29,105,157,10,54,452,255,315,8354,563,615,3834,1947,1395,23179,1416,3146,9703,4857,1259,1990,808,80.3,12.1,25950,3458,(X),(X),(X),(X),(X),(X),(X),(X),34513,27871,6607,4286,2321,1542,779,35,35046,34543,34260,23162,11098,283,503,503,405,98,786,283,23,260,503,99,404,503,151,125,60,0,146,21,32617,31809,808,339,432,214,202,43,132,75,42,7,35046,4571,39,27,55,631,3614,1210,11,6429,28,18,4003,561,16,172,313,0,46,717,458,0,55,194,34,0,107,10
2009,Lafayette County; Missouri,13337,9503,4323,7549,3108,570,367,1384,848,3834,3391,1486,4616,3537,2.36,2.81,31476,13337,7547,8738,871,983,640,12784,3359,7579,226,349,1271,13572,2269,7975,171,1558,1599,545,214,72,72,50,172,11,474,243,115,29,107,98,8,22,243,129,193,7407,385,413,3476,1976,1157,22060,1323,2233,9116,4725,1302,2332,1029,83.9,15.2,24704,2957,(X),(X),(X),(X),(X),(X),(X),(X),32342,27989,4308,2804,1504,1299,205,45,32741,32454,32219,25165,7054,235,287,287,158,129,522,235,20,215,287,94,193,287,74,48,0,0,137,28,30681,29982,699,171,483,133,188,15,23,23,5,0,32741,3173,31,73,152,1081,3576,884,84,12753,136,2,5192,939,23,236,221,0,37,887,779,22,23,530,25,35,343,0
2009,Lawrence County; Missouri,14062,9989,4761,7679,3124,808,643,1502,994,4073,3675,1574,5160,3819,2.63,3.14,36927,14062,7620,11682,2118,1445,678,14235,3468,8245,331,334,1857,15037,2836,8108,485,1605,2003,489,139,37,56,40,108,25,788,325,51,29,109,62,55,157,325,189,216,8813,542,757,3925,2562,1027,24512,1794,3037,9934,4982,1381,2281,1103,80.3,13.8,27332,3401,(X),(X),(X),(X),(X),(X),(X),(X),36924,31517,5372,2642,2730,2097,633,35,37351,36287,36184,23923,12261,103,1064,1064,253,811,1167,103,13,90,1064,297,767,1064,197,73,19,11,758,6,34773,32626,2147,952,1309,744,772,179,37,10,29,19,37351,4939,77,119,241,1106,4559,1461,116,8809,72,162,5137,635,0,241,531,56,27,736,1023,48,0,601,188,13,209,139
2009,Lewis County; Missouri,3882,2700,1136,2273,919,174,68,253,149,1182,979,477,1297,1214,2.37,2.83,9192,3882,2259,2408,278,365,255,3943,1199,2263,20,128,333,4169,961,2357,33,492,326,131,25,24,56,0,160,0,182,70,3,29,111,3,4,60,70,39,61,2708,124,105,1010,454,1015,6415,346,601,3001,1216,302,689,260,85.2,14.8,7694,887,(X),(X),(X),(X),(X),(X),(X),(X),9842,8388,1454,697,757,346,411,0,9951,9847,9744,4185,5559,103,104,104,26,78,207,103,0,103,104,87,17,104,19,26,46,0,0,13,9374,8739,635,189,49,3,540,186,0,0,46,0,9951,817,0,54,0,342,1295,240,10,3758,61,3,1326,226,15,36,77,0,3,147,192,0,73,35,13,39,23,0
2009,Lincoln County; Missouri,15700,11943,5918,9415,4325,460,243,2068,1350,3757,3205,1210,6551,3123,3.21,3.69,50446,15700,9414,18847,3880,2605,953,19478,5598,10215,577,710,2378,19776,4813,10264,556,1704,2439,634,47,8,48,5,102,16,1227,477,81,29,113,161,53,182,477,326,376,13356,861,1019,6371,3138,1967,32371,1894,3817,14256,7004,2127,2205,1068,82.4,10.1,36674,4524,(X),(X),(X),(X),(X),(X),(X),(X),50259,43154,7087,3405,3682,2215,1467,18,50926,50340,50147,39317,10830,193,586,586,270,316,779,193,13,180,586,267,319,586,190,23,0,20,345,8,47271,46231,1040,405,619,265,254,57,98,30,69,53,50926,3736,14,735,79,1527,4877,2388,72,19473,76,53,9750,2339,28,409,1945,49,203,1089,1104,23,73,247,68,81,119,73
2009,Linn County; Missouri,5375,3426,1371,2909,1077,123,61,394,233,1949,1735,932,1430,1855,2.37,3.03,12765,5375,2896,3709,340,445,267,4823,1026,2945,44,131,677,5382,820,3017,97,957,491,149,93,83,55,42,136,6,81,32,4,29,115,2,19,7,32,24,23,2766,135,217,1374,725,315,8656,455,736,4304,1426,513,684,538,86.2,14.1,9611,1175,(X),(X),(X),(X),(X),(X),(X),(X),12636,11534,1090,646,444,346,98,12,12765,12582,12454,9844,2610,128,183,183,141,42,311,128,0,128,183,41,142,183,13,117,15,0,38,0,11951,11607,344,83,177,63,50,6,102,7,15,7,12765,1594,19,66,18,360,1338,319,19,3317,6,7,2294,157,0,45,140,0,46,248,220,1,0,315,34,3,150,0
2009,Livingston County; Missouri,5792,3870,1792,2991,1134,210,130,669,528,1922,1719,765,1960,1653,2.25,2.75,13026,5792,2952,3415,405,462,261,5157,1191,3218,87,149,512,6343,1266,3138,133,990,816,134,39,22,39,0,89,10,294,205,3,29,117,185,0,17,205,105,205,3000,192,273,1282,691,562,9693,472,915,4024,1705,588,1399,590,85.7,20.5,10833,1095,(X),(X),(X),(X),(X),(X),(X),(X),14018,11729,2288,980,1308,770,538,1,14143,14105,14083,10626,3457,22,38,38,38,0,60,22,0,22,38,0,38,38,38,0,0,0,0,0,13253,13122,131,16,48,9,60,7,0,0,23,0,14143,1575,26,69,17,237,1724,245,23,3492,2,25,1940,200,0,56,24,30,21,346,336,9,26,183,39,0,248,19
2009,McDonald County; Missouri,8057,5861,2547,4609,1772,421,238,831,537,2196,1749,624,2854,1868,2.84,3.33,22890,8057,4681,7297,1704,1151,493,8849,2432,5017,334,220,846,8646,1621,4831,370,750,1074,298,74,33,56,13,113,19,635,278,46,29,119,75,92,65,278,138,255,5837,400,508,2698,1414,817,14397,1411,2134,5474,3603,618,820,337,75.4,8.0,16342,1887,(X),(X),(X),(X),(X),(X),(X),(X),22463,17933,4371,2145,2226,600,1626,159,22890,21166,21008,7661,13347,158,1724,1724,337,1387,1882,158,7,151,1724,620,1104,1724,74,80,0,14,1536,20,20890,17964,2926,1398,2513,1342,209,4,184,52,20,0,22890,4312,12,20,34,606,2065,738,153,2876,41,31,2339,343,13,200,87,17,23,664,441,0,53,132,61,0,152,106
2009,Macon County; Missouri,6468,4192,1833,3325,1250,251,185,616,398,2276,1943,865,1986,1806,2.26,2.79,14627,6468,3334,3784,388,653,499,5970,1312,3707,95,234,622,6510,1218,3368,84,1002,838,219,96,69,68,49,172,0,216,125,5,29,121,26,60,34,125,77,75,3203,242,129,1675,813,344,10728,729,1264,4505,2110,609,1041,470,81.4,14.1,11795,1477,(X),(X),(X),(X),(X),(X),(X),(X),15264,13631,1633,1008,625,474,151,0,15456,15404,15356,11665,3691,48,52,52,34,18,100,48,4,44,52,10,42,52,7,10,0,0,35,0,14520,14138,382,193,85,7,289,184,8,2,0,0,15456,1706,0,16,29,396,1652,258,16,4129,6,0,1981,382,0,188,113,0,65,193,243,5,0,195,177,0,238,0
2009,Madison County; Missouri,4857,3417,1416,2696,935,177,105,544,376,1440,1350,778,1579,1463,2.48,2.95,12059,4857,2695,3285,667,555,232,4714,1083,2788,105,211,527,5199,832,2913,136,886,432,111,57,54,39,0,106,2,254,101,0,29,123,24,59,18,101,53,101,2571,150,171,1128,779,343,8352,761,1347,3053,1626,685,582,298,74.8,10.5,9333,1310,(X),(X),(X),(X),(X),(X),(X),(X),12132,9418,2714,1809,905,441,464,0,12226,12079,12040,9697,2343,39,147,147,80,67,186,39,0,39,147,49,98,147,26,20,0,0,53,48,11441,11112,329,106,242,90,67,3,20,13,0,0,12226,2115,0,7,6,341,1065,918,28,2699,0,4,2066,281,0,37,397,9,0,289,115,0,0,138,125,2,18,0
2009,Maries County; Missouri,3427,2456,874,1977,574,234,180,245,120,971,861,363,894,919,2.56,3.10,8787,3427,1975,2734,451,200,146,3597,909,2099,67,145,377,3643,638,2196,112,428,269,39,8,10,19,0,55,0,38,16,16,29,125,0,0,0,16,16,0,2010,31,98,1032,524,325,6101,443,762,2739,858,426,494,379,80.2,14.3,6768,994,(X),(X),(X),(X),(X),(X),(X),(X),8897,7884,1013,486,527,473,54,0,8954,8865,8806,7253,1553,59,89,89,31,58,148,59,11,48,89,0,89,89,0,0,0,0,71,18,8442,8127,315,89,141,67,174,22,0,0,0,0,8954,680,0,34,0,216,1025,287,40,3142,0,0,1468,207,0,13,176,0,0,177,156,0,23,76,19,0,46,0
2009,Marion County; Missouri,11462,7568,3521,5849,2333,328,239,1391,949,3894,3343,1308,3853,2870,2.36,2.92,27084,11462,5877,7845,841,1059,635,10400,2502,6158,117,380,1243,11952,2415,6190,216,1583,1548,596,227,69,88,72,178,15,434,174,66,29,127,0,14,94,174,130,124,6770,510,511,2872,1605,1272,18525,971,2224,7635,3539,936,1961,1259,82.8,17.4,21093,2566,(X),(X),(X),(X),(X),(X),(X),(X),27737,22676,5008,3103,1905,1380,525,53,28241,28069,28006,18911,9095,63,172,172,79,93,235,63,0,63,172,31,141,172,50,54,6,0,62,0,26239,25548,691,119,286,72,307,0,82,37,16,10,28241,3782,16,97,39,567,2520,892,22,7552,16,4,3202,485,24,158,424,0,3,704,611,0,19,197,114,26,165,3
2009,Mercer County; Missouri,1622,1048,352,863,239,45,33,140,80,574,512,288,384,576,2.12,2.60,3440,1622,851,783,45,139,82,1432,290,877,22,55,188,1385,81,854,43,258,149,48,0,0,73,0,150,27,8,2,2,29,129,0,0,0,2,2,0,806,36,81,324,192,173,2426,143,161,1066,580,126,215,135,87.5,14.4,2666,358,(X),(X),(X),(X),(X),(X),(X),(X),3426,2725,697,264,433,269,164,4,3474,3438,3434,1991,1443,4,36,36,5,31,40,4,0,4,36,9,27,36,15,7,0,0,11,3,3263,3168,95,30,27,11,66,19,2,0,0,0,3474,315,0,17,3,186,389,49,19,1200,0,0,629,73,2,59,49,0,16,46,98,0,0,16,6,0,13,4
2009,Miller County; Missouri,9895,6562,3166,4891,2206,695,416,976,544,3333,2858,1308,3432,2606,2.44,3.01,24189,9895,4904,6993,1271,1126,609,9669,2841,5011,99,455,1263,10058,1808,5367,223,1341,1319,336,71,29,57,23,142,0,471,330,19,29,131,36,145,130,330,184,294,5509,284,332,2794,1412,687,16497,1223,1692,7649,3447,624,1275,587,82.3,11.3,18639,2581,(X),(X),(X),(X),(X),(X),(X),(X),24443,20089,4151,2728,1423,1115,308,203,24731,24425,24354,17593,6761,71,306,306,86,220,377,71,0,71,306,170,136,306,111,70,0,0,119,6,23106,22563,543,168,208,52,248,85,76,31,11,0,24731,2230,0,53,53,745,3506,737,67,7111,18,84,4111,229,6,97,410,8,100,633,403,0,0,189,153,3,154,0
2009,Mississippi County; Missouri,5441,3593,1595,2562,969,164,106,867,520,1848,1433,544,1965,1400,2.40,2.92,13058,5441,2575,3279,1061,702,302,5163,1266,2888,128,110,771,5616,1286,2661,167,735,767,380,195,124,121,14,302,0,449,312,46,29,133,36,7,223,312,202,258,2837,202,268,1355,745,267,9022,1233,1932,3685,999,221,671,281,64.9,10.6,10171,1112,(X),(X),(X),(X),(X),(X),(X),(X),13190,10784,2327,1392,935,712,223,79,13498,13302,13294,9987,3307,8,196,196,11,185,204,8,0,8,196,88,108,196,16,18,0,0,162,0,12564,12252,312,107,242,88,40,0,19,19,11,0,13498,1649,26,0,0,191,1121,304,0,1822,7,5,1686,110,2,10,69,0,8,113,174,0,9,56,0,0,4,0
2009,Moniteau County; Missouri,5260,3844,1882,3147,1368,249,218,448,296,1416,1262,556,2064,1350,2.64,3.10,13908,5260,3166,4426,479,577,271,6415,1787,3617,124,118,769,5472,994,3199,111,657,511,183,22,17,58,39,103,28,213,111,30,29,135,0,18,63,111,53,101,3539,125,162,1763,1011,478,9937,852,1204,3995,1976,418,1136,356,79.3,15.0,11230,1346,(X),(X),(X),(X),(X),(X),(X),(X),14926,12641,2268,892,1376,1200,176,17,15081,14796,14767,11965,2802,29,285,285,101,184,314,29,0,29,285,94,191,285,9,24,0,12,223,17,14000,13106,894,283,402,161,453,117,8,5,31,0,15081,1233,21,21,2,335,1231,525,72,6307,23,8,2164,140,22,196,196,0,30,244,226,36,32,55,613,19,60,0
2009,Monroe County; Missouri,3973,2838,1197,2216,880,243,92,379,225,1135,1004,498,1223,1096,2.23,2.65,8872,3973,2208,2314,150,227,182,3611,782,2345,32,141,311,3797,567,2246,41,562,381,102,62,81,52,46,126,8,64,16,0,29,137,0,12,4,16,11,14,2114,132,74,1053,568,287,6272,397,628,2856,1319,354,402,316,83.7,11.4,6950,946,(X),(X),(X),(X),(X),(X),(X),(X),9073,7805,1267,637,630,601,29,1,9141,9094,9087,6843,2244,7,47,47,9,38,54,7,0,7,47,27,20,47,20,18,0,0,9,0,8632,8456,176,69,41,3,115,66,18,0,2,0,9141,1061,0,39,36,145,967,159,22,2454,26,0,1145,114,0,28,67,8,0,116,194,0,6,60,33,0,19,0
2009,Montgomery County; Missouri,4967,3492,1394,2657,977,276,136,559,281,1475,1268,533,1558,1449,2.35,2.78,11682,4967,2673,3034,520,488,281,4686,1169,2829,47,132,509,4901,774,2717,88,802,520,184,55,55,74,57,188,0,159,76,18,29,139,26,9,23,76,48,50,2537,143,146,1204,727,317,8182,696,1015,3601,1469,423,652,326,79.1,12.0,9043,1152,(X),(X),(X),(X),(X),(X),(X),(X),11690,9968,1704,1017,687,590,97,18,11884,11846,11820,9802,2018,26,38,38,22,16,64,26,3,23,38,18,20,38,2,27,0,0,9,0,11091,10969,122,16,38,8,48,0,36,8,0,0,11884,2269,0,57,7,295,1288,330,12,3855,0,5,1423,261,14,63,165,10,31,136,163,2,22,68,67,0,85,0
2009,Morgan County; Missouri,7978,5779,2042,4736,1426,276,160,767,456,2199,1845,769,2408,2490,2.51,2.91,19988,7978,4771,5101,1148,990,394,8100,1694,5067,67,253,1019,8683,1487,4975,181,1251,789,352,156,80,83,23,184,29,452,354,108,29,141,59,74,113,354,252,193,3727,189,209,1906,948,475,14359,1406,1750,5953,2756,814,1210,470,78.0,11.7,15887,2506,(X),(X),(X),(X),(X),(X),(X),(X),20333,17615,2712,1427,1285,853,432,6,20608,20242,20130,12949,7181,112,366,366,269,97,478,112,0,112,366,13,353,366,214,76,0,13,50,13,19360,17672,1688,799,150,54,1498,730,33,15,7,0,20608,2105,19,40,149,318,2916,747,103,6527,23,56,2986,271,0,111,295,30,67,407,165,40,0,263,405,299,136,3
2009,New Madrid County; Missouri,8082,5439,2352,4034,1483,406,251,999,618,2643,2388,1052,2751,2238,2.19,2.67,17723,8082,4035,4188,873,545,438,6700,1388,4188,246,207,671,7515,1342,4133,185,1016,839,338,201,122,83,137,170,0,724,345,102,29,143,43,11,189,345,222,268,3823,348,283,1832,811,549,12190,1357,1969,5237,1918,315,883,511,72.7,11.4,13415,1411,(X),(X),(X),(X),(X),(X),(X),(X),17391,14006,3348,1789,1559,1142,417,37,17723,17617,17567,13190,4377,50,106,106,20,86,156,50,22,28,106,22,84,106,9,47,0,0,50,0,16493,16279,214,114,136,103,42,0,22,11,14,0,17723,2418,0,11,36,479,1600,658,20,2310,3,89,3371,241,0,26,74,0,4,207,80,0,7,107,0,0,72,0
2009,Newton County; Missouri,20744,15232,6701,11958,4706,1161,653,2113,1342,5512,4782,2007,7318,5375,2.65,3.07,54891,20744,11988,16782,2719,2658,1130,21272,5245,12535,287,575,2630,22645,4223,12522,340,2554,3006,591,144,24,45,55,85,12,1044,506,90,29,145,164,81,171,506,305,325,14005,781,814,6421,3109,2880,36561,1747,3473,13063,8552,2982,4266,2478,85.7,18.4,41340,5392,(X),(X),(X),(X),(X),(X),(X),(X),55185,46572,8490,3742,4748,2690,2058,123,55694,54440,54053,30831,23222,387,1254,1254,367,887,1641,387,27,360,1254,429,825,1254,149,286,28,105,626,60,51962,49572,2390,891,1482,611,303,77,518,203,87,0,55694,6466,13,215,207,2345,6456,1908,287,12400,67,49,8288,1656,10,695,620,66,44,1487,1175,54,50,538,46,0,430,27
2009,Nodaway County; Missouri,8319,4756,2061,3876,1517,283,160,597,384,3563,2413,900,2149,1927,2.33,2.92,19390,8319,3904,4728,478,1961,498,9376,4243,4132,122,318,561,9442,3612,4138,100,875,717,294,88,23,46,14,79,21,193,121,24,29,147,59,8,30,121,65,102,7900,251,233,1642,1033,4741,11755,709,764,4455,2349,681,1588,1209,87.5,23.8,18122,1478,(X),(X),(X),(X),(X),(X),(X),(X),21818,15320,6433,3613,2820,2302,518,65,22058,21703,21609,14581,7028,94,355,355,83,272,449,94,0,94,355,227,128,355,89,154,50,0,40,22,20933,19816,1117,334,382,120,562,96,144,113,29,5,22058,3198,18,146,215,510,1875,330,13,7763,122,24,4029,512,7,157,352,10,41,407,549,0,62,430,224,4,169,12
2009,Oregon County; Missouri,4310,2870,1189,2288,964,232,81,350,144,1440,1273,655,1322,1505,2.37,2.91,10233,4310,2276,2525,683,439,176,4126,1011,2437,59,154,465,4265,725,2243,80,709,508,54,4,5,24,47,55,0,219,133,15,29,149,5,3,110,133,59,85,2477,238,285,974,568,412,7219,701,982,3041,1391,381,502,221,76.7,10.0,7883,1023,(X),(X),(X),(X),(X),(X),(X),(X),10230,8816,1414,572,842,291,551,0,10321,10163,10092,5223,4869,71,158,158,127,31,229,71,0,71,158,57,101,158,75,57,0,0,12,14,9700,9526,174,67,101,31,73,36,0,0,0,0,10321,1821,0,35,113,293,1111,196,12,1072,0,26,1362,63,5,91,33,0,7,335,137,8,0,37,63,0,52,0
2009,Osage County; Missouri,5124,3690,1790,3040,1380,230,126,420,284,1434,1237,596,1895,1464,2.61,3.11,13394,5124,3023,4340,440,467,272,5422,1459,3290,61,174,438,5168,1069,3105,50,569,375,167,69,55,55,7,150,0,146,60,29,29,151,0,0,31,60,14,54,3292,270,198,1407,870,547,8877,768,634,4302,1312,825,749,287,84.2,11.7,9946,1168,(X),(X),(X),(X),(X),(X),(X),(X),13280,11920,1341,456,885,794,91,19,13421,13369,13269,11927,1342,100,52,52,40,12,152,100,0,100,52,0,52,52,16,12,0,0,21,3,12483,12393,90,16,25,16,53,0,12,0,0,0,13421,965,0,14,108,115,900,596,4,9143,65,8,1446,123,6,44,63,15,0,121,157,0,7,30,62,0,25,0
2009,Ozark County; Missouri,3781,2775,840,2221,567,207,102,347,171,1006,784,424,946,1422,2.47,2.84,9350,3781,2252,2391,463,463,260,3775,854,2311,79,120,411,4063,623,2380,13,549,498,38,0,0,21,0,39,14,131,55,0,29,153,30,0,25,55,29,43,1712,124,43,841,523,181,6869,625,916,3028,1363,292,351,294,77.6,9.4,7495,1211,(X),(X),(X),(X),(X),(X),(X),(X),9323,8801,506,105,401,213,188,16,9360,9296,9258,4229,5029,38,64,64,39,25,102,38,0,38,64,13,51,64,43,9,0,0,12,0,8877,8765,112,52,64,25,48,27,0,0,0,0,9360,689,26,33,24,275,1249,301,36,1660,0,44,1603,86,17,66,84,15,12,210,226,0,0,74,35,0,66,0
2009,Pemiscot County; Missouri,7607,5141,2504,3299,1411,347,194,1495,899,2466,2119,710,2959,1783,2.39,2.89,18146,7607,3302,5380,1039,818,516,6456,1835,3340,210,224,847,7723,1863,3512,267,971,1110,224,135,56,49,25,110,5,470,288,64,29,155,49,16,159,288,228,159,4909,483,299,2398,1129,600,11688,1625,2078,4421,1632,676,732,524,68.3,10.7,13273,1244,(X),(X),(X),(X),(X),(X),(X),(X),18343,14970,3363,2525,838,445,393,10,18586,18447,18408,11458,6950,39,139,139,39,100,178,39,0,39,139,90,49,139,12,35,0,0,92,0,17107,16856,251,62,222,60,27,0,2,2,0,0,18586,1570,0,0,5,347,1442,278,24,1272,8,0,1905,102,0,32,138,0,15,173,236,0,65,34,0,13,19,9
2009,Perry County; Missouri,7417,5190,2338,4246,1742,408,266,536,330,2227,1994,887,2531,2061,2.50,2.98,18543,7417,4242,5463,583,838,375,7498,1909,4451,106,247,785,7332,1373,4378,124,796,661,166,73,44,40,13,94,6,215,72,10,29,157,31,0,31,72,45,48,4187,307,296,1969,1001,614,12463,1315,1493,5816,1864,619,875,481,77.5,10.9,14078,1589,(X),(X),(X),(X),(X),(X),(X),(X),18484,16433,2016,1319,697,534,163,35,18638,18337,18292,15111,3181,45,301,301,74,227,346,45,0,45,301,160,141,301,50,104,0,0,147,0,17335,16796,539,280,139,115,314,98,86,67,0,0,18638,2475,0,50,34,183,969,1870,26,8951,32,10,1732,309,0,0,103,0,50,119,80,0,0,55,114,0,50,0
2009,Pettis County; Missouri,15593,10131,4503,7986,3291,608,313,1537,899,5462,4673,1902,5018,4133,2.58,3.24,40197,15593,7994,12518,2176,1916,808,15459,4222,8589,206,506,1936,16534,3209,8576,397,2308,2044,535,129,29,55,12,124,10,736,305,79,29,159,108,12,106,305,227,149,10318,494,710,4577,2381,2156,26516,2091,3138,9168,5814,2189,2603,1513,80.3,15.5,30025,3850,(X),(X),(X),(X),(X),(X),(X),(X),40194,33377,6611,4626,1985,1118,867,206,40789,38474,38107,27923,10184,367,2315,2315,438,1877,2682,367,40,327,2315,532,1783,2315,757,211,17,0,1308,22,37730,34028,3702,1461,2302,894,1177,494,206,73,17,0,40789,4473,0,222,40,733,4691,1257,190,12446,50,1,6529,761,9,240,442,33,373,1197,754,33,31,473,193,417,294,61
2009,Phelps County; Missouri,16713,10266,4421,8013,2820,535,383,1718,1218,6447,5037,1423,4687,3822,2.33,2.92,38883,16713,7975,10478,1242,2475,1124,17445,6591,8325,216,578,1735,16934,4007,8391,395,1822,2319,384,180,35,38,49,70,7,415,269,91,29,161,80,17,81,269,155,229,13613,382,397,4483,2320,6031,25396,1496,2442,8213,5525,1476,3385,2859,84.5,24.6,32365,4546,(X),(X),(X),(X),(X),(X),(X),(X),41814,31931,9430,4955,4475,3046,1429,453,42249,41058,40674,27679,12995,384,1191,1191,420,771,1575,384,66,318,1191,569,622,1191,209,758,116,10,72,26,39548,37475,2073,517,589,30,747,105,688,382,49,0,42249,3259,116,105,201,1003,5868,1813,66,10984,206,54,5257,1676,15,305,784,83,68,880,1002,17,133,502,136,0,229,6
2009,Pike County; Missouri,6594,4696,2119,3772,1535,311,171,613,413,1898,1608,830,2198,1836,2.47,2.95,16291,6594,3796,4949,403,549,267,8418,2766,4121,134,291,1106,6761,1313,3960,133,745,610,228,69,43,61,56,119,22,229,113,82,29,163,0,14,17,113,60,110,3972,216,242,1680,1160,674,12563,1104,1674,5453,2249,539,1099,445,77.9,12.3,14325,1888,(X),(X),(X),(X),(X),(X),(X),(X),18331,15063,3202,1270,1932,1617,315,66,18514,18084,18002,13955,4047,82,430,430,80,350,512,82,24,58,430,256,174,430,69,38,0,11,312,0,17331,16360,971,395,444,297,434,59,81,39,12,0,18514,2491,57,25,37,322,1740,537,38,4933,0,0,2189,473,0,72,116,3,75,240,500,0,121,145,26,5,82,0
2009,Platte County; Missouri,34684,23584,11312,18733,8027,1254,856,3597,2429,11100,9086,2196,12028,6143,2.49,3.02,86514,34684,18723,25914,3086,4107,2088,34191,10021,19602,384,638,3546,35676,8587,19454,758,2274,4603,1067,213,19,46,10,88,24,957,400,66,29,165,198,11,125,400,254,329,23027,1471,1366,9116,5039,6035,58305,966,2643,15176,14050,4300,14292,6878,93.8,36.3,65651,8314,(X),(X),(X),(X),(X),(X),(X),(X),86527,69806,16290,5763,10527,5975,4552,431,87461,83768,83069,45012,38057,699,3693,3693,1702,1991,4392,699,107,592,3693,1441,2252,3693,804,1241,347,78,1065,158,81971,77258,4713,1588,2011,676,1279,358,1102,477,321,77,87461,8386,263,381,619,1771,13179,3051,174,24787,191,288,15229,3979,36,1212,1412,84,355,2450,2865,29,501,2092,332,238,1113,264
2009,Polk County; Missouri,11003,7865,3481,6397,2623,434,233,1034,625,3138,2676,1293,3820,3230,2.56,3.00,28179,11003,6349,8164,1217,1446,575,11430,3259,6620,124,374,1053,12445,2623,6749,313,1303,1457,495,65,19,66,12,137,14,584,353,56,29,167,92,61,144,353,220,259,8366,483,296,3416,1217,2954,19172,1288,2597,7412,3622,1079,2032,1142,79.7,16.6,22588,2803,(X),(X),(X),(X),(X),(X),(X),(X),29571,24090,5480,2896,2584,1687,897,1,29983,29481,29328,19070,10258,153,502,502,222,280,655,153,0,153,502,157,345,502,207,111,0,0,165,19,27984,26344,1640,454,726,205,813,180,96,69,5,0,29983,3633,24,243,175,846,4322,1172,52,6528,4,7,3962,751,7,213,370,25,76,1126,539,19,0,385,115,0,263,15
2009,Pulaski County; Missouri,14410,10006,5682,7772,4023,525,385,1709,1274,4404,3639,1057,6006,2582,2.56,3.10,36931,14410,7771,12139,1090,1521,803,18492,7301,9014,257,341,1579,16616,4060,8956,413,1509,1678,890,230,45,75,9,152,9,518,251,78,29,169,135,4,34,251,154,101,12690,551,560,5071,2827,3681,23600,1127,2174,8456,5529,2271,2496,1547,86.0,17.1,23999,6134,(X),(X),(X),(X),(X),(X),(X),(X),44053,26261,16969,4475,12494,2096,10398,823,44684,42485,40870,14792,26078,1615,2199,2199,1049,1150,3814,1615,405,1210,2199,506,1693,2199,848,801,67,23,440,20,41359,36577,4782,1203,2125,619,1580,247,899,319,178,18,44684,2754,131,101,143,880,4490,1427,176,10569,57,29,6154,2045,56,341,623,74,205,720,713,3,234,854,40,50,308,232
2009,Putnam County; Missouri,2279,1582,704,1225,454,141,100,216,150,697,600,254,736,629,2.15,2.48,4896,2279,1213,1071,65,268,228,1955,411,1257,26,34,227,2071,361,1195,26,255,234,60,32,66,58,0,188,0,30,29,4,29,171,7,1,17,29,20,18,1070,91,49,474,264,192,3406,222,297,1476,554,252,346,259,84.8,17.8,3781,400,(X),(X),(X),(X),(X),(X),(X),(X),4883,4361,521,311,210,116,94,1,4906,4844,4810,2972,1838,34,62,62,62,0,96,34,0,34,62,0,62,62,8,40,0,0,14,0,4636,4519,117,20,96,11,20,9,1,0,0,0,4906,600,0,19,0,119,925,54,7,1230,18,0,636,62,15,25,5,0,0,230,115,0,0,133,0,0,23,0
2009,Ralls County; Missouri,3771,2735,1018,2520,918,100,34,115,66,1036,903,412,1094,990,2.55,3.01,9600,3771,2514,2773,205,337,155,3918,914,2503,38,86,377,3987,653,2584,47,474,229,166,42,49,75,0,176,33,53,5,0,29,173,0,5,0,5,5,5,2211,143,84,1040,544,400,6703,226,1034,2991,1317,262,665,208,81.2,13.0,7474,1022,(X),(X),(X),(X),(X),(X),(X),(X),9549,8841,697,302,395,218,177,11,9691,9632,9534,7517,2017,98,59,59,6,53,157,98,0,98,59,6,53,59,0,53,0,0,3,3,9159,9025,134,4,33,4,30,0,71,0,0,0,9691,1327,0,0,27,163,1157,254,11,2691,9,0,1324,203,0,4,167,12,0,182,169,25,0,196,0,7,41,0
2009,Randolph County; Missouri,9534,6545,2916,4885,1786,449,299,1211,831,2989,2626,1027,3140,2421,2.38,2.90,22699,9534,4949,6462,1022,732,485,10579,3103,5277,238,217,1744,9965,1773,5260,213,1159,1560,361,93,35,62,83,126,1,313,228,48,29,175,93,49,38,228,140,174,6166,378,258,2850,1621,1059,17270,1067,2279,6842,3872,1091,1583,536,80.6,12.3,19477,2161,(X),(X),(X),(X),(X),(X),(X),(X),25071,21105,3920,1686,2234,1936,298,46,25528,25132,24919,18481,6438,213,396,396,271,125,609,213,20,193,396,113,283,396,30,222,62,0,71,11,23868,23395,473,143,201,62,170,35,81,25,21,21,25528,2169,112,55,22,642,2432,514,50,6884,8,17,3998,589,42,106,233,18,23,486,482,0,74,181,46,9,192,2
2009,Ray County; Missouri,9295,6775,2884,5697,2187,192,93,886,604,2520,2221,920,3285,2262,2.51,2.96,23330,9295,5698,6605,1005,727,447,9277,2087,5960,91,192,947,9342,1556,5757,207,959,863,199,70,35,36,14,87,10,616,407,133,29,177,73,122,79,407,265,302,5760,281,283,2882,1408,906,15535,584,1607,6960,3311,1138,1136,799,85.9,12.5,17468,2161,(X),(X),(X),(X),(X),(X),(X),(X),23285,20163,3109,1849,1260,1048,212,13,23507,23263,23205,17640,5565,58,244,244,182,62,302,58,0,58,244,38,206,244,142,42,0,0,57,3,22061,21672,389,105,207,41,182,64,0,0,0,0,23507,4575,52,190,211,423,2853,508,112,5829,41,0,3893,602,0,106,361,0,8,410,655,22,2,307,63,7,150,4
2009,Reynolds County; Missouri,2849,1882,599,1513,407,118,53,251,139,967,745,267,754,842,2.19,2.54,6231,2849,1504,1161,230,487,297,2669,526,1547,9,90,497,2627,366,1553,77,333,298,66,14,25,51,67,88,20,104,48,0,29,179,16,0,32,48,30,28,1245,93,50,661,274,167,4527,489,741,1854,797,316,182,148,72.8,7.3,5021,819,(X),(X),(X),(X),(X),(X),(X),(X),6304,5510,794,454,340,309,31,0,6367,6338,6337,4931,1406,1,29,29,17,12,30,1,0,1,29,10,19,29,15,0,0,0,14,0,6068,6028,40,5,23,1,17,4,0,0,0,0,6367,501,8,38,5,172,589,220,9,1486,0,0,1301,96,0,46,60,21,3,58,62,0,0,20,2,0,40,0
2009,Ripley County; Missouri,5577,4151,1784,3265,1257,178,100,708,427,1426,1288,599,2059,1590,2.40,2.82,13361,5577,3255,3618,675,236,141,5131,926,3500,33,130,542,5748,850,3327,193,692,686,129,29,23,42,72,74,3,483,269,94,29,181,38,66,71,269,169,233,2963,115,197,1425,713,513,9205,1007,1579,3702,1205,634,615,463,71.9,11.7,10225,1439,(X),(X),(X),(X),(X),(X),(X),(X),13399,10536,2850,1792,1058,605,453,13,13523,13374,13323,8158,5165,51,149,149,74,75,200,51,0,51,149,38,111,149,109,31,0,0,0,9,12704,12538,166,77,70,27,72,26,24,24,0,0,13523,2267,111,17,51,190,1535,327,57,2310,0,2,2216,230,0,16,250,0,37,234,164,0,12,53,39,0,53,0
2009,St. Charles County; Missouri,127228,93312,46226,77814,37210,4233,2220,11265,6796,33916,27116,8928,49040,24354,2.65,3.12,337074,127228,77848,108925,10789,12284,6190,131464,36264,80666,1535,2617,10382,137287,31309,79738,2271,10097,13872,4672,817,22,52,11,108,21,4949,2119,683,29,183,476,197,763,2119,1213,1683,94499,7615,4489,40098,20392,21905,223262,5361,12978,61569,53117,17383,49658,23196,91.8,32.6,252628,28090,(X),(X),(X),(X),(X),(X),(X),(X),338076,295145,42153,21323,20830,14075,6755,778,342562,331687,329758,237622,92136,1929,10875,10875,5545,5330,12804,1929,321,1608,10875,3861,7014,10875,2538,4768,561,106,2465,437,318957,300886,18071,5011,8266,2015,5783,1262,3289,1570,733,164,342562,22069,948,2242,1571,6314,41614,17833,1339,141030,1423,1338,68275,23678,626,3120,11695,322,1664,6884,6688,548,830,3660,1813,404,2453,470
2009,St. Clair County; Missouri,4139,2858,1030,2316,745,169,115,373,170,1281,1164,607,1150,1504,2.24,2.69,9276,4139,2313,2227,302,295,193,3840,694,2463,90,86,507,3932,394,2327,60,660,491,59,0,0,33,0,97,0,196,97,40,29,185,17,0,40,97,79,52,1701,82,88,914,455,162,6765,454,836,3255,1185,311,405,319,80.9,10.7,7382,1197,(X),(X),(X),(X),(X),(X),(X),(X),9330,7909,1389,431,958,613,345,32,9379,9345,9304,6378,2926,41,34,34,26,8,75,41,0,41,34,5,29,34,11,11,0,0,0,12,8893,8719,174,28,128,4,34,18,6,6,6,0,9379,870,7,13,23,338,1513,604,25,3096,57,3,1721,187,0,20,72,0,27,195,420,0,1,212,30,10,194,0
2009,Ste. Genevieve County; Missouri,7000,5146,2089,4146,1579,283,145,717,365,1854,1482,624,2213,1716,2.47,2.84,17318,7000,4140,4874,431,873,489,7272,1853,4391,58,165,805,7208,1538,4212,77,704,677,159,49,26,38,0,123,0,140,26,0,29,186,14,6,6,26,11,26,4235,298,239,1850,1067,781,12187,856,1184,5626,2237,801,1030,453,83.3,12.2,13612,1858,(X),(X),(X),(X),(X),(X),(X),(X),17592,15888,1653,755,898,766,132,51,17758,17613,17589,15333,2256,24,145,145,79,66,169,24,15,9,145,18,127,145,58,8,18,0,61,0,16822,16549,273,154,145,76,79,60,23,0,26,18,17758,1798,8,85,32,324,885,2264,71,8486,0,55,1981,486,0,10,107,53,19,122,95,22,18,70,0,0,33,0
2009,St. Francois County; Missouri,22815,15174,6881,11948,4920,893,437,2333,1524,7641,6276,2801,7744,5978,2.47,3.02,56430,22815,11986,15733,2946,2950,1418,27297,8344,13459,499,994,4001,23908,4609,12519,635,2939,3206,533,222,36,38,15,67,20,1057,496,121,29,187,117,104,154,496,274,380,14478,882,594,6386,3943,2673,43096,3265,6159,15747,8741,3373,3577,2234,78.1,13.5,48806,6571,(X),(X),(X),(X),(X),(X),(X),(X),62180,50826,11297,5625,5672,4972,700,57,62734,62028,61931,51359,10572,97,706,706,305,401,803,97,0,97,706,324,382,706,128,434,0,34,110,0,58764,57136,1628,393,740,97,398,46,268,143,222,107,62734,8598,78,128,123,1594,6266,5057,235,15390,167,15,11095,1964,84,210,850,121,182,1031,1201,166,46,389,134,54,215,33
2009,St. Louis County; Missouri,403699,264697,120581,194769,81688,15984,7734,53944,31159,139002,119042,41286,131485,98776,2.40,3.00,970471,403699,194549,294206,41521,36496,17734,374929,122905,204587,5200,10307,31930,426338,121962,201829,8010,44385,50152,12119,4324,33,49,21,94,23,15924,7393,1586,29,189,1768,1173,2866,7393,5100,4423,269649,18820,12037,107647,59324,71821,666972,22323,41989,156947,144994,44007,155544,101168,90.4,38.5,755225,80277,(X),(X),(X),(X),(X),(X),(X),(X),983172,846520,132807,72736,60071,37416,22655,3845,994923,935255,929494,676144,253350,5761,59668,59668,28941,30727,65429,5761,1029,4732,59668,21128,38540,59662,19238,25221,4010,509,9107,1577,934092,859878,74214,27719,20360,7838,30086,9360,18320,8898,5448,1623,994923,53609,4624,8770,2998,12927,93644,44496,2072,305726,4848,4933,158370,55672,2189,6817,29943,1253,14302,15595,16992,1545,16065,9900,5615,2568,5998,1266
2009,Saline County; Missouri,9026,5857,2674,4434,1807,430,242,993,625,3169,2557,1086,3045,2344,2.33,2.82,21074,9026,4415,5592,667,1374,731,9025,2967,4623,125,296,1014,9307,2264,4567,160,1247,1069,310,109,42,59,68,110,10,338,177,61,29,195,12,14,90,177,99,129,6140,227,405,2330,1266,1912,14752,1177,1833,5603,2842,673,1619,1005,79.6,17.8,17318,2007,(X),(X),(X),(X),(X),(X),(X),(X),22400,18047,4315,2554,1761,1037,724,38,22749,21703,21554,16922,4632,149,1046,1046,341,705,1195,149,14,135,1046,359,687,1046,97,102,45,0,802,0,21277,19717,1560,539,1303,458,142,32,115,49,0,0,22749,2037,36,45,16,441,2511,519,46,7880,5,24,3385,239,7,63,116,0,91,643,400,7,91,123,75,62,242,84
2009,Schuyler County; Missouri,2001,1231,494,982,314,51,18,198,162,770,709,343,539,665,2.05,2.60,4096,2001,974,933,61,127,81,1710,525,1015,0,57,113,1682,212,955,29,237,249,101,53,162,123,0,326,2,17,16,0,29,197,8,0,8,16,10,8,935,49,39,496,253,98,2709,165,174,1399,484,182,235,70,87.5,11.3,3169,328,(X),(X),(X),(X),(X),(X),(X),(X),4059,3349,710,431,279,173,106,0,4106,4085,4067,2568,1499,18,21,21,19,2,39,18,0,18,21,2,19,21,13,0,0,0,2,6,3912,3881,31,11,23,5,2,0,0,0,6,6,4106,395,0,20,120,278,552,105,27,1227,0,6,589,102,0,13,43,25,10,115,56,0,0,174,3,0,35,3
2009,Scotland County; Missouri,2022,1322,602,1246,558,29,16,47,28,700,623,312,611,590,2.29,2.89,4625,2022,1203,1227,63,110,105,1812,272,1314,14,59,153,1871,218,1192,0,321,140,136,48,180,144,358,257,10,59,56,18,29,199,38,0,0,56,24,56,869,35,18,590,139,87,3279,429,240,1329,602,190,380,109,79.6,14.9,3506,406,(X),(X),(X),(X),(X),(X),(X),(X),4710,4219,491,325,166,42,124,0,4790,4777,4777,2944,1833,0,13,13,1,12,13,0,0,0,13,12,1,13,0,0,0,0,13,0,4382,4049,333,9,30,0,303,9,0,0,0,0,4790,519,0,0,0,175,659,122,0,1595,0,35,562,15,0,96,66,0,16,75,71,0,0,135,181,6,150,0
2009,Scott County; Missouri,16046,10910,5044,7921,3203,919,579,2070,1262,5136,4573,2092,5616,4339,2.48,3.02,39788,16046,7887,12312,1892,1651,859,15215,4511,8080,226,528,1870,16908,3750,8062,507,2348,2241,688,318,69,71,46,150,15,835,380,54,29,201,89,132,105,380,240,301,10078,733,487,4920,2471,1467,26821,2982,3773,11493,4502,638,2258,1175,74.8,12.8,30148,3307,(X),(X),(X),(X),(X),(X),(X),(X),40157,34291,5779,3547,2232,1305,927,87,40753,40512,40385,30596,9789,127,241,241,127,114,368,127,29,98,241,78,163,241,16,106,18,0,101,0,37894,37095,799,243,505,159,120,21,123,56,51,7,40753,5086,5,25,94,857,3029,1184,15,9092,71,6,5694,383,9,103,144,0,25,602,552,0,30,127,63,0,175,15
2009,Shannon County; Missouri,3373,2414,958,1964,713,170,79,280,166,959,848,367,1033,928,2.46,2.94,8300,3373,1949,2335,397,246,175,3273,774,1932,46,66,455,3471,644,2079,46,387,315,133,51,66,70,0,208,0,115,73,5,29,203,45,0,23,73,46,55,1816,77,121,837,526,255,5593,571,822,2431,895,138,458,278,75.1,13.2,6291,655,(X),(X),(X),(X),(X),(X),(X),(X),8183,7277,892,465,427,215,212,14,8310,8209,8162,6068,2094,47,101,101,64,37,148,47,0,47,101,14,87,101,14,87,0,0,0,0,7813,7727,86,70,7,0,6,0,73,70,0,0,8310,1351,0,10,5,170,527,172,4,1231,0,0,1159,186,0,31,60,0,40,47,127,0,0,97,36,0,131,5
2009,Shelby County; Missouri,2806,1779,761,1404,540,107,55,268,166,1027,959,432,809,900,2.19,2.75,6139,2806,1389,1613,120,211,137,2525,616,1471,24,121,293,2659,439,1453,27,424,316,48,13,24,36,56,78,0,72,46,2,29,205,17,10,17,46,29,19,1414,112,70,729,359,144,4357,254,317,2038,948,271,354,175,86.9,12.1,4852,505,(X),(X),(X),(X),(X),(X),(X),(X),6415,5558,853,354,499,292,207,4,6457,6427,6389,4687,1702,38,30,30,18,12,68,38,18,20,30,6,24,30,4,4,0,8,14,0,6033,5826,207,63,55,25,130,38,18,0,4,0,6457,693,4,4,11,219,755,195,17,1658,0,0,825,168,0,27,42,0,0,111,141,0,0,92,102,0,71,0
2009,Stoddard County; Missouri,12208,8324,3213,6452,2172,664,427,1208,614,3884,3402,1626,3881,3642,2.38,2.84,29069,12208,6500,7190,1664,1507,756,11420,2836,6728,236,346,1274,12549,2017,6775,290,1874,1593,270,117,41,40,37,89,0,803,490,137,29,207,136,95,122,490,314,409,6125,376,484,2992,1599,674,20188,2311,2950,8652,3094,947,1470,764,73.9,11.1,22647,2691,(X),(X),(X),(X),(X),(X),(X),(X),29211,23793,5398,3551,1847,1518,329,20,29524,29441,29327,22705,6622,114,83,83,52,31,197,114,0,114,83,16,67,83,43,0,0,0,40,0,27689,27425,264,71,209,63,50,8,3,0,2,0,29524,5434,1,78,7,828,2779,622,25,4406,46,46,4396,536,0,27,144,15,34,409,593,10,12,83,29,83,171,92
2009,Stone County; Missouri,12211,8886,2544,7459,1825,375,130,1052,589,3325,2825,1373,2863,4305,2.54,2.94,30973,12211,7455,7773,2041,1493,720,12660,2458,7722,121,613,1746,13349,1824,8067,218,1536,1704,280,106,41,46,53,104,10,509,222,43,29,209,3,75,101,222,115,193,5771,294,361,3139,1367,610,22876,943,2572,9226,4940,1496,2382,1317,84.6,16.2,24825,4074,(X),(X),(X),(X),(X),(X),(X),(X),30861,25217,5556,2441,3115,1595,1520,88,31186,30854,30664,16004,14660,190,332,332,133,199,522,190,20,170,332,75,257,332,130,75,0,0,106,21,29600,28995,605,167,358,141,144,0,89,12,14,14,31186,1978,73,219,31,1250,3919,1434,124,9183,154,39,6643,743,42,535,338,272,124,1134,994,53,0,544,58,0,380,5
2009,Sullivan County; Missouri,2711,1676,729,1160,410,229,145,287,174,1035,840,374,854,801,2.50,3.12,6766,2711,1188,1924,447,496,229,2679,806,1314,31,158,370,2739,597,1266,58,378,440,71,21,26,48,0,78,42,94,72,0,29,211,9,0,63,72,36,48,1494,121,93,741,385,154,4603,387,526,2118,819,228,396,129,80.2,11.4,5087,550,(X),(X),(X),(X),(X),(X),(X),(X),6753,5730,991,525,466,248,218,32,6842,6316,6270,4505,1765,46,526,526,120,406,572,46,0,46,526,218,308,526,4,1,0,0,521,0,6343,5481,862,512,854,512,4,0,4,0,0,0,6842,692,0,0,16,194,972,222,4,1338,0,0,859,102,0,11,51,0,12,163,109,0,0,46,16,0,76,2
2009,Taney County; Missouri,19623,13208,4937,10671,3625,837,367,1700,945,6415,5037,2042,5602,5874,2.25,2.71,44174,19623,10562,10661,1321,2007,1376,17818,4138,11015,328,371,1966,19286,3535,10871,231,2149,2500,509,141,30,48,15,78,31,743,375,148,29,213,96,3,128,375,194,308,10666,756,671,4463,2395,2381,30977,1289,2982,11111,7885,1378,4434,1898,86.2,20.4,35327,5045,(X),(X),(X),(X),(X),(X),(X),(X),45225,34498,10645,4636,6009,2572,3437,82,45732,44518,44160,20059,24101,358,1214,1214,359,855,1572,358,10,348,1214,600,614,1214,309,176,51,0,589,89,42747,40811,1936,591,1385,477,392,71,133,28,26,15,45732,3945,34,289,143,1633,5997,2030,221,11486,353,108,8836,1528,35,946,969,60,105,1127,1374,0,27,852,115,51,270,37
2009,Texas County; Missouri,9383,6455,2629,5246,1907,334,178,875,544,2928,2570,1274,2808,3010,2.44,3.00,22935,9383,5275,6609,996,672,394,10265,2908,5654,78,476,1149,9835,1797,5376,193,1300,1169,295,91,39,56,27,145,6,223,206,48,29,215,88,0,70,206,100,156,5205,218,298,2454,1437,798,16923,1318,2206,7348,3270,901,1289,591,79.2,11.1,18911,2945,(X),(X),(X),(X),(X),(X),(X),(X),24196,21211,2935,1127,1808,1262,546,50,24477,24167,24047,15222,8825,120,310,310,141,169,430,120,16,104,310,38,272,310,145,40,0,0,92,33,23010,22651,359,114,241,94,79,13,14,7,25,0,24477,2431,61,88,77,362,3197,543,76,4337,0,67,3619,399,25,183,386,18,21,407,535,0,32,187,32,0,125,0
2009,Vernon County; Missouri,8063,5228,2383,3950,1418,291,192,987,773,2835,2633,1226,2561,2370,2.43,3.04,19590,8063,3938,6101,636,852,400,7527,1997,4136,135,266,993,8335,1793,4043,211,1141,1147,280,130,56,60,17,134,21,167,108,45,29,217,37,4,22,108,72,77,4823,217,496,2080,1313,717,13045,870,1240,6176,2218,663,1169,709,83.8,14.4,14820,1608,(X),(X),(X),(X),(X),(X),(X),(X),19804,15873,3922,2703,1219,822,397,9,20127,20036,19984,13995,5989,52,91,91,35,56,143,52,0,52,91,3,88,91,3,41,36,0,11,0,18686,18341,345,89,156,18,165,58,20,9,4,4,20127,2662,0,6,64,748,3037,792,111,5674,3,0,3227,339,0,126,200,89,198,586,417,0,19,338,91,3,150,6
2009,Warren County; Missouri,11559,8511,3720,7177,2886,412,189,922,645,3048,2439,954,3971,2908,2.56,2.96,29622,11559,7081,8692,878,1412,878,11894,3238,7229,169,174,1084,12054,2251,7381,212,1187,1023,497,245,91,70,6,171,10,491,281,87,29,219,92,47,55,281,177,225,7075,518,552,3221,1756,1028,20073,1043,2573,7790,4137,1420,1979,1131,82.0,15.5,22532,2576,(X),(X),(X),(X),(X),(X),(X),(X),29820,25306,4467,1934,2533,1956,577,47,30249,29873,29777,22521,7256,96,376,376,131,245,472,96,0,96,376,92,284,376,114,49,0,0,209,4,28139,26992,1147,495,790,366,254,54,59,31,44,44,30249,2047,14,270,9,657,3335,1519,79,13351,163,151,5512,1190,6,182,1040,89,119,593,704,0,13,211,104,0,263,0
2009,Washington County; Missouri,8615,6223,2549,4717,1638,440,283,1066,628,2392,1984,828,2977,2199,2.69,3.14,23166,8615,4723,7111,1514,1203,628,9928,3279,4957,210,343,1139,9376,2002,4939,248,957,1230,285,160,60,50,0,108,17,492,380,24,29,221,40,149,167,380,198,347,5451,279,423,2645,1351,753,16059,2172,2578,7135,2413,658,676,427,70.4,6.9,18202,2011,(X),(X),(X),(X),(X),(X),(X),(X),23946,20875,3064,1470,1594,1374,220,7,24230,24088,24010,20972,3038,78,142,142,41,101,220,78,13,65,142,3,139,142,9,58,0,0,75,0,22544,22098,446,138,274,85,80,4,41,38,51,11,24230,1963,46,69,13,671,2312,5740,40,5696,64,15,3704,432,6,100,159,0,45,455,202,9,0,57,54,0,153,0
2009,Wayne County; Missouri,5595,3620,1300,2918,982,251,111,451,207,1975,1769,802,1416,1987,2.23,2.77,12476,5595,2905,2918,595,463,248,5040,1144,2915,96,312,573,5371,712,3030,306,860,463,193,29,32,74,55,184,0,155,98,0,29,223,57,12,29,98,63,71,2563,171,195,1076,727,394,8940,1272,1505,3541,1371,524,475,252,68.9,8.1,9876,1250,(X),(X),(X),(X),(X),(X),(X),(X),12438,10632,1806,1127,679,511,168,0,12593,12546,12518,9515,3003,28,47,47,0,47,75,28,0,28,47,0,47,47,6,41,0,0,0,0,11891,11771,120,36,80,23,29,9,4,4,7,0,12593,2579,4,6,0,668,977,442,22,2459,12,12,1914,271,0,60,44,0,10,91,143,34,0,118,42,0,28,8
2009,Webster County; Missouri,12264,9297,4564,7522,3336,576,405,1199,823,2967,2602,1148,4901,2842,2.86,3.29,35018,12264,7531,11985,1746,1492,626,13355,3324,8030,142,249,1610,13852,2451,7965,557,1324,1555,471,70,22,56,10,106,30,775,283,72,29,225,33,36,142,283,156,253,8633,503,624,4214,2076,1216,22687,1378,3025,9036,4688,1256,2043,1261,80.6,14.6,25455,3264,(X),(X),(X),(X),(X),(X),(X),(X),35080,28810,6270,3214,3056,2305,751,0,35635,35538,35285,23398,11887,253,97,97,19,78,350,253,18,235,97,53,44,97,22,6,0,0,66,3,32798,31016,1782,702,396,86,1384,616,2,0,0,0,35635,5134,14,55,106,824,3551,695,198,6615,0,41,3172,687,12,308,297,47,6,672,753,0,24,359,424,0,226,2
2009,Worth County; Missouri,900,680,233,578,153,12,0,90,80,220,174,102,238,286,2.20,2.52,1984,900,575,444,15,50,49,779,88,598,9,27,57,917,137,566,14,126,74,8,0,0,18,0,58,0,0,0,0,29,227,0,0,0,0,0,0,458,37,29,229,86,77,1449,48,172,731,265,42,157,34,84.8,13.2,1630,165,(X),(X),(X),(X),(X),(X),(X),(X),2051,1690,359,180,179,143,36,2,2058,2048,2048,1353,695,0,10,10,0,10,10,0,0,0,10,10,0,10,0,10,0,0,0,0,1978,1966,12,10,0,0,2,0,10,10,0,0,2058,797,0,0,0,50,249,55,2,379,0,0,201,11,0,4,10,7,0,57,14,0,0,47,0,0,17,0
2009,Wright County; Missouri,7242,4893,2089,3940,1458,216,150,737,481,2349,2007,1041,2388,2223,2.47,2.98,17868,7242,3950,5045,685,946,418,6791,1650,4022,149,223,747,7392,1075,4196,219,937,965,207,66,41,53,61,114,8,342,150,0,29,229,44,19,87,150,96,114,4105,352,229,1933,1138,453,11977,1331,1568,4976,2200,604,827,471,75.8,10.8,13334,1539,(X),(X),(X),(X),(X),(X),(X),(X),17819,14958,2844,1707,1137,846,291,17,18082,17744,17664,11896,5768,80,338,338,152,186,418,80,30,50,338,159,179,338,87,95,0,0,156,0,16730,16192,538,207,239,129,252,78,47,0,0,0,18082,2826,0,47,45,305,1854,544,53,2238,4,5,2279,214,20,175,116,28,95,250,315,13,0,62,73,0,94,3
2009,St. Louis city; Missouri,143045,70600,33679,34862,13539,6930,3034,28808,17106,72445,61930,15793,39354,30004,2.40,3.47,343090,143045,34844,105251,34573,25377,9317,133744,68897,39470,5311,4054,16012,153622,69263,40350,6289,17691,20029,6062,3731,53,61,65,94,22,8720,3843,840,29,510,985,296,1722,3843,2894,1919,91443,5701,4107,33708,18804,29123,238902,16328,32639,65472,49595,13831,35692,25345,79.5,25.5,272876,24394,(X),(X),(X),(X),(X),(X),(X),(X),349424,276879,70486,43230,27256,17500,9756,2059,355078,332670,330735,246629,84106,1935,22408,22408,7566,14842,24343,1935,249,1686,22408,10416,11992,22408,6719,7309,2843,18,5153,366,329637,300738,28899,13994,9167,4170,11486,5367,5536,2897,2710,1560,355078,13381,2544,1800,675,2838,17473,9957,643,60862,988,1401,36236,14592,574,1298,7336,163,1848,2929,3431,268,7913,1891,748,311,1485,969
