year,county_name,households_by_type_total_households,households_by_type_total_households_family_househo,households_by_type_total_households_family_househo,households_by_type_total_households_family_househo,households_by_type_total_households_family_househo,households_by_type_total_households_family_househo,households_by_type_total_households_family_househo,households_by_type_total_households_family_househo,households_by_type_total_households_family_househo,households_by_type_total_households_nonfamily_hous,households_by_type_total_households_nonfamily_hous,households_by_type_total_households_nonfamily_hous,households_by_type_total_households_households_wit,households_by_type_total_households_households_wit,households_by_type_total_households_average_househ,households_by_type_total_households_average_family,relationship_population_in_households,relationship_population_in_households_householder,relationship_population_in_households_spouse,relationship_population_in_households_child,relationship_population_in_households_other_relati,relationship_population_in_households_nonrelatives,relationship_population_in_households_nonrelatives,marital_status_males_15_years_and_over,marital_status_males_15_years_and_over_never_marri,marital_status_males_15_years_and_over_now_married,marital_status_males_15_years_and_over_separated,marital_status_males_15_years_and_over_widowed,marital_status_males_15_years_and_over_divorced,marital_status_females_15_years_and_over,marital_status_females_15_years_and_over_never_mar,marital_status_females_15_years_and_over_now_marri,marital_status_females_15_years_and_over_separated,marital_status_females_15_years_and_over_widowed,marital_status_females_15_years_and_over_divorced,fertility_number_of_women_15_to_50_years_old_who_h,fertility_number_of_women_15_to_50_years_old_who_h,fertility_number_of_women_15_to_50_years_old_who_h,fertility_number_of_women_15_to_50_years_old_who_h,fertility_number_of_women_15_to_50_years_old_who_h,fertility_number_of_women_15_to_50_years_old_who_h,fertility_number_of_women_15_to_50_years_old_who_h,grandparents_number_of_grandparents_living_with_ow,grandparents_number_of_grandparents_living_with_ow,grandparents_number_of_grandparents_living_with_ow,state_fips,county_fips,grandparents_number_of_grandparents_living_with_ow,grandparents_number_of_grandparents_living_with_ow,grandparents_number_of_grandparents_living_with_ow,grandparents_number_of_grandparents_responsible_fo,grandparents_number_of_grandparents_responsible_fo,grandparents_number_of_grandparents_responsible_fo,school_enrollment_population_3_years_and_over_enro,school_enrollment_population_3_years_and_over_enro,school_enrollment_population_3_years_and_over_enro,school_enrollment_population_3_years_and_over_enro,school_enrollment_population_3_years_and_over_enro,school_enrollment_population_3_years_and_over_enro,educational_attainment_population_25_years_and_ove,educational_attainment_population_25_years_and_ove,educational_attainment_population_25_years_and_ove,educational_attainment_population_25_years_and_ove,educational_attainment_population_25_years_and_ove,educational_attainment_population_25_years_and_ove,educational_attainment_population_25_years_and_ove,educational_attainment_population_25_years_and_ove,educational_attainment_population_25_years_and_ove,educational_attainment_population_25_years_and_ove,veteran_status_civilian_population_18_years_and_ov,veteran_status_civilian_population_18_years_and_ov,disability_status_of_the_civilian_noninstitutional,disability_status_of_the_civilian_noninstitutional,disability_status_of_the_civilian_noninstitutional,disability_status_of_the_civilian_noninstitutional,disability_status_of_the_civilian_noninstitutional,disability_status_of_the_civilian_noninstitutional,disability_status_of_the_civilian_noninstitutional,disability_status_of_the_civilian_noninstitutional,residence_1_year_ago_population_1_year_and_over,residence_1_year_ago_population_1_year_and_over_sa,residence_1_year_ago_population_1_year_and_over_di,residence_1_year_ago_population_1_year_and_over_di,residence_1_year_ago_population_1_year_and_over_di,residence_1_year_ago_population_1_year_and_over_di,residence_1_year_ago_population_1_year_and_over_di,residence_1_year_ago_population_1_year_and_over_ab,place_of_birth_total_population,place_of_birth_total_population_native,place_of_birth_total_population_native_born_in_uni,place_of_birth_total_population_native_born_in_uni,place_of_birth_total_population_native_born_in_uni,place_of_birth_total_population_native_born_in_pue,place_of_birth_total_population_foreign_born,u.s._citizenship_status_foreign_born_population,u.s._citizenship_status_foreign_born_population_na,u.s._citizenship_status_foreign_born_population_no,year_of_entry_population_born_outside_the_united_s,year_of_entry_population_born_outside_the_united_s,year_of_entry_population_born_outside_the_united_s,year_of_entry_population_born_outside_the_united_s,year_of_entry_population_born_outside_the_united_s,year_of_entry_population_born_outside_the_united_s,year_of_entry_population_born_outside_the_united_s,world_region_of_birth_of_foreign_born_foreign_born,world_region_of_birth_of_foreign_born_foreign_born,world_region_of_birth_of_foreign_born_foreign_born,world_region_of_birth_of_foreign_born_foreign_born,world_region_of_birth_of_foreign_born_foreign_born,world_region_of_birth_of_foreign_born_foreign_born,world_region_of_birth_of_foreign_born_foreign_born,language_spoken_at_home_population_5_years_and_ove,language_spoken_at_home_population_5_years_and_ove,language_spoken_at_home_population_5_years_and_ove,language_spoken_at_home_population_5_years_and_ove,language_spoken_at_home_population_5_years_and_ove,language_spoken_at_home_population_5_years_and_ove,language_spoken_at_home_population_5_years_and_ove,language_spoken_at_home_population_5_years_and_ove,language_spoken_at_home_population_5_years_and_ove,language_spoken_at_home_population_5_years_and_ove,language_spoken_at_home_population_5_years_and_ove,language_spoken_at_home_population_5_years_and_ove,ancestry_total_population,ancestry_total_population_american,ancestry_total_population_arab,ancestry_total_population_czech,ancestry_total_population_danish,ancestry_total_population_dutch,ancestry_total_population_english,ancestry_total_population_french_except_basque,ancestry_total_population_french_canadian,ancestry_total_population_german,ancestry_total_population_greek,ancestry_total_population_hungarian,ancestry_total_population_irish,ancestry_total_population_italian,ancestry_total_population_lithuanian,ancestry_total_population_norwegian,ancestry_total_population_polish,ancestry_total_population_portuguese,ancestry_total_population_russian,ancestry_total_population_scotch_irish,ancestry_total_population_scottish,ancestry_total_population_slovak,ancestry_total_population_subsaharan_african,ancestry_total_population_swedish,ancestry_total_population_swiss,ancestry_total_population_ukrainian,ancestry_total_population_welsh,ancestry_total_population_west_indian_excluding_hi,computers_and_internet_use_total_households,computers_and_internet_use_total_households_with_a,computers_and_internet_use_total_households_with_a
2018,Blaine County; Nebraska,218,151,49,141,44,7,2,3,3,67,65,21,49,87,2.20,2.72,480,218,138,121,1,2,0,209,47,143,0,5,14,179,14,137,3,15,10,6,0,0,86,0,148,63,0,0,0,31,009,0,0,0,0,0,0,89,7,0,47,26,9,352,0,13,112,84,63,48,32,339,80,375,46,480,56,105,3,252,16,123,37,475,402,73,29,44,44,0,0,480,480,477,381,96,3,0,0,0,0,3,3,0,3,0,0,0,0,0,0,0,0,0,0,452,442,10,6,8,6,2,0,0,0,0,0,480,18,0,10,3,15,83,8,0,229,17,0,84,4,0,12,3,0,0,9,6,0,0,29,8,0,0,0,218,193,173
2018,Deuel County; Nebraska,824,553,174,420,129,51,20,82,25,271,248,135,210,325,2.28,2.73,1875,824,425,457,72,97,54,736,159,456,0,23,98,816,145,427,21,135,88,24,5,30,67,0,145,0,30,21,9,31,049,2,5,5,21,17,21,375,42,24,191,68,50,1384,37,104,462,419,143,164,55,1243,219,1508,167,1875,323,386,10,1042,138,447,175,1876,1627,246,89,157,57,100,3,1894,1867,1859,949,910,8,27,27,15,12,35,8,0,8,27,9,18,27,1,7,0,0,19,0,1783,1722,61,31,43,26,10,1,7,4,1,0,1894,134,2,37,41,37,141,29,9,702,0,1,260,26,26,17,78,0,9,7,20,0,0,142,7,0,7,0,824,706,581
2018,Logan County; Nebraska,341,229,93,220,91,2,1,7,1,112,88,44,97,110,2.60,3.24,886,341,224,282,6,33,18,332,70,230,1,8,23,354,66,225,3,34,26,18,0,0,98,0,0,175,0,0,0,31,113,0,0,0,0,0,0,232,2,7,122,77,24,585,9,34,164,168,95,106,9,542,115,627,66,886,88,259,13,455,35,172,40,857,724,131,53,78,34,44,2,886,861,861,690,171,0,25,25,10,15,25,0,0,0,25,23,2,25,4,8,0,0,13,0,835,817,18,14,16,14,2,0,0,0,0,0,886,77,0,7,16,27,66,11,5,328,0,0,137,8,0,4,17,0,0,0,9,9,0,21,0,0,0,0,341,284,239
2018,Thayer County; Nebraska,2283,1488,524,1280,407,86,30,122,87,795,724,381,545,836,2.17,2.71,4945,2283,1263,1217,62,120,78,2055,479,1320,8,63,185,2096,305,1321,39,289,142,49,30,98,56,0,141,0,24,15,7,31,169,0,0,8,15,8,12,1005,85,41,533,224,122,3637,89,178,1280,854,515,501,220,3370,721,3966,358,4950,752,1132,46,2662,282,1156,424,5073,4713,356,126,230,165,65,4,5098,5065,5058,3757,1301,7,33,33,16,17,40,7,0,7,33,6,27,33,5,2,3,2,19,2,4791,4686,105,30,65,28,39,2,0,0,1,0,5098,205,0,187,54,50,345,31,7,2152,0,7,335,35,0,71,60,0,9,16,58,0,1,86,9,0,13,0,2283,1862,1700
2018,Adams County; Nebraska,12710,7756,3437,6307,2549,421,255,1028,633,4954,4194,1751,3775,3850,2.35,3.00,29887,12710,6307,8273,899,1698,688,12632,4254,6688,51,348,1291,12679,3198,6455,86,1372,1568,477,155,43,71,20,107,54,441,187,39,31,001,46,57,45,187,115,142,8437,531,462,3308,1493,2643,20414,840,1211,5718,5069,2495,3157,1924,18363,5081,24047,1934,31302,4447,7513,437,18542,2132,5247,1878,31244,26618,4566,2661,1905,1405,500,60,31583,29792,29705,23001,6704,87,1791,1791,721,1070,1878,87,14,73,1791,652,1139,1791,69,394,14,45,1233,36,29524,27011,2513,1131,2098,897,74,12,273,209,68,13,31583,1361,129,1253,593,398,2497,668,118,13455,15,21,3566,358,0,475,967,50,448,250,313,0,43,1419,77,5,124,0,12710,11052,9974
2018,Boone County; Nebraska,2280,1512,529,1316,426,61,39,135,64,768,664,331,576,779,2.28,2.82,5205,2280,1301,1365,79,180,119,2126,510,1378,1,59,178,2146,350,1302,27,328,139,45,15,41,45,20,82,22,73,17,5,31,011,0,0,12,17,15,9,1172,110,133,506,288,135,3675,74,140,1262,904,539,524,232,3461,756,4071,404,5212,621,1241,16,2893,248,1078,357,5273,4733,539,328,211,162,49,1,5313,5278,5265,4614,651,13,35,35,15,20,48,13,0,13,35,9,26,35,14,1,0,0,20,0,4976,4886,90,29,60,24,26,5,0,0,4,0,5313,174,0,184,228,82,318,58,4,2879,24,0,1085,23,5,237,479,0,18,15,12,0,4,211,36,0,16,0,2280,1921,1797
2018,Rock County; Nebraska,626,403,102,355,84,4,0,44,18,223,184,84,107,239,2.06,2.56,1290,626,359,248,22,35,27,570,154,373,0,17,26,585,87,357,2,111,28,20,5,57,94,0,177,33,13,5,0,31,149,5,0,0,5,2,5,190,5,4,98,42,41,986,24,26,384,255,91,159,47,936,206,1120,88,1311,173,226,0,753,71,332,102,1332,1156,175,80,95,81,14,1,1350,1342,1333,1070,263,9,8,8,8,0,17,9,6,3,8,0,8,8,0,0,0,0,5,3,1277,1255,22,7,19,7,3,0,0,0,0,0,1350,112,0,53,21,19,123,34,2,530,0,0,188,7,0,12,6,0,3,13,13,4,0,114,25,3,2,6,626,512,440
2018,Sherman County; Nebraska,1358,854,275,737,207,61,36,56,32,504,412,223,319,526,2.20,2.74,2981,1358,735,681,72,135,98,1254,280,740,10,77,147,1273,180,787,4,163,139,40,20,95,79,0,173,34,52,15,3,31,163,6,0,6,15,10,9,642,44,43,307,129,119,2231,68,89,865,575,229,278,127,2074,405,2415,207,2982,469,623,35,1620,185,739,249,3005,2887,115,30,85,45,40,3,3042,2992,2983,2580,403,9,50,50,27,23,59,9,0,9,50,3,47,50,3,17,0,0,30,0,2900,2801,99,24,71,19,19,0,9,5,0,0,3042,62,4,202,48,66,211,9,0,1110,0,0,445,75,0,48,749,0,17,26,35,0,0,115,2,0,15,0,1358,1134,1012
2018,Howard County; Nebraska,2684,1815,807,1564,630,48,39,203,138,869,737,426,828,968,2.39,2.94,6405,2684,1570,1857,100,194,109,2547,561,1600,15,173,198,2564,376,1584,24,316,264,68,3,6,55,0,143,3,43,11,7,31,093,0,0,4,11,8,7,1543,161,121,694,347,220,4452,194,125,1663,1112,444,691,223,4133,914,4863,420,6405,844,1542,49,3514,320,1349,475,6352,5989,360,140,220,146,74,3,6405,6303,6282,5276,1006,21,102,102,64,38,123,21,0,21,102,10,92,102,8,32,3,0,51,8,6023,5884,139,36,78,36,53,0,8,0,0,0,6405,281,0,411,511,151,403,138,11,2916,1,21,894,101,1,27,959,0,4,31,38,21,0,314,16,0,22,0,2684,2268,1949
2018,Gosper County; Nebraska,877,583,171,530,149,21,4,32,18,294,242,86,186,314,2.26,2.77,1979,877,529,477,28,68,46,812,159,536,4,35,78,899,163,569,0,91,76,7,0,0,18,0,53,0,22,6,0,31,073,0,0,6,6,6,0,422,5,13,209,120,75,1516,13,52,532,329,190,282,118,1451,400,1627,157,1979,257,388,6,1118,102,473,149,2005,1679,326,216,110,96,14,0,2015,1993,1989,1567,422,4,22,22,22,0,26,4,0,4,22,0,22,22,3,15,0,0,4,0,1952,1926,26,11,13,8,10,0,3,3,0,0,2015,143,0,29,31,42,177,29,8,918,0,0,259,33,0,44,13,4,4,27,37,0,0,132,1,0,22,0,877,744,691
2018,Sarpy County; Nebraska,65045,47379,24182,38266,18630,2845,1596,6268,3956,17666,14175,4914,26135,13617,2.72,3.20,177160,65045,38313,58322,7375,8105,3253,67801,20373,40324,489,1186,5429,68866,15905,40002,864,4135,7960,2795,655,35,65,10,127,23,3254,1078,271,31,153,275,199,333,1078,628,756,51516,3264,2860,22182,10456,12754,113634,1886,3515,23961,27469,11246,29327,16230,108233,45557,125366,18243,174125,15717,49517,1579,105634,8586,18974,5552,175848,148695,25950,11205,14745,7757,6988,1203,178351,169277,165695,96273,69422,3582,9074,9074,4605,4469,12656,3582,695,2887,9074,1714,7360,9074,1173,3295,809,59,3583,155,164992,150766,14226,4510,8605,2676,2222,580,2734,1070,665,184,178351,6520,319,6840,3240,3420,15819,4232,582,56532,389,471,25291,8714,665,5170,9027,244,748,1709,2749,82,1294,5605,575,261,1360,299,65045,61574,58470
2018,Boyd County; Nebraska,903,622,187,578,159,28,19,16,9,281,266,168,196,391,2.23,2.71,2015,903,566,443,55,48,26,844,138,606,1,41,58,839,120,566,2,102,49,18,2,18,58,0,145,0,13,10,3,31,015,0,1,6,10,5,8,400,32,10,200,120,38,1508,35,47,629,344,178,219,56,1426,275,1587,204,2015,356,455,14,1012,122,548,220,2020,1880,135,55,80,60,20,5,2042,2011,1994,1309,685,17,31,31,11,20,48,17,0,17,31,19,12,31,11,20,0,0,0,0,1939,1898,41,21,7,2,11,7,19,8,4,4,2042,66,0,235,41,26,153,48,1,1001,1,0,190,13,3,38,45,0,14,101,30,0,0,140,3,0,1,0,903,702,625
2018,Fillmore County; Nebraska,2510,1572,603,1340,470,73,35,159,98,938,835,375,638,839,2.13,2.67,5344,2510,1324,1180,128,202,136,2316,578,1414,42,63,219,2388,371,1396,27,320,274,90,0,0,86,0,177,23,42,1,1,31,059,0,0,0,1,0,1,1022,75,58,472,289,128,4094,144,187,1477,870,601,598,217,3763,815,4450,389,5339,845,1038,38,3130,308,1171,499,5517,4891,622,244,378,320,58,4,5574,5489,5482,4407,1075,7,85,85,76,9,92,7,0,7,85,0,85,85,1,14,0,0,70,0,5313,5133,180,50,118,34,54,11,5,5,3,0,5574,284,3,574,122,56,382,115,12,2472,0,0,664,21,0,49,84,0,60,27,44,11,2,253,42,0,23,7,2510,2078,1831
2018,Hooker County; Nebraska,319,178,47,157,31,2,2,19,14,141,129,49,50,139,1.96,2.62,625,319,156,126,6,18,8,292,60,166,0,15,51,314,61,170,0,37,46,0,0,0,0,0,0,0,11,11,0,31,091,11,0,0,11,6,11,133,0,8,40,42,43,511,17,16,177,104,75,87,35,478,122,580,75,665,170,111,0,352,51,202,119,691,613,78,28,50,17,33,0,691,690,690,539,151,0,1,1,1,0,1,0,0,0,1,0,1,1,1,0,0,0,0,0,659,648,11,0,7,0,4,0,0,0,0,0,691,28,0,17,13,4,50,12,0,328,0,0,151,0,0,7,3,0,1,30,24,0,0,18,5,0,4,0,319,242,216
2018,Seward County; Nebraska,6596,4512,1940,3785,1506,280,153,447,281,2084,1701,760,2001,1945,2.38,2.88,15705,6596,3814,4411,237,647,316,7003,2175,4034,51,245,498,6769,1588,3906,102,562,611,325,56,32,88,1,188,32,85,24,9,31,159,0,11,4,24,4,15,4888,240,218,1879,772,1779,10843,228,415,2916,2337,1782,2129,1036,10200,3165,13104,959,16848,1794,4014,95,10195,771,2639,928,16879,14360,2507,1076,1431,1006,425,12,17127,16861,16722,12779,3943,139,266,266,135,131,405,139,50,89,266,59,207,266,110,103,6,0,17,30,16097,15603,494,133,283,72,147,19,33,26,31,16,17127,729,82,1637,345,596,1018,354,31,7888,6,27,1901,217,0,309,621,0,165,69,190,3,6,742,92,47,122,9,6596,5808,5318
2018,Webster County; Nebraska,1519,936,415,813,306,31,26,92,83,583,530,240,430,498,2.30,2.95,3489,1519,806,962,53,149,53,1460,386,860,19,47,148,1423,268,821,25,202,107,41,19,71,67,0,156,7,12,6,0,31,181,0,0,6,6,3,5,807,50,63,417,176,101,2486,55,139,868,554,308,351,211,2292,562,2754,230,3489,539,817,58,1940,212,732,269,3532,3111,418,140,278,195,83,3,3571,3537,3519,2579,940,18,34,34,27,7,52,18,0,18,34,0,34,34,5,0,1,1,21,6,3396,3332,64,9,46,9,10,0,7,0,1,0,3571,214,2,110,36,28,301,58,0,1736,4,1,437,25,0,63,51,5,13,19,61,0,0,206,12,0,8,0,1519,1255,1106
2018,Butler County; Nebraska,3377,2249,933,1872,681,116,82,261,170,1128,1032,483,1029,1066,2.34,2.90,7886,3377,1872,2217,195,225,147,3300,876,1929,69,126,300,3242,547,1933,71,384,307,122,15,25,83,16,185,21,126,105,0,31,023,87,0,18,105,62,87,1842,159,105,843,502,233,5572,156,282,2100,1238,688,848,260,5134,1108,6165,573,7896,907,1901,51,4489,477,1506,379,7951,7155,768,442,326,304,22,28,8067,7891,7872,6800,1072,19,176,176,98,78,195,19,0,19,176,31,145,176,16,38,0,0,122,0,7573,7145,428,146,237,137,129,9,49,0,13,0,8067,289,0,2681,126,265,388,161,8,3001,16,4,936,81,0,153,283,5,12,57,60,0,0,220,3,0,15,0,3377,2795,2510
2018,Arthur County; Nebraska,193,106,46,97,44,2,2,7,0,87,79,50,47,86,2.17,2.98,418,193,87,121,2,15,2,156,36,97,2,10,11,170,31,90,0,27,22,1,0,0,16,0,0,29,0,0,0,31,005,0,0,0,0,0,0,120,12,9,61,19,19,280,0,16,74,68,44,62,16,264,78,307,21,418,46,111,3,201,13,106,30,416,372,40,14,26,26,0,4,418,416,416,295,121,0,2,2,0,2,2,0,0,0,2,2,0,2,2,0,0,0,0,0,407,403,4,0,2,0,2,0,0,0,0,0,418,26,0,13,17,6,67,2,2,147,0,2,70,6,0,7,5,0,0,9,6,0,0,24,0,0,2,0,193,158,138
2018,Gage County; Nebraska,9160,5621,2137,4761,1598,249,138,611,401,3539,3126,1413,2322,3008,2.29,2.92,20980,9160,4778,5478,554,1010,490,8701,2357,5058,41,350,895,8933,1837,4754,119,1124,1099,225,95,45,53,8,88,38,189,70,46,31,067,13,0,11,70,44,62,4563,264,199,2136,1183,781,15300,716,855,5384,3416,1833,2251,845,13729,3096,16799,1362,21281,3282,4796,141,12326,1653,4159,1488,21365,18841,2490,1257,1233,876,357,34,21595,21247,21160,16822,4338,87,348,348,174,174,435,87,0,87,348,66,282,348,47,98,0,13,171,19,20320,19744,576,159,301,90,171,7,102,62,2,0,21595,1041,1,922,178,559,1485,259,48,7656,6,0,1891,135,0,178,299,13,59,141,266,10,12,411,50,7,134,0,9160,7690,6982
2018,Kearney County; Nebraska,2682,1654,641,1464,503,81,57,109,81,1028,879,379,689,867,2.42,3.08,6483,2682,1467,1802,167,365,180,2564,653,1530,10,77,294,2642,457,1508,16,374,287,60,14,27,48,78,68,19,54,21,6,31,099,0,0,15,21,7,17,1503,102,86,767,370,178,4453,79,93,1523,1217,531,712,298,4281,1010,4929,448,6483,754,1623,46,3668,331,1192,377,6485,5910,574,278,296,242,54,1,6552,6338,6319,5046,1273,19,214,214,57,157,233,19,7,12,214,77,137,214,7,21,2,0,170,14,6139,5902,237,90,224,87,9,1,4,2,0,0,6552,194,18,124,358,122,491,241,16,2743,2,0,748,57,0,82,222,0,2,38,33,0,1,616,13,0,43,0,2682,2279,2088
2018,Madison County; Nebraska,14254,9107,4166,7367,2951,356,236,1384,979,5147,4158,1491,4401,3573,2.39,2.97,34089,14254,7351,9785,823,1876,1058,13709,4231,7703,109,384,1282,14014,3783,7486,143,1398,1204,480,82,21,63,16,101,39,343,161,21,31,119,53,15,72,161,88,134,9001,677,412,3895,1871,2146,22935,1232,1028,7034,4890,3604,3673,1474,20675,5147,26338,1912,34537,3819,8778,296,20858,1965,4901,1558,34757,28768,5948,3236,2712,1863,849,41,35164,32605,32421,24537,7884,184,2559,2559,868,1691,2743,184,132,52,2559,548,2011,2559,9,498,39,0,2002,11,32596,28193,4403,2025,3909,1682,91,15,385,325,18,3,35164,1226,9,1669,735,411,2069,562,92,15857,8,30,3185,344,0,687,617,4,135,178,306,0,90,1537,136,3,139,11,14254,12353,10875
2018,Phelps County; Nebraska,3927,2506,1078,2222,893,141,80,143,105,1421,1236,495,1167,1178,2.26,2.81,8857,3927,2189,2273,85,383,265,3603,889,2311,11,56,336,3744,709,2227,19,400,389,69,16,22,40,0,79,18,53,34,0,31,137,0,0,34,34,16,34,1980,184,68,999,530,199,6242,91,305,1994,1457,778,1158,459,5846,1617,6951,540,8882,1098,2167,32,5103,429,1612,637,9071,8012,1024,527,497,278,219,35,9120,8996,8950,6953,1997,46,124,124,36,88,170,46,0,46,124,46,78,124,7,1,6,0,110,0,8560,8302,258,104,207,96,51,8,0,0,0,0,9120,464,35,157,230,165,895,196,0,3237,0,12,961,172,0,102,144,0,24,65,183,0,6,1526,14,4,30,6,3927,3456,3038
2018,Wayne County; Nebraska,3657,2320,983,2040,804,64,27,216,152,1337,880,372,989,954,2.22,2.75,8107,3657,2045,1968,53,384,115,3905,1533,2081,7,26,258,3939,1366,2091,14,262,206,163,72,50,68,6,97,84,13,11,0,31,179,0,9,2,11,6,9,3591,166,130,780,409,2106,5340,47,177,1359,1203,713,1209,632,5116,1841,7531,451,9335,938,1836,37,6113,440,1386,461,9294,7580,1714,624,1090,843,247,0,9367,9105,9046,6504,2542,59,262,262,122,140,321,59,20,39,262,127,135,262,97,38,21,0,106,0,8865,8372,493,139,336,114,114,9,22,1,21,15,9367,404,0,370,330,144,744,129,1,4893,44,28,1190,154,0,174,176,0,38,52,45,0,58,546,73,0,94,0,3657,3325,3104
2018,Knox County; Nebraska,3674,2343,913,2046,730,105,62,192,121,1331,1171,557,978,1323,2.25,2.87,8249,3674,2060,2120,196,199,136,3335,849,2113,15,90,268,3456,579,2126,15,488,248,129,24,40,90,4,202,31,108,67,20,31,107,12,3,32,67,48,39,1909,176,109,908,493,223,5874,209,310,1954,1359,769,902,371,5355,1273,6424,691,8252,1124,2034,36,4354,440,1864,648,8364,7360,979,545,434,265,169,25,8460,8342,8320,5250,3070,22,118,118,85,33,140,22,1,21,118,28,90,118,18,28,0,14,58,0,7926,7514,412,142,135,61,174,72,20,5,83,4,8460,218,0,815,230,248,383,184,24,4029,19,3,808,38,0,233,118,5,24,38,63,7,7,562,17,0,25,0,3674,3015,2636
2018,Merrick County; Nebraska,3324,2205,830,1847,657,110,48,248,125,1119,904,391,919,1002,2.29,2.77,7603,3324,1856,1864,179,380,199,3199,775,1856,45,67,456,3175,532,1913,40,336,354,151,41,62,97,26,173,57,121,59,8,31,121,36,7,8,59,58,8,1646,194,53,731,381,287,5496,154,178,1814,1761,635,724,230,5164,954,6075,621,7687,1213,1728,69,4484,586,1475,558,7641,6704,916,333,583,524,59,21,7803,7592,7585,6445,1140,7,211,211,44,167,218,7,0,7,211,73,138,211,47,23,0,0,141,0,7319,6963,356,133,224,108,101,10,31,15,0,0,7803,286,0,401,318,116,543,102,20,3394,4,5,933,37,5,73,576,0,59,59,139,0,0,612,67,5,52,0,3324,2714,2373
2018,Pawnee County; Nebraska,1219,765,267,622,215,54,13,89,39,454,398,238,276,517,2.16,2.76,2637,1219,610,677,57,74,57,1037,213,608,4,52,160,1184,196,660,11,159,158,33,10,41,67,0,224,0,22,22,3,31,133,4,0,15,22,14,15,488,67,15,221,121,64,1953,143,87,783,403,195,230,112,1723,342,2121,233,2637,353,555,39,1383,113,699,201,2653,2428,219,108,111,59,52,6,2676,2642,2619,1822,797,23,34,34,13,21,57,23,0,23,34,0,34,34,21,0,0,0,11,2,2521,2310,211,46,30,11,172,35,0,0,9,0,2676,53,2,245,18,15,200,22,38,1272,0,3,241,13,0,19,44,0,12,37,25,0,0,76,55,0,8,0,1219,900,820
2018,Wheeler County; Nebraska,357,234,65,200,52,3,0,31,13,123,117,42,71,131,2.30,2.85,822,357,211,195,28,31,19,368,98,216,7,11,36,332,51,203,6,45,27,12,0,0,82,0,235,0,8,8,0,31,183,4,0,4,8,6,4,123,11,3,55,29,25,642,8,23,220,193,87,76,35,611,111,672,47,822,127,150,3,478,62,194,62,805,728,77,39,38,35,3,0,822,817,817,688,129,0,5,5,0,5,5,0,0,0,5,0,5,5,0,0,0,0,5,0,778,770,8,3,8,3,0,0,0,0,0,0,822,7,0,41,8,2,77,14,4,452,0,0,187,2,0,33,5,0,0,11,9,0,0,43,1,0,0,0,357,308,256
2018,Harlan County; Nebraska,1521,939,347,824,287,49,13,66,47,582,498,238,357,576,2.22,2.84,3382,1521,826,856,48,131,98,1459,313,864,0,58,224,1351,193,826,5,162,165,54,5,22,90,0,241,0,30,25,7,31,083,1,17,0,25,15,24,677,46,28,328,188,87,2443,55,188,711,557,410,401,121,2200,522,2663,301,3387,552,775,54,1790,198,822,300,3372,3069,303,123,180,117,63,0,3438,3387,3357,2574,783,30,51,51,17,34,81,30,13,17,51,9,42,51,2,12,3,0,34,0,3220,3107,113,47,108,47,2,0,0,0,3,0,3438,154,8,61,43,60,296,79,3,1144,0,0,366,9,0,61,46,0,23,19,62,0,0,294,23,0,31,0,1521,1297,1163
2018,York County; Nebraska,5691,3665,1404,3177,1095,169,119,319,190,2026,1806,656,1499,1741,2.25,2.83,12785,5691,3180,3289,248,377,273,5288,1300,3298,76,205,409,5855,1269,3331,108,646,501,273,123,93,93,0,193,5,142,93,15,31,185,8,44,26,93,47,83,3500,483,256,1338,731,692,9312,127,457,2746,2186,1178,1785,833,8728,2618,10613,883,13095,1832,3157,164,7436,812,2502,856,13660,11693,1958,888,1070,817,253,9,13799,13554,13415,9927,3488,139,245,245,83,162,384,139,10,129,245,26,219,245,22,45,14,0,159,5,12936,12348,588,162,442,139,117,4,15,8,14,11,13799,451,7,533,208,310,888,288,103,5777,5,0,1643,260,1,198,196,3,109,96,182,0,18,695,41,15,52,11,5691,4912,4517
2018,Buffalo County; Nebraska,19165,11795,5543,9534,4137,630,327,1631,1079,7370,5493,2125,5982,4688,2.44,3.01,46769,19165,9560,12502,1594,3948,1237,19541,7081,10346,121,476,1517,19836,6098,9556,293,1798,2091,629,87,13,52,1,87,25,564,163,45,31,019,33,54,31,163,96,119,14308,926,572,4764,2231,5815,30035,762,1328,7469,7163,2876,6970,3467,27945,10437,37573,2503,48477,5397,11371,578,30759,2726,6347,2093,48528,36795,11537,6929,4608,3140,1468,196,49030,46756,46624,36522,10102,132,2274,2274,865,1409,2406,132,20,112,2274,665,1609,2274,143,701,194,3,1233,0,45630,42069,3561,1367,2468,995,436,78,458,252,199,42,49030,1946,184,2244,1238,1041,4122,1311,189,19258,23,67,6153,635,0,719,1746,37,212,373,679,3,275,2750,244,27,407,48,19165,17272,15782
2018,Colfax County; Nebraska,3718,2543,1289,2203,1063,171,99,169,127,1175,872,487,1384,975,2.87,3.37,10666,3718,2198,3327,497,926,230,4389,1470,2393,32,117,377,3631,696,2297,40,385,213,107,52,70,52,0,112,3,81,10,10,31,037,0,0,0,10,10,10,2811,180,258,1356,681,336,6620,1178,793,1958,1084,644,633,330,4649,963,7491,387,10621,1015,3213,157,6133,385,1275,473,10609,9205,1141,659,482,369,113,263,10760,7418,7366,6379,987,52,3342,3342,1043,2299,3394,52,0,52,3342,1088,2254,3342,9,46,206,0,3081,0,9808,5467,4341,2937,3999,2761,71,5,62,46,209,125,10760,261,3,1907,132,45,202,76,30,2468,10,0,442,23,0,100,193,0,18,29,15,10,241,243,85,0,86,0,3718,3046,2718
2018,Hitchcock County; Nebraska,1209,717,267,583,186,56,27,78,54,492,447,184,277,460,2.32,3.05,2804,1209,581,808,78,128,62,1135,319,604,3,40,169,1174,229,597,7,166,175,17,0,0,34,59,56,8,23,8,0,31,087,0,8,0,8,6,4,609,37,55,278,145,94,2038,18,130,764,484,262,260,120,1890,380,2201,246,2804,518,642,20,1490,259,672,239,2823,2482,339,161,178,87,91,2,2843,2830,2828,1916,912,2,13,13,2,11,15,2,0,2,13,0,13,13,1,1,0,0,11,0,2684,2656,28,15,20,15,8,0,0,0,0,0,2843,119,0,66,36,46,412,58,20,947,0,12,394,102,0,70,81,0,9,15,45,3,0,123,32,5,12,0,1209,961,822
2018,Platte County; Nebraska,13000,8558,3610,7215,2784,399,244,944,582,4442,3790,1756,3880,3877,2.51,3.14,32603,13000,7196,9938,1138,1331,665,13134,4126,7528,69,364,1047,12758,2621,7511,171,1409,1046,314,50,17,47,0,109,5,316,129,35,31,141,24,4,66,129,95,81,8361,575,440,3969,1977,1400,21718,1252,1211,6665,4804,2964,3390,1432,19255,4822,24479,1996,32780,3167,8573,224,18775,1307,5432,1636,32687,28869,3713,2365,1348,831,517,105,33063,30000,29762,24131,5631,238,3063,3063,1105,1958,3301,238,105,133,3063,501,2562,3063,34,184,48,0,2797,0,30686,25699,4987,2366,4725,2326,132,11,121,24,9,5,33063,1144,11,2622,529,672,1526,485,82,14565,12,9,3630,206,17,470,3327,33,88,108,144,0,40,1060,336,14,281,34,13000,11198,10040
2018,Polk County; Nebraska,2052,1448,532,1261,414,63,42,124,76,604,532,279,583,711,2.52,3.06,5168,2052,1258,1507,215,136,69,2084,531,1289,39,54,171,2175,459,1296,27,240,153,42,26,56,41,0,118,0,81,37,0,31,143,2,3,32,37,20,35,1269,100,55,606,359,149,3659,75,219,1207,881,506,561,210,3365,771,4037,339,5166,651,1216,37,2922,262,1028,352,5196,4845,347,172,175,139,36,4,5255,5073,5059,4142,917,14,182,182,82,100,196,14,0,14,182,5,177,182,22,3,10,0,147,0,4992,4682,310,90,252,86,29,0,8,2,21,2,5255,194,0,298,142,150,396,111,3,1884,12,2,517,59,13,111,227,0,8,88,29,0,8,741,19,0,17,6,2052,1790,1683
2018,Box Butte County; Nebraska,4801,3093,1286,2421,860,209,131,463,295,1708,1506,691,1415,1403,2.27,2.82,10877,4801,2424,2856,363,433,338,4293,1141,2499,20,162,471,4449,1003,2473,44,509,420,101,58,52,45,10,98,8,166,61,13,31,013,32,0,16,61,31,35,2431,266,138,1164,668,195,7508,341,280,2523,2288,713,1033,330,6887,1363,8265,662,10919,1169,2824,54,6298,534,1797,581,10982,9187,1795,1411,384,205,179,0,11089,10872,10815,7751,3064,57,217,217,72,145,274,57,36,21,217,45,172,217,30,28,0,0,153,6,10336,9612,724,108,591,80,55,0,28,28,50,0,11089,517,14,235,121,296,841,204,13,3423,78,12,1400,100,0,288,287,17,49,134,212,0,0,423,70,0,48,0,4801,4071,3697
2018,Brown County; Nebraska,1434,824,272,713,195,17,11,94,66,610,545,251,294,585,2.05,2.73,2943,1434,695,679,52,83,58,1188,235,759,3,64,127,1284,232,716,22,237,77,17,6,26,34,93,34,20,15,0,0,31,017,0,0,0,0,0,0,583,42,32,303,130,76,2252,67,113,918,500,209,325,120,2072,445,2389,212,2943,421,599,1,1567,131,777,289,2978,2657,275,135,140,63,77,46,2988,2923,2923,2211,712,0,65,65,10,55,65,0,0,0,65,18,47,65,37,0,0,0,28,0,2851,2757,94,24,28,24,58,0,8,0,0,0,2988,75,0,80,108,30,172,81,5,1284,4,0,458,50,0,74,40,0,0,58,47,0,0,139,15,0,49,0,1434,1153,1025
2018,Sheridan County; Nebraska,2251,1372,502,1103,335,76,64,193,103,879,824,431,563,947,2.27,2.94,5104,2251,1061,1275,322,195,126,2094,603,1179,15,85,212,2186,449,1076,14,383,264,44,13,26,47,0,128,0,87,26,2,31,161,14,0,10,26,13,24,1241,95,82,540,336,188,3695,151,203,1266,857,345,604,269,3341,873,4049,469,5182,935,1185,65,2701,262,1296,608,5180,4541,632,270,362,112,250,7,5234,5147,5115,3156,1959,32,87,87,54,33,119,32,0,32,87,37,50,87,10,28,0,0,40,9,4968,4756,212,62,137,40,45,18,4,4,26,0,5234,233,17,141,106,106,613,127,20,1628,0,12,522,60,0,155,83,4,12,81,61,0,2,88,50,0,52,0,2251,1745,1517
2018,Lancaster County; Nebraska,122646,72982,33294,56142,23547,5024,2347,11816,7400,49664,37171,12048,35959,28892,2.42,3.05,296767,122646,56019,82541,10896,24665,8302,124845,50613,59770,1052,2385,11025,125025,42623,58182,1574,8414,14232,4249,1332,30,55,15,83,33,3662,1159,208,31,109,351,115,485,1159,726,748,93989,5239,3902,31467,14876,38505,191704,5267,7228,42019,41378,21473,47397,26942,179209,74339,238345,15395,305693,32621,71156,3050,194767,16460,39770,13111,306042,240632,63086,41020,22066,12414,9652,2324,310094,286075,284233,206602,77631,1842,24019,24019,11003,13016,25861,1842,463,1379,24019,8072,15947,24019,2717,12781,2142,108,5891,380,289856,257372,32484,13488,12112,4107,6786,1801,9898,6091,3688,1489,310094,11775,3520,16997,5472,7115,26312,6596,907,111756,706,606,36971,6435,150,5657,8129,168,2424,2528,4606,154,3271,12479,1535,748,2341,484,122646,113258,105448
2018,Nuckolls County; Nebraska,1914,1165,421,1016,316,49,29,100,76,749,682,365,445,821,2.19,2.83,4201,1914,1007,1010,112,158,96,1765,439,1058,33,49,186,1791,271,1023,8,271,218,60,15,46,86,0,208,0,62,8,0,31,129,0,8,0,8,4,8,804,78,23,376,198,129,3108,78,157,1200,693,385,367,228,2873,595,3406,406,4201,713,869,42,2239,307,1093,364,4224,3812,395,241,154,124,30,17,4275,4186,4155,3130,1025,31,89,89,7,82,120,31,0,31,89,44,45,89,0,45,0,0,44,0,4049,3884,165,79,83,42,37,2,45,35,0,0,4275,308,0,304,296,52,347,80,12,1631,0,0,303,66,0,99,19,6,29,61,93,0,0,102,11,0,24,0,1914,1577,1384
2018,Banner County; Nebraska,279,229,63,202,47,8,4,19,12,50,50,16,80,80,2.49,2.72,696,279,198,144,53,22,7,265,28,211,4,0,22,301,32,216,15,20,18,3,0,0,23,0,0,38,33,10,10,31,007,0,0,0,10,10,6,118,6,5,74,28,5,513,0,15,150,169,73,73,33,498,106,542,41,696,100,154,9,408,60,134,31,693,645,48,18,30,3,27,0,696,687,687,441,246,0,9,9,0,9,9,0,0,0,9,3,6,9,0,0,0,0,9,0,648,616,32,3,32,3,0,0,0,0,0,0,696,13,0,22,26,4,63,20,0,256,2,0,73,20,0,18,20,0,0,34,19,0,2,37,0,0,17,0,279,247,209
2018,Frontier County; Nebraska,1116,712,278,614,223,48,26,50,29,404,361,234,291,457,2.23,2.79,2490,1116,619,569,90,96,60,1099,294,630,15,51,109,1095,247,636,11,108,93,23,11,42,43,0,90,19,41,34,8,31,063,24,1,1,34,19,33,700,34,37,241,130,258,1779,14,68,543,536,262,228,128,1697,356,2091,218,2601,466,518,12,1435,174,648,280,2585,2161,423,167,256,209,47,1,2609,2584,2582,1954,628,2,25,25,10,15,27,2,0,2,25,3,22,25,10,5,7,0,1,2,2490,2471,19,7,13,5,1,0,3,0,2,2,2609,96,2,57,65,31,260,16,1,1183,0,3,278,40,0,15,10,0,3,35,30,2,4,92,5,0,16,0,1116,886,762
2018,Douglas County; Nebraska,215787,133506,65953,98305,45194,9920,5177,25281,15582,82281,66699,21080,71229,48900,2.51,3.19,542217,215787,98299,166792,27108,34231,13269,212052,78506,105582,2871,4624,20469,222282,70095,104383,3652,16631,27521,8953,2507,34,66,10,114,31,8340,2803,646,31,055,705,324,1128,2803,1950,1571,150473,9956,8352,60340,30321,41504,360827,16834,19127,76856,79650,27911,91901,48548,324866,140449,411063,29979,548054,57927,142273,4963,339815,31074,65966,21890,546877,452170,91088,62322,28766,12651,16115,3619,554992,501832,496385,332313,164072,5447,53160,53160,17797,35363,58607,5447,804,4643,53160,14887,38273,53160,3574,17329,5558,158,26006,535,512816,436172,76644,37193,47889,24135,10809,3586,11989,6892,5957,2580,554992,18013,2685,19492,11001,8347,38536,12291,1987,149618,1641,1430,77404,24461,1784,10947,20754,459,3578,3979,6968,260,8821,18155,1728,668,2627,554,215787,192064,178735
2018,Richardson County; Nebraska,3772,2316,938,1847,623,154,85,315,230,1456,1284,680,1007,1372,2.08,2.63,7860,3772,1835,1836,105,312,229,3235,665,1942,20,146,462,3387,517,1816,71,430,553,72,1,1,49,0,125,1,41,22,0,31,147,17,0,5,22,20,22,1701,142,80,788,395,296,5809,92,304,2071,1644,638,743,317,5413,1060,6320,750,7860,1267,1689,82,4367,485,1804,700,7965,7272,693,491,202,94,108,0,8009,7961,7961,5928,2033,0,48,48,32,16,48,0,0,0,48,11,37,48,28,5,5,0,10,0,7578,7496,82,28,34,5,34,11,12,12,2,0,8009,442,0,156,34,155,465,175,7,3396,19,11,972,65,3,46,90,0,3,123,63,0,5,197,130,0,122,0,3772,3142,2827
2018,Holt County; Nebraska,4435,2872,1071,2495,899,139,60,238,112,1563,1317,644,1234,1454,2.26,2.84,10027,4435,2530,2443,299,320,256,4053,943,2632,5,170,303,4088,626,2554,19,581,308,167,26,36,92,7,231,2,154,103,7,31,089,49,4,43,103,62,86,2046,147,78,1177,402,242,7079,219,299,2333,1617,1107,1099,405,6561,1504,7760,691,10080,1405,2481,29,5569,615,2030,761,10092,9066,1008,525,483,287,196,18,10245,9942,9874,7818,2056,68,303,303,168,135,371,68,0,68,303,67,236,303,32,65,0,0,192,14,9572,9132,440,131,346,110,72,14,9,7,13,0,10245,224,8,792,226,262,777,196,15,4734,0,0,1956,125,2,290,352,15,51,66,72,0,0,534,15,27,54,0,4435,3761,3149
2018,Furnas County; Nebraska,2142,1342,501,1140,383,74,45,128,73,800,710,382,560,804,2.19,2.77,4698,2142,1152,1036,181,187,102,1928,409,1204,19,74,222,2005,354,1190,5,254,202,43,17,45,48,0,120,8,88,55,25,31,065,0,0,30,55,23,55,1052,86,75,476,275,140,3390,116,272,1126,860,374,519,123,3002,642,3723,338,4703,838,1063,43,2561,315,1079,480,4749,4253,485,221,264,207,57,11,4786,4694,4692,3177,1515,2,92,92,48,44,94,2,0,2,92,6,86,92,8,10,0,0,74,0,4511,4362,149,35,109,35,36,0,4,0,0,0,4786,181,0,36,68,139,393,110,10,1854,5,0,619,20,0,60,116,0,16,32,123,0,0,247,14,0,10,0,2142,1729,1565
2018,Saline County; Nebraska,5073,3512,1767,2811,1303,306,174,395,290,1561,1382,613,1788,1329,2.63,3.15,13326,5073,2799,4410,337,707,315,5702,2049,3000,21,131,501,5484,1510,2832,49,584,509,140,3,2,42,0,78,25,64,21,0,31,151,5,3,13,21,8,16,4270,334,288,1590,845,1213,8787,980,402,3097,1816,1237,833,422,7405,1255,10645,707,14022,1597,3643,161,8504,669,1875,767,14143,12008,2129,810,1319,937,382,6,14288,12155,12055,9247,2808,100,2133,2133,679,1454,2233,100,4,96,2133,763,1370,2133,66,449,41,0,1557,20,13376,10269,3107,1744,2406,1204,145,71,429,420,127,49,14288,468,0,2097,75,148,685,161,13,3853,0,3,1019,109,18,232,182,5,24,73,141,3,39,259,53,0,87,39,5073,4319,3831
2018,Thurston County; Nebraska,2175,1613,732,960,367,150,90,503,275,562,492,228,1009,621,3.26,3.83,7089,2175,976,2370,1224,344,167,2421,1093,1035,20,47,226,2559,902,1045,39,259,314,160,92,91,104,38,194,33,398,292,57,31,173,47,55,133,292,203,163,2399,231,163,1162,552,291,3868,134,346,1272,1018,452,432,214,3388,646,4582,325,7094,891,2555,106,3704,450,835,335,7029,6226,786,499,287,160,127,17,7140,7028,7014,3325,3689,14,112,112,24,88,126,14,3,11,112,36,76,112,12,38,4,0,53,5,6455,6205,250,113,91,54,9,0,31,31,119,28,7140,138,6,183,108,57,116,62,9,1480,3,0,367,39,3,52,50,2,7,16,47,1,14,287,27,0,13,0,2175,1747,1366
2018,Washington County; Nebraska,8125,5800,2297,5042,1875,224,81,534,341,2325,1810,892,2447,2460,2.45,2.90,19907,8125,5021,5527,487,747,488,7852,1932,5127,39,205,549,8375,1558,5194,137,618,868,147,3,2,34,1,43,39,232,77,3,31,177,22,4,48,77,32,67,4885,463,232,2216,1274,700,13792,135,454,4267,3081,1680,3025,1150,13203,4175,15277,1631,20027,2887,4927,342,11780,1298,3320,1247,20078,17960,2104,695,1409,953,456,14,20219,19975,19880,14416,5464,95,244,244,89,155,339,95,8,87,244,73,171,244,74,47,3,0,116,4,19049,18582,467,128,294,96,94,16,59,4,20,12,20219,1136,26,567,1579,458,1731,437,57,8191,64,50,3243,571,28,463,639,8,10,189,273,0,0,953,102,22,171,0,8125,7460,6627
2018,Cherry County; Nebraska,2566,1663,603,1391,451,110,66,162,86,903,756,484,649,895,2.21,2.75,5670,2566,1373,1323,216,192,110,2285,597,1371,4,99,214,2431,485,1492,3,264,187,64,14,29,56,0,127,7,105,28,0,31,031,0,0,28,28,14,27,1125,104,47,537,315,122,4165,103,261,1360,1206,352,631,252,3801,883,4539,401,5737,786,1251,5,3306,309,1180,472,5729,5015,712,386,326,181,145,2,5790,5633,5633,4102,1531,0,157,157,32,125,157,0,0,0,157,44,113,157,8,19,8,0,122,0,5383,5232,151,117,133,115,9,0,0,0,9,2,5790,109,0,138,94,181,554,135,20,2103,0,0,643,83,0,141,167,14,70,45,115,0,0,113,19,0,39,0,2566,2093,1958
2018,Dodge County; Nebraska,15289,10012,4319,7762,2875,742,476,1508,968,5277,4397,1959,4730,4631,2.33,2.83,35679,15289,7737,9379,1212,2062,1123,14329,3994,8246,216,484,1389,14992,3158,7877,241,1580,2136,554,193,51,73,0,158,13,314,123,1,31,053,44,0,78,123,67,92,8749,602,424,3878,1935,1910,24597,1262,1364,8926,5822,2660,2952,1611,21971,4563,27924,2506,36126,4762,8735,492,21010,2140,6381,2130,36134,30800,5275,3149,2126,1313,813,59,36683,34226,33841,26053,7788,385,2457,2457,467,1990,2842,385,73,312,2457,511,1946,2457,83,229,35,0,2096,14,34215,30295,3920,2312,3471,2072,255,132,159,86,35,22,36683,1436,28,2281,1468,526,2220,919,30,13757,82,15,4032,539,6,720,997,22,63,327,303,16,64,2118,115,14,94,76,15289,13266,11568
2018,Garden County; Nebraska,871,519,188,487,173,4,0,28,15,352,323,168,203,326,2.08,2.76,1816,871,499,391,26,29,21,782,136,529,2,44,71,770,124,472,5,106,63,21,0,0,65,0,210,0,19,5,5,31,069,0,0,0,5,5,0,374,21,5,208,84,56,1428,20,77,447,360,168,283,73,1331,356,1469,188,1805,305,375,18,984,140,446,147,1832,1591,240,73,167,53,114,1,1860,1819,1819,1079,740,0,41,41,0,41,41,0,0,0,41,0,41,41,0,0,0,0,41,0,1777,1695,82,23,73,20,9,3,0,0,0,0,1860,100,0,26,57,24,243,35,7,611,0,0,245,48,0,34,77,2,8,47,34,0,0,90,12,0,5,0,871,768,629
2018,Morrill County; Nebraska,1982,1197,521,932,350,70,45,195,126,785,680,324,605,662,2.36,3.07,4675,1982,946,1276,258,213,110,1971,540,944,75,143,269,1899,440,1026,4,224,205,24,17,38,26,15,62,0,123,87,19,31,123,10,25,33,87,45,79,1163,105,98,515,280,165,3367,155,295,1108,809,389,484,127,2917,611,3670,297,4682,673,1142,39,2653,268,887,366,4822,4349,473,167,306,159,147,0,4841,4626,4609,3264,1345,17,215,215,57,158,232,17,0,17,215,26,189,215,7,3,0,0,205,0,4576,4151,425,142,407,140,3,2,12,0,3,0,4841,136,65,48,69,81,378,104,10,1829,51,4,534,80,0,47,92,0,59,68,103,0,20,76,122,0,20,0,1982,1669,1453
2018,Nemaha County; Nebraska,2877,1907,817,1561,589,108,70,238,158,970,829,396,852,938,2.25,2.73,6463,2877,1573,1561,159,293,119,2849,877,1668,28,78,198,2948,775,1554,32,320,267,87,22,27,57,0,131,24,40,30,19,31,127,4,0,7,30,18,27,2003,108,96,622,353,824,4601,88,232,1447,1094,448,923,369,4281,1292,5532,526,6897,981,1468,66,4136,500,1293,415,6934,5478,1446,730,716,500,216,10,7004,6906,6845,4755,2090,61,98,98,47,51,159,61,1,60,98,35,63,98,19,35,18,0,26,0,6628,6445,183,54,106,24,28,2,49,28,0,0,7004,295,7,177,85,110,539,339,0,2977,0,0,1065,116,0,76,85,0,22,83,108,0,30,223,73,0,45,0,2877,2471,2197
2018,Thomas County; Nebraska,292,186,77,166,69,6,0,14,8,106,87,45,82,102,2.21,2.79,645,292,170,154,9,20,9,268,74,174,0,4,16,272,41,171,0,38,22,0,0,0,0,0,0,0,0,0,0,31,171,0,0,0,0,0,0,157,10,7,55,45,40,467,4,31,137,135,48,89,23,432,112,515,51,645,91,130,6,371,32,144,53,645,515,129,7,122,90,32,1,645,641,636,484,152,5,4,4,0,4,9,5,3,2,4,4,0,4,0,4,0,0,0,0,615,598,17,4,13,0,0,0,4,4,0,0,645,9,0,9,19,16,79,11,1,151,0,0,91,19,0,7,2,0,3,7,17,0,0,18,6,0,0,0,292,249,240
2018,Dakota County; Nebraska,7456,5731,2829,4178,1929,447,247,1106,653,1725,1295,716,3091,1978,2.69,3.02,20061,7456,4080,6322,1163,1040,750,7763,2302,4563,121,107,670,7647,1839,4378,80,703,647,507,181,92,111,96,195,21,687,346,50,31,043,5,4,287,346,141,329,5291,461,174,2502,1146,1008,12418,1930,1226,4524,2240,943,1062,493,9262,1555,14432,952,20104,2071,5875,200,11743,1046,2486,825,19933,17617,2107,605,1502,477,1025,209,20317,15413,15265,3365,11900,148,4904,4904,2000,2904,5052,148,14,134,4904,633,4271,4904,0,411,582,0,3911,0,18534,11193,7341,3333,6208,2807,134,6,364,223,635,297,20317,365,0,274,327,348,610,344,57,4527,34,0,1851,118,25,451,191,0,32,75,113,0,729,888,12,0,34,0,7456,6632,5617
2018,Antelope County; Nebraska,2675,1801,620,1509,476,98,45,194,99,874,771,389,685,973,2.35,2.90,6299,2675,1528,1748,148,200,121,2563,646,1543,9,99,266,2572,399,1570,15,366,222,88,23,49,80,0,192,10,99,38,14,31,003,0,14,10,38,20,19,1421,100,75,666,360,220,4418,104,230,1458,1124,658,613,231,4084,844,4861,500,6295,957,1507,56,3389,348,1399,553,6290,5705,565,168,397,303,94,20,6372,6261,6261,5175,1086,0,111,111,34,77,111,0,0,0,111,38,73,111,17,11,0,0,82,1,5954,5759,195,87,154,84,37,0,4,3,0,0,6372,301,17,307,172,181,534,169,20,3385,2,0,743,41,0,109,129,0,21,31,100,6,1,242,127,1,78,0,2675,2183,1926
2018,Chase County; Nebraska,1714,1134,378,927,283,110,56,97,39,580,515,241,432,575,2.14,2.60,3660,1714,905,847,60,134,91,1517,378,968,6,54,111,1566,289,910,5,222,140,51,6,19,72,0,208,16,21,18,16,31,029,0,0,2,18,10,16,757,45,33,395,202,82,2694,166,141,679,836,312,416,144,2387,560,2926,269,3665,438,808,7,2090,159,767,272,3678,3279,371,231,140,86,54,28,3734,3438,3385,2450,935,53,296,296,20,276,349,53,38,15,296,95,201,296,0,10,0,0,286,0,3575,3143,432,274,393,272,19,2,20,0,0,0,3734,100,0,82,27,50,276,65,1,1206,0,8,439,68,0,41,77,0,24,51,75,0,0,228,40,0,4,0,1714,1498,1393
2018,Clay County; Nebraska,2574,1704,643,1445,495,90,35,169,113,870,725,338,702,848,2.38,2.94,6135,2574,1430,1684,195,252,135,2501,663,1462,20,85,271,2456,398,1517,44,301,196,68,16,34,56,39,109,15,74,39,18,31,035,3,0,18,39,27,18,1361,131,52,727,305,146,4245,179,217,1390,975,705,552,227,3849,779,4710,400,6135,938,1522,97,3468,493,1145,348,6184,5402,779,349,430,301,129,3,6232,6002,5989,4694,1295,13,230,230,99,131,243,13,0,13,230,9,221,230,9,6,0,0,215,0,5820,5353,467,209,394,193,73,16,0,0,0,0,6232,277,14,260,111,102,570,122,9,2845,0,2,833,104,3,64,143,2,84,52,54,0,2,300,7,0,52,0,2574,2241,1960
2018,Custer County; Nebraska,4846,3278,1386,2590,917,235,170,453,299,1568,1394,656,1529,1627,2.21,2.64,10698,4846,2574,2589,198,491,271,4312,1117,2695,104,85,311,4388,711,2647,59,504,467,199,55,65,98,4,227,7,131,48,0,31,041,32,5,11,48,44,9,2211,229,76,1186,557,163,7517,190,346,2386,2202,823,1045,525,6981,1570,8287,837,10702,1399,2542,56,5922,620,2238,723,10677,9320,1340,849,491,248,243,17,10830,10618,10584,8673,1911,34,212,212,99,113,246,34,5,29,212,5,207,212,0,80,13,2,115,2,10153,9770,383,158,292,106,79,52,10,0,2,0,10830,592,0,241,271,282,1387,241,8,3723,15,0,1530,160,0,156,469,4,108,206,207,0,27,607,60,10,54,0,4846,4064,3404
2018,Franklin County; Nebraska,1354,875,292,745,219,39,23,91,50,479,429,212,312,524,2.16,2.71,2927,1354,746,663,85,79,67,1248,292,773,9,43,131,1295,215,768,16,201,95,33,12,54,62,60,134,0,49,28,7,31,061,7,0,14,28,14,24,533,33,26,254,130,90,2241,41,123,796,647,262,280,92,2077,372,2436,246,2943,500,570,23,1633,199,740,278,2967,2714,253,79,174,116,58,0,3006,2965,2954,2238,716,11,41,41,11,30,52,11,0,11,41,2,39,41,3,3,1,4,27,3,2862,2790,72,18,43,9,16,0,13,9,0,0,3006,113,0,40,97,46,294,102,10,1454,0,4,264,47,0,46,64,0,7,28,25,0,4,126,3,3,46,0,1354,1114,964
2018,Hamilton County; Nebraska,3699,2770,1111,2359,856,154,119,257,136,929,811,391,1218,1122,2.44,2.82,9040,3699,2338,2501,200,302,190,3637,835,2361,39,71,331,3766,626,2416,5,326,393,87,0,0,46,0,87,28,103,74,25,31,081,3,16,30,74,40,64,2184,179,93,1049,593,270,6244,61,273,1919,1659,708,1154,470,5910,1624,6960,697,9041,1001,2211,94,5161,371,1669,536,9099,8193,901,308,593,433,160,5,9178,9077,9029,7376,1653,48,101,101,85,16,149,48,0,48,101,2,99,101,7,5,10,5,72,2,8649,8464,185,71,152,57,27,12,2,2,4,0,9178,398,10,301,458,137,622,206,2,4264,2,4,1200,64,1,191,272,4,96,91,126,6,0,630,66,33,69,0,3699,3372,3125
2018,Jefferson County; Nebraska,3283,1914,638,1530,394,104,69,280,175,1369,1241,581,684,1178,2.15,2.83,7069,3283,1525,1825,156,280,222,2852,655,1619,31,164,383,3013,537,1604,36,464,372,111,54,82,85,0,193,19,78,63,11,31,095,22,25,5,63,40,55,1350,128,114,693,312,103,5150,142,309,2056,1244,610,625,164,4699,789,5593,549,7075,1197,1595,106,3910,595,1570,496,7042,6274,765,327,438,293,145,3,7188,7077,7068,5408,1660,9,111,111,61,50,120,9,4,5,111,19,92,111,5,0,0,0,106,0,6775,6586,189,124,154,113,24,0,11,11,0,0,7188,446,6,297,63,58,311,159,15,2716,1,0,511,81,7,66,97,0,17,65,64,4,0,127,6,2,9,0,3283,2635,2345
2018,Keith County; Nebraska,3844,2377,852,1962,542,142,112,273,198,1467,1348,607,906,1453,2.09,2.65,8015,3844,1946,1790,178,257,185,3425,785,2058,41,149,392,3332,533,1999,44,370,386,77,14,22,55,0,118,11,81,52,30,31,101,15,0,7,52,25,48,1485,85,109,831,317,143,6005,131,400,1910,1559,764,856,385,5474,1241,6488,685,8037,1079,1611,108,4328,397,2098,574,8035,7061,962,408,554,270,284,12,8099,7894,7883,4944,2939,11,205,205,118,87,216,11,0,11,205,21,184,205,49,50,39,0,63,4,7740,7347,393,108,223,54,119,31,45,17,6,6,8099,505,3,194,167,245,688,109,46,2676,12,22,879,148,0,127,264,8,51,105,102,0,21,372,26,0,46,0,3844,3269,3086
2018,Loup County; Nebraska,279,197,51,171,45,8,2,18,4,82,74,30,58,116,2.10,2.50,585,279,179,98,19,10,7,259,65,172,3,8,11,257,25,179,0,31,22,7,1,32,95,143,154,0,8,5,0,31,115,0,5,0,5,2,5,61,6,6,26,20,3,461,4,6,163,135,46,80,27,451,107,497,63,585,101,88,2,328,50,169,49,578,551,27,5,22,20,2,0,585,585,585,492,93,0,0,0,0,0,0,0,0,0,0,0,0,0,0,0,0,0,0,0,555,555,0,0,0,0,0,0,0,0,0,0,585,34,0,21,14,17,68,3,1,200,0,0,84,0,0,6,19,0,13,0,24,0,0,32,2,0,13,0,279,238,192
2018,Perkins County; Nebraska,1225,850,330,778,312,26,0,46,18,375,363,179,355,449,2.34,2.91,2872,1225,776,744,105,22,12,1188,212,827,10,49,90,1129,109,771,0,154,95,16,0,0,33,0,69,9,26,4,0,31,135,0,4,0,4,2,4,575,57,61,248,151,58,2063,85,135,521,625,164,388,145,1843,533,2191,204,2872,378,716,10,1532,135,624,233,2889,2571,307,162,145,43,102,11,2907,2838,2835,1947,888,3,69,69,52,17,72,3,0,3,69,9,60,69,18,0,5,0,44,2,2713,2567,146,35,101,24,45,11,0,0,0,0,2907,98,0,70,59,49,264,32,9,843,4,0,370,21,0,92,79,0,69,19,35,0,5,130,19,2,5,0,1225,1069,1017
2018,Saunders County; Nebraska,8326,5750,2407,4804,1804,363,235,583,368,2576,2156,1034,2561,2568,2.49,3.01,20749,8326,4817,6176,560,870,545,8394,2163,4945,76,264,946,8281,1594,4854,87,805,941,330,78,41,81,0,133,63,271,81,14,31,155,20,38,9,81,34,54,5219,327,379,2256,1307,950,14278,241,794,4253,3588,1782,2490,1130,13243,3620,15767,1412,20752,2833,5240,286,11912,1138,3600,1409,20711,18139,2556,1063,1493,1220,273,16,21024,20749,20647,16419,4228,102,275,275,125,150,377,102,40,62,275,45,230,275,38,115,0,0,115,7,19683,19123,560,222,293,137,204,57,58,28,5,0,21024,776,79,3849,379,379,1569,300,48,8389,13,28,2811,531,20,461,744,8,50,175,169,14,8,1328,97,5,49,7,8326,7258,6578
2018,Scotts Bluff County; Nebraska,14613,9499,4254,6824,2574,864,538,1811,1142,5114,4385,1961,4788,4599,2.43,2.96,35477,14613,6783,10064,1795,2222,1097,13769,4241,7211,242,464,1611,14926,3389,7286,410,1756,2085,551,263,68,72,41,137,21,649,319,57,31,157,19,80,163,319,223,195,8897,757,564,4085,1992,1499,24207,1432,1584,7002,6328,2449,3762,1650,21191,5412,27220,2205,35682,5167,9026,295,20357,2313,6299,2559,35798,30505,5270,3431,1839,698,1141,23,36255,34762,34590,23957,10633,172,1493,1493,622,871,1665,172,31,141,1493,289,1204,1493,107,164,7,0,1195,20,33844,30020,3824,1180,3429,1039,280,109,54,28,61,4,36255,1079,32,367,360,778,2479,700,47,12385,313,42,3553,437,13,620,248,22,861,507,801,28,46,925,72,22,147,0,14613,12503,10994
2018,Keya Paha County; Nebraska,326,228,81,218,75,4,4,6,2,98,81,48,81,121,2.43,2.92,792,326,224,208,5,29,27,344,77,241,0,7,19,323,56,206,3,35,23,12,6,86,76,0,175,63,0,0,0,31,103,0,0,0,0,0,0,164,16,6,70,59,13,551,17,9,196,108,95,82,44,525,126,614,42,792,83,178,0,430,12,184,71,776,707,69,8,61,58,3,0,792,788,788,543,245,0,4,4,4,0,4,0,0,0,4,0,4,4,3,0,0,0,0,1,742,730,12,0,9,0,3,0,0,0,0,0,792,20,0,29,13,27,51,29,0,443,0,0,98,6,0,12,37,0,6,0,16,0,0,34,17,0,18,0,326,271,249
2018,Kimball County; Nebraska,1571,989,374,737,216,65,39,187,119,582,485,261,393,639,2.30,2.89,3608,1571,742,985,138,172,124,1536,380,792,64,29,271,1465,245,760,16,204,240,28,10,32,43,0,53,47,57,15,0,31,105,3,0,12,15,8,15,752,43,68,351,210,80,2626,77,224,887,644,316,351,127,2325,478,2834,288,3602,631,827,54,1924,196,851,381,3631,2951,657,320,337,143,194,23,3667,3628,3551,1995,1556,77,39,39,21,18,116,77,0,77,39,5,34,39,12,0,0,0,27,0,3472,3296,176,31,152,25,24,6,0,0,0,0,3667,236,0,57,61,67,462,78,9,1061,8,5,452,83,0,57,94,2,53,67,32,6,0,130,25,0,28,0,1571,1330,1078
2018,Lincoln County; Nebraska,14985,9614,4205,7812,2911,550,338,1252,956,5371,4591,1902,4527,4435,2.31,2.87,34632,14985,7871,9200,896,1680,928,13939,3508,8348,139,608,1336,14444,3187,8010,250,1184,1813,546,256,71,74,4,165,19,409,254,22,31,111,42,117,73,254,161,186,8511,619,353,4036,2078,1425,24247,642,1000,7268,6627,3346,3472,1892,22605,5364,26869,2545,35016,5118,8526,371,20277,2312,6213,2435,34881,29361,5465,3148,2317,1257,1060,55,35433,34787,34628,25071,9557,159,646,646,357,289,805,159,14,145,646,154,492,646,120,61,127,1,312,25,33346,32121,1225,206,963,138,149,34,23,14,90,20,35433,1827,78,716,640,809,4038,969,168,11084,44,96,4905,675,5,522,801,0,210,338,550,0,111,1400,70,38,147,14,14985,13063,11680
2018,Pierce County; Nebraska,3026,2055,850,1771,667,108,58,176,125,971,838,381,911,906,2.32,2.84,7028,3026,1786,1910,94,212,117,2829,684,1857,24,45,219,2863,503,1809,17,295,239,133,9,15,95,0,213,20,37,35,0,31,139,0,0,35,35,25,9,1638,115,97,803,393,230,4861,150,104,1673,906,946,815,267,4607,1082,5376,447,7026,787,1779,49,4016,345,1231,393,7025,6279,746,275,471,405,66,0,7157,7052,7029,5875,1154,23,105,105,80,25,128,23,0,23,105,8,97,105,11,24,4,0,66,0,6687,6567,120,45,88,35,11,3,20,6,1,1,7157,320,0,460,183,66,241,67,8,4375,12,0,468,49,0,181,96,0,25,52,61,0,1,360,12,0,13,3,3026,2617,2343
2018,Sioux County; Nebraska,579,388,114,329,78,20,6,39,30,191,165,93,121,211,2.19,2.68,1266,579,330,286,37,34,28,483,90,341,0,23,29,531,78,338,0,89,26,30,4,40,133,0,188,0,14,2,0,31,165,0,0,2,2,2,2,221,1,42,99,15,64,897,35,25,278,217,103,199,40,837,239,1003,81,1266,118,263,6,727,33,276,79,1230,1158,72,29,43,20,23,0,1266,1264,1264,791,473,0,2,2,0,2,2,0,0,0,2,0,2,2,2,0,0,0,0,0,1157,1152,5,0,4,0,1,0,0,0,0,0,1266,54,6,32,5,42,209,44,5,573,0,0,188,8,0,47,6,0,0,31,57,0,0,29,2,0,23,0,579,470,393
2018,Burt County; Nebraska,2919,1923,791,1595,568,100,61,228,162,996,866,506,827,1094,2.20,2.70,6413,2919,1579,1570,120,225,161,2575,588,1609,19,136,223,2747,386,1635,55,356,315,72,30,61,60,0,128,19,64,39,1,31,021,16,0,22,39,24,28,1357,106,105,680,266,200,4645,131,313,1720,1019,621,636,205,4201,841,5067,532,6431,1031,1461,58,3489,457,1481,516,6486,5724,762,363,399,293,106,0,6528,6428,6393,4857,1536,35,100,100,29,71,135,35,7,28,100,0,100,100,28,14,0,0,54,4,6193,6036,157,58,127,58,19,0,11,0,0,0,6528,296,0,182,553,183,579,147,11,2428,10,21,964,93,11,84,126,9,23,36,144,0,0,846,16,0,18,0,2919,2313,1999
2018,Cass County; Nebraska,10005,7070,3081,5951,2400,399,223,720,458,2935,2438,1064,3379,2989,2.54,3.02,25405,10005,5946,7385,958,1111,589,10239,2668,6150,72,220,1129,10310,1931,6265,131,956,1027,304,72,33,57,26,110,29,398,174,52,31,025,36,35,51,174,115,125,6292,588,392,2745,1539,1028,17604,195,701,5272,4381,2231,3312,1512,16708,4824,19293,2564,25279,2368,6272,128,14919,1259,4088,981,25425,22448,2922,1080,1842,1398,444,55,25702,25425,25091,17290,7801,334,277,277,165,112,611,334,90,244,277,64,213,277,68,64,6,0,115,24,24172,23637,535,103,383,61,132,34,11,8,9,0,25702,917,13,1410,979,686,2413,614,61,10144,39,29,3649,595,17,396,1044,27,169,283,290,13,27,853,60,30,96,27,10005,9160,8231
2018,Cuming County; Nebraska,3752,2404,994,2056,738,160,128,188,128,1348,1227,631,1029,1286,2.36,3.00,8847,3752,2053,2624,137,281,138,3605,885,2202,12,172,334,3544,687,2122,17,439,279,136,0,0,83,0,175,30,57,8,5,31,039,0,0,3,8,5,8,2100,160,140,973,573,254,6108,370,401,2205,1019,694,1071,348,5337,1419,6775,588,8847,940,2216,80,4832,278,1799,582,8883,8213,670,345,325,278,47,0,8991,8499,8458,7071,1387,41,492,492,179,313,533,41,0,41,492,18,474,492,0,17,0,0,461,14,8458,7780,678,271,646,263,23,8,9,0,0,0,8991,261,0,549,191,170,398,136,15,4977,16,7,666,103,0,121,146,0,17,15,73,20,0,431,29,0,10,0,3752,3030,2499
2018,Dixon County; Nebraska,2311,1593,639,1351,461,87,70,155,108,718,648,291,686,768,2.45,2.97,5665,2311,1345,1656,135,218,127,2316,630,1333,10,50,293,2273,393,1421,35,260,164,100,24,53,92,0,182,46,88,37,19,31,051,6,11,1,37,22,33,1362,103,58,636,364,201,3890,138,306,1410,796,442,567,231,3446,798,4297,356,5665,779,1449,50,3154,307,1062,422,5666,4928,736,328,408,365,43,2,5746,5326,5313,2584,2729,13,420,420,181,239,433,13,5,8,420,61,359,420,17,2,0,0,401,0,5355,4737,618,347,601,347,15,0,2,0,0,0,5746,126,0,155,164,103,379,122,9,2691,0,0,1091,59,0,242,70,0,54,42,46,1,0,455,23,4,18,2,2311,1962,1680
2018,Dundy County; Nebraska,865,531,229,419,158,32,21,80,50,334,315,164,239,310,2.28,2.95,1972,865,422,594,22,69,68,736,156,457,10,21,92,800,163,413,4,130,90,28,12,64,68,0,126,22,21,11,0,31,057,0,0,11,11,5,11,533,24,11,328,90,80,1333,55,186,297,383,153,182,77,1092,259,1478,146,1984,210,545,0,1063,87,376,123,1994,1507,480,97,383,91,292,7,2023,1864,1841,1057,784,23,159,159,12,147,182,23,0,23,159,2,157,159,12,0,2,0,145,0,1910,1599,311,57,311,57,0,0,0,0,0,0,2023,87,0,34,31,22,172,38,2,573,0,0,148,6,0,10,29,0,0,8,85,0,2,37,0,0,8,0,865,712,615
2018,Grant County; Nebraska,293,198,65,188,58,3,3,7,4,95,88,35,69,108,2.30,2.85,674,293,181,174,12,14,8,308,93,189,0,7,19,276,52,185,4,13,22,13,0,0,121,0,295,0,0,0,0,31,075,0,0,0,0,0,0,160,9,22,49,35,45,493,7,9,183,121,49,97,27,477,124,555,38,715,84,160,6,396,40,159,38,708,636,72,41,31,26,5,0,718,716,708,555,153,8,2,2,2,0,10,8,0,8,2,0,2,2,2,0,0,0,0,0,660,660,0,0,0,0,0,0,0,0,0,0,718,53,0,29,19,20,52,14,0,242,0,0,114,12,0,16,6,0,0,4,18,0,0,18,13,0,15,0,293,246,211
2018,Greeley County; Nebraska,1034,673,276,585,239,41,3,47,34,361,338,199,300,434,2.31,2.91,2384,1034,576,667,44,63,35,979,237,624,0,48,70,963,164,583,7,140,69,46,12,67,110,78,168,73,16,8,0,31,077,8,0,0,8,5,8,497,35,42,242,140,38,1680,65,41,567,477,238,208,84,1574,292,1838,177,2384,350,572,14,1231,102,581,234,2367,2134,228,88,140,75,65,5,2410,2379,2358,2024,334,21,31,31,20,11,52,21,13,8,31,5,26,31,5,10,0,0,14,2,2266,2211,55,13,35,4,20,9,0,0,0,0,2410,73,0,137,45,37,255,50,1,1124,0,0,570,8,0,15,180,0,12,12,20,0,0,50,3,0,40,0,1034,859,701
2018,Hall County; Nebraska,22870,15486,7608,10951,4527,1207,689,3328,2392,7384,5933,2547,8366,6065,2.64,3.17,60387,22870,10893,18824,3898,3902,1664,23506,7721,12300,362,649,2474,23731,6019,11937,489,2377,2909,1256,438,62,93,32,160,49,1527,523,120,31,079,120,98,185,523,305,413,14950,1295,934,7257,3546,1918,39350,2760,3266,12202,9081,3806,5890,2345,33324,8235,44575,3359,60505,7512,16722,853,35510,3722,8273,2937,60518,50689,9311,6078,3233,2021,1212,518,61343,52904,52366,41174,11192,538,8439,8439,2306,6133,8977,538,55,483,8439,1882,6557,8439,107,564,766,0,6960,42,56682,44217,12465,5911,10653,5137,340,31,637,245,835,498,61343,2245,60,1548,1255,856,3629,1211,71,19586,8,23,6683,662,2,808,3021,32,295,405,621,11,919,1964,170,12,173,0,22870,19590,17940
2018,Hayes County; Nebraska,413,268,86,239,74,28,11,1,1,145,127,65,88,122,2.28,2.87,943,413,247,236,17,30,19,404,104,241,7,27,25,356,41,257,7,40,11,3,0,0,21,0,45,0,2,0,0,31,085,0,0,0,0,0,0,163,2,15,95,36,15,695,35,47,185,196,106,110,16,613,126,738,84,943,148,205,11,567,73,171,64,927,878,47,7,40,32,8,2,943,891,887,683,204,4,52,52,19,33,56,4,0,4,52,4,48,52,0,0,0,0,52,0,878,808,70,27,70,27,0,0,0,0,0,0,943,34,5,25,20,28,32,15,9,259,0,0,77,10,0,7,3,1,0,13,9,0,0,37,7,0,2,0,413,347,316
2018,Otoe County; Nebraska,6452,4209,1791,3349,1308,245,143,615,340,2243,1941,1010,1946,2091,2.43,3.00,15666,6452,3347,4590,479,798,348,6140,1805,3349,87,182,717,6592,1308,3661,60,885,678,237,55,36,72,29,131,33,179,60,14,31,131,25,0,21,60,48,15,3406,238,214,1584,860,510,10881,387,537,3956,2293,1340,1724,644,9957,2368,12059,1251,15658,2328,3827,131,8987,1119,2844,1078,15644,13802,1834,841,993,664,329,8,15896,15255,15192,11357,3835,63,641,641,143,498,704,63,0,63,641,185,456,641,33,28,33,0,538,9,14799,13884,915,465,810,443,26,15,40,7,39,0,15896,696,20,443,241,241,1314,280,19,6310,18,0,2128,224,0,186,364,7,24,81,215,7,33,433,57,25,135,0,6452,5501,4985
2018,Red Willow County; Nebraska,4459,2927,1016,2412,721,168,96,347,199,1532,1297,635,1097,1469,2.33,2.90,10384,4459,2439,2809,325,352,249,4417,1411,2509,48,83,366,4383,794,2556,55,472,506,120,22,24,58,0,118,18,67,55,0,31,145,13,0,42,55,25,13,2478,136,89,1163,657,433,7364,124,456,2331,2169,897,895,492,6784,1387,8333,779,10542,1529,2473,147,6050,603,2019,779,10697,9225,1440,754,686,341,345,32,10806,10659,10648,7633,3015,11,147,147,74,73,158,11,0,11,147,42,105,147,27,15,9,0,79,17,10167,9978,189,63,150,63,37,0,0,0,2,0,10806,527,0,297,84,120,1043,227,2,3889,3,11,1179,388,0,134,110,0,69,121,107,0,9,378,54,0,38,0,4459,3790,3304
2018,Cedar County; Nebraska,3456,2349,875,2118,749,76,38,155,88,1107,983,550,924,1227,2.42,2.98,8374,3456,2096,2424,125,273,179,3358,802,2227,10,116,203,3369,590,2077,29,471,202,126,44,63,81,0,164,32,69,26,19,31,027,0,0,7,26,16,19,2059,140,92,988,522,317,5745,179,249,2025,1215,962,799,316,5317,1115,6371,574,8374,957,2152,91,4565,320,1657,546,8413,7477,922,338,584,274,310,14,8523,8495,8483,4255,4228,12,28,28,14,14,40,12,3,9,28,11,17,28,6,3,0,0,15,4,7960,7870,90,31,69,28,18,3,3,0,0,0,8523,289,5,254,334,134,326,124,55,5398,6,4,925,72,7,239,92,3,25,33,49,0,0,416,73,0,40,0,3456,2895,2712
2018,Dawes County; Nebraska,3623,2154,918,1660,616,224,149,270,153,1469,1062,428,1067,1061,2.17,2.74,7850,3623,1644,1982,130,471,216,3837,1417,1822,31,101,466,3731,1269,1679,12,375,396,80,4,3,37,6,81,5,59,47,8,31,045,0,0,39,47,22,47,2879,106,86,619,409,1659,5377,111,144,1286,1336,513,1092,895,5122,1987,7282,649,8823,1005,1610,139,5677,416,1536,450,8865,6672,2193,892,1301,555,746,0,8896,8799,8597,4721,3876,202,97,97,21,76,299,202,0,202,97,65,32,97,7,43,13,0,26,8,8403,8228,175,12,114,3,41,0,13,9,7,0,8896,550,10,327,106,352,812,113,85,2949,96,0,1153,209,0,412,392,14,43,113,161,22,24,176,53,16,49,0,3623,3095,2818
2018,Johnson County; Nebraska,1820,1241,530,992,358,66,30,183,142,579,525,289,554,650,2.27,2.74,4123,1820,970,1108,76,149,113,2688,994,1161,37,75,421,1724,295,965,6,225,233,51,28,75,65,0,133,38,18,0,0,31,097,0,0,0,0,0,0,988,59,105,402,281,141,3763,217,304,1588,648,404,411,191,3242,602,4213,331,4114,673,975,33,2256,269,883,371,5158,4500,650,211,439,370,69,8,5197,5006,4931,3719,1212,75,191,191,53,138,266,75,53,22,191,7,184,191,6,43,1,10,131,0,4964,4517,447,166,378,118,0,0,68,48,1,0,5197,204,0,154,62,120,261,51,0,2163,5,4,541,24,0,31,170,0,6,43,53,4,4,117,9,0,3,0,1820,1458,1306
2018,Cheyenne County; Nebraska,4434,2508,1060,2060,754,124,86,324,220,1926,1758,675,1119,1258,2.20,2.99,9742,4434,2045,2708,239,316,157,3942,1105,2127,72,157,481,3945,649,2201,70,534,491,127,42,51,63,68,123,0,131,10,0,31,033,5,0,5,10,2,7,2261,201,221,927,538,374,6807,206,251,1927,1837,803,1370,413,6350,1783,7491,751,9754,1398,2361,108,5711,681,1682,609,9768,8530,1227,579,648,225,423,11,9852,9655,9625,5983,3642,30,197,197,21,176,227,30,15,15,197,50,147,197,8,69,2,0,118,0,9181,8848,333,67,219,50,92,0,16,16,6,1,9852,442,0,207,88,249,782,123,165,4061,0,0,1144,177,17,282,181,29,94,90,174,0,0,449,31,0,98,0,4434,3832,3322
2018,Dawson County; Nebraska,8997,6475,3063,4896,1916,561,437,1018,710,2522,2048,986,3421,2565,2.61,3.07,23461,8997,4902,7108,1385,1069,631,9514,2865,5339,185,250,875,8909,1906,5198,79,879,847,423,159,69,85,0,166,30,381,147,9,31,047,16,15,107,147,45,141,5771,454,327,2635,1459,896,15318,2160,1224,4906,3077,1554,1674,723,11934,2397,17249,1189,23524,2997,6544,196,13484,1457,3496,1344,23430,20362,2954,1554,1400,913,487,114,23804,19209,18985,14378,4607,224,4595,4595,2061,2534,4819,224,99,125,4595,1120,3475,4595,52,70,870,0,3582,21,21820,15231,6589,3410,5685,2709,25,0,58,43,821,658,23804,669,4,432,333,335,1508,429,31,5834,11,5,1800,65,0,261,274,0,102,97,206,0,1020,1199,27,5,84,0,8997,7787,6880
2018,Garfield County; Nebraska,886,594,197,506,136,27,21,61,40,292,276,172,213,375,2.17,2.66,1925,886,476,455,53,55,40,808,189,527,3,30,59,856,153,479,24,131,69,11,0,0,31,0,20,55,25,19,0,31,071,10,0,9,19,4,19,333,14,26,172,97,24,1437,28,28,439,444,179,242,77,1381,319,1570,168,1925,301,405,11,1008,85,512,205,1955,1777,178,47,131,125,6,0,1975,1961,1961,1642,319,0,14,14,14,0,14,0,0,0,14,0,14,14,7,7,0,0,0,0,1880,1860,20,0,2,0,11,0,7,0,0,0,1975,62,0,123,67,57,208,28,4,732,0,0,321,16,0,16,71,0,50,20,69,0,0,82,7,0,9,0,886,684,535
2018,McPherson County; Nebraska,203,139,50,137,48,0,0,2,2,64,64,48,52,81,2.23,2.80,453,203,132,113,5,0,0,182,25,139,0,6,12,184,10,135,0,32,7,21,0,0,304,0,600,205,3,0,0,31,117,0,0,0,0,0,0,94,2,5,50,30,7,338,17,20,84,82,51,61,23,301,84,350,37,454,49,104,2,250,10,100,37,440,420,20,11,9,6,3,0,454,454,454,391,63,0,0,0,0,0,0,0,0,0,0,0,0,0,0,0,0,0,0,0,423,423,0,0,0,0,0,0,0,0,0,0,454,15,0,0,2,3,9,7,0,178,0,0,69,0,0,12,9,0,0,5,3,0,0,9,0,0,2,0,203,161,121
2018,Nance County; Nebraska,1546,980,419,814,305,59,54,107,60,566,497,221,437,479,2.20,2.78,3406,1546,804,893,52,111,72,1421,392,827,18,58,126,1474,293,808,20,213,140,51,11,36,76,0,145,48,13,7,0,31,125,0,7,0,7,7,4,786,75,22,404,193,92,2504,103,110,915,592,288,282,214,2291,496,2742,277,3457,545,812,34,2003,261,642,250,3512,3216,296,166,130,98,32,0,3554,3521,3514,2966,548,7,33,33,9,24,40,7,7,0,33,4,29,33,26,2,5,0,0,0,3356,3302,54,25,9,7,45,18,0,0,0,0,3554,100,0,124,116,70,321,47,3,1443,0,0,528,31,0,20,645,0,5,17,71,0,12,332,27,0,28,0,1546,1256,1158
2018,Stanton County; Nebraska,2410,1781,746,1400,533,88,41,293,172,629,508,147,826,641,2.47,2.87,5942,2410,1402,1753,169,208,88,2361,626,1456,20,63,196,2354,430,1419,29,247,229,72,20,39,62,0,140,6,128,71,12,31,167,11,43,5,71,43,71,1507,118,54,743,314,278,4067,153,133,1314,1007,784,492,184,3781,676,4467,401,5938,673,1521,64,3471,258,946,351,5944,5351,593,125,468,312,156,0,5992,5751,5743,4683,1060,8,241,241,158,83,249,8,2,6,241,37,204,241,16,26,27,0,172,0,5586,5259,327,174,277,172,5,0,13,2,32,0,5992,210,0,465,240,132,397,94,7,3368,3,0,408,32,0,71,137,11,13,48,80,5,32,305,59,0,8,0,2410,2123,1892
2018,Valley County; Nebraska,1840,1237,480,1085,374,51,43,101,63,603,542,311,504,714,2.26,2.71,4151,1840,1071,1007,36,197,138,1664,402,1020,22,77,143,1769,302,1169,14,177,107,73,12,40,92,0,209,6,40,20,0,31,175,5,0,15,20,11,14,845,38,73,403,201,130,2985,85,140,1083,735,261,527,154,2760,681,3271,323,4172,656,953,18,2228,234,991,404,4165,3628,536,259,277,231,46,1,4224,4182,4175,3492,683,7,42,42,23,19,49,7,0,7,42,31,11,42,12,0,0,0,30,0,3956,3888,68,20,28,20,36,0,4,0,0,0,4224,183,0,584,177,50,363,67,33,1578,0,0,464,62,0,137,418,0,2,36,31,0,0,76,49,0,56,10,1840,1489,1323
