county_name,county_fips,employment_status_population_16_years_and_over,employment_status_population_16_years_and_over_in_,employment_status_population_16_years_and_over_in_.1,employment_status_population_16_years_and_over_in_.2,employment_status_population_16_years_and_over_in_.3,employment_status_population_16_years_and_over_in_.4,employment_status_population_16_years_and_over_not,employment_status_civilian_labor_force,employment_status_civilian_labor_force_unemploymen,employment_status_females_16_years_and_over,employment_status_females_16_years_and_over_in_lab,employment_status_females_16_years_and_over_in_lab.1,employment_status_females_16_years_and_over_in_lab.2,employment_status_own_children_of_the_householder_,employment_status_own_children_of_the_householder_.1,employment_status_own_children_of_the_householder_.2,employment_status_own_children_of_the_householder_.3,commuting_to_work_workers_16_years_and_over,commuting_to_work_workers_16_years_and_over_car_tr,commuting_to_work_workers_16_years_and_over_car_tr.1,commuting_to_work_workers_16_years_and_over_public,commuting_to_work_workers_16_years_and_over_walked,commuting_to_work_workers_16_years_and_over_other_,commuting_to_work_workers_16_years_and_over_worked,commuting_to_work_workers_16_years_and_over_mean_t,occupation_civilian_employed_population_16_years_a,occupation_civilian_employed_population_16_years_a.1,occupation_civilian_employed_population_16_years_a.2,occupation_civilian_employed_population_16_years_a.3,occupation_civilian_employed_population_16_years_a.4,occupation_civilian_employed_population_16_years_a.5,industry_civilian_employed_population_16_years_and,industry_civilian_employed_population_16_years_and.1,industry_civilian_employed_population_16_years_and.2,industry_civilian_employed_population_16_years_and.3,industry_civilian_employed_population_16_years_and.4,industry_civilian_employed_population_16_years_and.5,industry_civilian_employed_population_16_years_and.6,industry_civilian_employed_population_16_years_and.7,industry_civilian_employed_population_16_years_and.8,industry_civilian_employed_population_16_years_and.9,industry_civilian_employed_population_16_years_and.10,industry_civilian_employed_population_16_years_and.11,industry_civilian_employed_population_16_years_and.12,industry_civilian_employed_population_16_years_and.13,state_fips,class_of_worker_civilian_employed_population_16_ye,class_of_worker_civilian_employed_population_16_ye.1,class_of_worker_civilian_employed_population_16_ye.2,class_of_worker_civilian_employed_population_16_ye.3,class_of_worker_civilian_employed_population_16_ye.4,income_and_benefits_in_2024_inflation_adjusted_dol,income_and_benefits_in_2024_inflation_adjusted_dol.1,income_and_benefits_in_2024_inflation_adjusted_dol.2,income_and_benefits_in_2024_inflation_adjusted_dol.3,income_and_benefits_in_2024_inflation_adjusted_dol.4,income_and_benefits_in_2024_inflation_adjusted_dol.5,income_and_benefits_in_2024_inflation_adjusted_dol.6,income_and_benefits_in_2024_inflation_adjusted_dol.7,income_and_benefits_in_2024_inflation_adjusted_dol.8,income_and_benefits_in_2024_inflation_adjusted_dol.9,income_and_benefits_in_2024_inflation_adjusted_dol.10,income_and_benefits_in_2024_inflation_adjusted_dol.11,income_and_benefits_in_2024_inflation_adjusted_dol.12,income_and_benefits_in_2024_inflation_adjusted_dol.13,income_and_benefits_in_2024_inflation_adjusted_dol.14,income_and_benefits_in_2024_inflation_adjusted_dol.15,income_and_benefits_in_2024_inflation_adjusted_dol.16,income_and_benefits_in_2024_inflation_adjusted_dol.17,income_and_benefits_in_2024_inflation_adjusted_dol.18,income_and_benefits_in_2024_inflation_adjusted_dol.19,income_and_benefits_in_2024_inflation_adjusted_dol.20,income_and_benefits_in_2024_inflation_adjusted_dol.21,income_and_benefits_in_2024_inflation_adjusted_dol.22,income_and_benefits_in_2024_inflation_adjusted_dol.23,income_and_benefits_in_2024_inflation_adjusted_dol.24,income_and_benefits_in_2024_inflation_adjusted_dol.25,income_and_benefits_in_2024_inflation_adjusted_dol.26,income_and_benefits_in_2024_inflation_adjusted_dol.27,income_and_benefits_in_2024_inflation_adjusted_dol.28,income_and_benefits_in_2024_inflation_adjusted_dol.29,income_and_benefits_in_2024_inflation_adjusted_dol.30,income_and_benefits_in_2024_inflation_adjusted_dol.31,income_and_benefits_in_2024_inflation_adjusted_dol.32,income_and_benefits_in_2024_inflation_adjusted_dol.33,income_and_benefits_in_2024_inflation_adjusted_dol.34,income_and_benefits_in_2024_inflation_adjusted_dol.35,income_and_benefits_in_2024_inflation_adjusted_dol.36,income_and_benefits_in_2024_inflation_adjusted_dol.37,income_and_benefits_in_2024_inflation_adjusted_dol.38,income_and_benefits_in_2024_inflation_adjusted_dol.39,income_and_benefits_in_2024_inflation_adjusted_dol.40,income_and_benefits_in_2024_inflation_adjusted_dol.41,income_and_benefits_in_2024_inflation_adjusted_dol.42,income_and_benefits_in_2024_inflation_adjusted_dol.43,health_insurance_coverage_civilian_noninstitutiona,health_insurance_coverage_civilian_noninstitutiona.1,health_insurance_coverage_civilian_noninstitutiona.2,health_insurance_coverage_civilian_noninstitutiona.3,health_insurance_coverage_civilian_noninstitutiona.4,health_insurance_coverage_civilian_noninstitutiona.5,health_insurance_coverage_civilian_noninstitutiona.6,health_insurance_coverage_civilian_noninstitutiona.7,health_insurance_coverage_civilian_noninstitutiona.8,health_insurance_coverage_civilian_noninstitutiona.9,health_insurance_coverage_civilian_noninstitutiona.10,health_insurance_coverage_civilian_noninstitutiona.11,health_insurance_coverage_civilian_noninstitutiona.12,health_insurance_coverage_civilian_noninstitutiona.13,health_insurance_coverage_civilian_noninstitutiona.14,health_insurance_coverage_civilian_noninstitutiona.15,health_insurance_coverage_civilian_noninstitutiona.16,health_insurance_coverage_civilian_noninstitutiona.17,health_insurance_coverage_civilian_noninstitutiona.18,health_insurance_coverage_civilian_noninstitutiona.19,health_insurance_coverage_civilian_noninstitutiona.20,health_insurance_coverage_civilian_noninstitutiona.21,health_insurance_coverage_civilian_noninstitutiona.22,health_insurance_coverage_civilian_noninstitutiona.23,percentage_of_families_and_people_whose_income_in_,percentage_of_families_and_people_whose_income_in_.1,percentage_of_families_and_people_whose_income_in_.2,percentage_of_families_and_people_whose_income_in_.3,percentage_of_families_and_people_whose_income_in_.4,percentage_of_families_and_people_whose_income_in_.5,percentage_of_families_and_people_whose_income_in_.6,percentage_of_families_and_people_whose_income_in_.7,percentage_of_families_and_people_whose_income_in_.8,percentage_of_families_and_people_whose_income_in_.9,percentage_of_families_and_people_whose_income_in_.10,percentage_of_families_and_people_whose_income_in_.11,percentage_of_families_and_people_whose_income_in_.12,percentage_of_families_and_people_whose_income_in_.13,percentage_of_families_and_people_whose_income_in_.14,percentage_of_families_and_people_whose_income_in_.15,percentage_of_families_and_people_whose_income_in_.16,percentage_of_families_and_people_whose_income_in_.17,percentage_of_families_and_people_whose_income_in_.18
Beaver County; Utah,49001,5539,3123,3117,3065,52,6,2416,3117,-888888888,2593,1361,1361,1346,760,592,1375,756,3039,2306,432,8,0,10,283,16.7,3065,1021,518,574,520,432,3065,225,464,310,54,217,348,8,128,144,649,194,179,145,49,3065,2049,627,389,0,2518,55,91,111,100,427,336,576,485,213,124,79360,87143,1872,90314,835,25192,694,25731,105,6750,0,-666666666,113,1928,52,7,46,59,223,228,532,464,193,124,91134,99406,30204,590,39500,45509,42438,67630,44696,6919,5868,4899,1862,1051,2240,505,3589,2856,2810,2386,2295,94,424,46,34,26,10,12,733,623,401,231,110,-888888888,-888888888,-888888888,-888888888,-888888888,-888888888,-888888888,-888888888,-888888888,-888888888,-888888888,-888888888,-888888888,-888888888,-888888888,-888888888,-888888888,-888888888,-888888888
Box Elder County; Utah,49003,44903,29412,29344,28391,953,68,15491,29344,-888888888,21871,11920,11920,11474,5192,2858,13080,8043,28082,20791,3043,121,489,399,3239,22.3,28391,9926,3934,4924,3553,6054,28391,1021,2958,6140,446,3216,1590,187,1143,2021,5010,1804,1047,1808,49,28391,22226,4596,1549,20,19557,764,712,668,850,1732,3833,3157,4397,2008,1436,84550,99908,15699,101048,5554,25640,4922,29076,878,11349,285,2639,1087,15028,252,149,239,414,1166,2838,2800,3962,1851,1357,97239,113037,33231,4529,38694,50409,42366,67424,45730,60857,55976,47090,14399,4881,19591,1016,33403,26017,25306,22811,21737,1717,2495,711,495,253,255,216,7386,6268,4632,2108,1118,-888888888,-888888888,-888888888,-888888888,-888888888,-888888888,-888888888,-888888888,-888888888,-888888888,-888888888,-888888888,-888888888,-888888888,-888888888,-888888888,-888888888,-888888888,-888888888
Cache County; Utah,49005,103863,73435,73385,71481,1904,50,30428,73385,-888888888,52114,32737,32737,31817,12194,6366,27693,16372,70171,47574,6525,1535,2782,1924,9831,17.7,71481,29189,10418,15081,5277,11516,71481,1211,4495,12472,1093,8276,2475,675,2858,9231,17603,5892,2917,2283,49,71481,55146,12826,3280,229,44439,1144,1013,1869,3267,5273,7746,6726,9421,3593,4387,81665,105827,38931,100085,9116,26105,8117,34046,927,13024,1056,5162,2127,33713,496,749,931,1937,2888,5714,5223,8365,3374,4036,94169,119065,33781,10726,47624,60237,33259,66513,45688,139343,129733,111785,28883,9610,43997,2263,81590,66159,64656,59447,57204,3660,5209,1503,1151,968,186,352,15431,13682,11379,2985,1749,-888888888,-888888888,-888888888,-888888888,-888888888,-888888888,-888888888,-888888888,-888888888,-888888888,-888888888,-888888888,-888888888,-888888888,-888888888,-888888888,-888888888,-888888888,-888888888
Carbon County; Utah,49007,16003,9066,9017,8486,531,49,6937,9017,-888888888,8072,4343,4343,4113,1529,821,3448,2257,8394,6507,1116,6,95,139,531,19.5,8486,2667,1151,2164,1140,1364,8486,461,559,685,274,981,806,167,320,560,2079,670,342,582,49,8486,6325,1852,295,14,8123,472,340,744,972,937,1570,1251,1024,470,343,58377,75548,5694,79005,3303,25476,2167,20396,488,13243,95,1998,1135,5294,202,67,317,530,547,965,1059,868,428,311,75540,90823,30960,2829,34495,45194,35000,70270,42410,20313,19059,13810,8351,1254,5415,150,10968,8181,7732,7029,6363,900,703,449,316,104,226,133,2787,2519,1377,1368,268,-888888888,-888888888,-888888888,-888888888,-888888888,-888888888,-888888888,-888888888,-888888888,-888888888,-888888888,-888888888,-888888888,-888888888,-888888888,-888888888,-888888888,-888888888,-888888888
Daggett County; Utah,49009,638,324,316,295,21,8,314,316,-888888888,243,127,127,114,41,18,103,70,294,226,37,0,15,1,15,20.9,295,72,80,66,42,35,295,31,27,19,0,25,14,4,6,26,62,56,5,20,49,295,125,117,53,0,288,9,7,11,29,56,48,42,55,19,12,66000,85531,199,76040,123,23221,107,30521,19,13042,0,-666666666,15,165,2,2,4,10,25,12,28,51,19,12,99375,113265,34407,123,47917,48327,28000,82679,40417,724,649,534,235,75,187,28,372,273,258,233,213,20,25,15,9,2,7,6,99,83,67,28,16,-888888888,-888888888,-888888888,-888888888,-888888888,-888888888,-888888888,-888888888,-888888888,-888888888,-888888888,-888888888,-888888888,-888888888,-888888888,-888888888,-888888888,-888888888,-888888888
Davis County; Utah,49011,272818,192485,189751,184571,5180,2734,80333,189751,-888888888,135502,84764,84311,82102,31686,17247,77608,52129,184346,130932,13917,2292,2145,1695,33365,22.9,184571,84605,24592,40421,13506,21447,184571,1076,12929,18918,3251,21604,10874,2897,13299,22964,40516,14100,8421,13722,49,184571,141857,33878,8555,281,115919,2835,1740,3949,3727,7963,15468,15497,27961,17394,19385,110884,132463,99241,129357,26139,26792,26385,38068,3825,10977,1573,4496,5317,91049,1613,892,1855,1658,4848,10593,11824,24313,15693,17760,123351,145836,42483,24870,59875,73575,48637,78284,54656,366384,345354,305465,73073,21030,117557,5689,208560,171154,166652,156082,151290,9254,10570,4502,3544,2691,958,958,37406,33916,27109,9124,3490,-888888888,-888888888,-888888888,-888888888,-888888888,-888888888,-888888888,-888888888,-888888888,-888888888,-888888888,-888888888,-888888888,-888888888,-888888888,-888888888,-888888888,-888888888,-888888888
Duchesne County; Utah,49013,14462,8832,8817,8437,380,15,5630,8817,-888888888,7137,3762,3762,3630,1900,817,4268,2351,8303,6402,906,0,247,143,605,21.1,8437,2758,1075,1554,1361,1689,8437,1315,788,466,168,937,860,147,355,505,1644,472,355,425,49,8437,6195,1640,595,7,6878,239,165,457,550,668,1163,982,1495,557,602,78445,97751,5490,98583,1975,24950,1343,25312,356,13585,98,3915,720,5350,156,82,186,387,454,943,858,1232,499,553,89486,106562,32622,1528,44006,61910,43172,73579,48020,19944,17543,13516,5940,2401,6768,639,10582,7843,7570,6312,5864,684,1258,273,213,96,117,60,2739,2318,1395,1055,421,-888888888,-888888888,-888888888,-888888888,-888888888,-888888888,-888888888,-888888888,-888888888,-888888888,-888888888,-888888888,-888888888,-888888888,-888888888,-888888888,-888888888,-888888888,-888888888
Emery County; Utah,49015,7647,4494,4485,4324,161,9,3153,4485,-888888888,3840,2004,2004,1889,752,383,1873,1159,4264,3289,565,9,59,38,304,20.7,4324,1360,615,839,846,664,4324,454,457,201,81,457,506,143,190,197,956,279,110,293,49,4324,3095,1072,156,1,3453,146,98,174,313,368,638,562,667,286,201,74291,88608,2609,87789,1353,27827,993,30140,135,13881,25,5712,351,2563,46,45,66,165,202,485,489,589,286,190,93216,99638,31292,890,36875,55299,35752,69783,46587,9993,9336,7294,3546,657,2985,99,5167,3897,3775,3321,3147,232,454,122,96,73,39,26,1270,1192,744,560,78,-888888888,-888888888,-888888888,-888888888,-888888888,-888888888,-888888888,-888888888,-888888888,-888888888,-888888888,-888888888,-888888888,-888888888,-888888888,-888888888,-888888888,-888888888,-888888888
Garfield County; Utah,49017,4232,2543,2543,2439,104,0,1689,2543,-888888888,1990,1234,1234,1159,346,173,740,560,2379,1594,252,0,220,75,238,13.5,2439,1022,674,302,266,175,2439,171,115,65,21,104,108,108,25,208,545,778,19,172,49,2439,1697,572,163,7,2042,40,62,220,315,168,396,312,250,148,131,61875,86134,1513,82269,709,24189,435,49139,56,15188,33,1148,114,1469,13,38,76,182,56,294,290,243,146,131,88194,105434,35414,573,33993,36172,34739,49194,47031,5076,4457,3803,1552,619,1223,67,2693,2184,2093,1693,1637,77,400,91,50,33,17,41,509,406,299,134,103,-888888888,-888888888,-888888888,-888888888,-888888888,-888888888,-888888888,-888888888,-888888888,-888888888,-888888888,-888888888,-888888888,-888888888,-888888888,-888888888,-888888888,-888888888,-888888888
Grand County; Utah,49019,8095,5484,5484,5396,88,0,2611,5484,-888888888,4081,2626,2626,2569,486,314,1356,1165,5296,3628,690,0,158,343,477,14.7,5396,2243,1027,1249,526,351,5396,161,321,367,30,748,246,28,336,575,922,1169,225,268,49,5396,4087,864,425,20,4554,370,154,252,345,544,729,483,980,430,267,67106,90104,3452,90550,1703,20386,878,33000,135,12477,118,342,148,2563,73,44,18,214,215,467,279,762,318,173,97543,107540,42062,1991,44443,64288,44590,60475,52750,9681,8624,6643,3131,1057,1946,363,5806,4994,4926,4331,3948,439,595,68,68,68,0,0,812,713,500,227,99,-888888888,-888888888,-888888888,-888888888,-888888888,-888888888,-888888888,-888888888,-888888888,-888888888,-888888888,-888888888,-888888888,-888888888,-888888888,-888888888,-888888888,-888888888,-888888888
Iron County; Utah,49021,47274,30347,30239,29052,1187,108,16927,30239,-888888888,23814,14098,14098,13555,4908,2205,11334,8245,28202,20536,3199,18,637,606,3206,16.9,29052,10015,5327,5734,3580,4396,29052,1055,2876,2881,346,3585,1073,407,1234,2517,8113,2590,1125,1250,49,29052,22060,5480,1380,132,20157,752,885,1405,1651,2269,4204,2913,3179,1371,1528,66247,89495,16076,85106,5941,26136,4611,37684,1082,11853,345,4239,1797,14029,329,345,518,836,1506,2827,2383,2791,1186,1308,81212,103193,30186,6128,38526,54896,30846,53204,40843,61845,55478,44144,18658,6367,18139,1488,35161,27299,26227,22982,21133,2644,3245,1072,704,600,138,368,7862,6620,4790,2430,1242,-888888888,-888888888,-888888888,-888888888,-888888888,-888888888,-888888888,-888888888,-888888888,-888888888,-888888888,-888888888,-888888888,-888888888,-888888888,-888888888,-888888888,-888888888,-888888888
Juab County; Utah,49023,8889,6174,6168,6032,136,6,2715,6168,-888888888,4314,2710,2710,2650,1136,653,2947,2146,5965,4476,636,14,146,70,623,23.9,6032,2371,898,894,811,1058,6032,295,794,845,47,566,251,105,201,462,1474,390,239,363,49,6032,4577,1087,368,0,3862,78,62,258,191,182,472,628,1229,385,377,101786,109235,3141,108731,1072,28772,748,38826,189,16311,60,2620,230,3226,36,14,106,106,129,427,537,1144,379,348,109786,119075,34034,636,33977,57198,38917,74060,47273,12486,11670,10066,3270,816,4422,305,6544,5263,5166,4843,4737,282,323,97,70,58,12,27,1281,1120,682,509,161,-888888888,-888888888,-888888888,-888888888,-888888888,-888888888,-888888888,-888888888,-888888888,-888888888,-888888888,-888888888,-888888888,-888888888,-888888888,-888888888,-888888888,-888888888,-888888888
Kane County; Utah,49025,6687,3739,3713,3576,137,26,2948,3713,-888888888,3245,1680,1680,1598,439,219,1142,747,3445,2158,473,0,69,73,672,15.5,3576,1014,731,1094,466,271,3576,125,272,175,30,329,160,36,309,189,711,310,679,251,49,3576,2743,665,168,0,3456,145,129,146,111,517,552,669,634,289,264,77092,95803,2378,102174,1340,24332,905,31208,72,8047,14,2550,82,2277,50,21,45,49,161,404,450,598,262,237,96228,116720,39226,1179,42774,51981,40143,65234,52000,7923,7505,6096,2727,418,1745,60,4183,3249,3112,2862,2794,128,250,137,137,133,8,0,934,852,668,249,82,-888888888,-888888888,-888888888,-888888888,-888888888,-888888888,-888888888,-888888888,-888888888,-888888888,-888888888,-888888888,-888888888,-888888888,-888888888,-888888888,-888888888,-888888888,-888888888
Millard County; Utah,49027,9778,6200,6200,5857,343,0,3578,6200,-888888888,4882,2851,2851,2623,1193,698,2718,1991,5617,4458,520,0,63,146,430,17.5,5857,1596,1029,1206,773,1253,5857,660,357,550,59,874,644,48,143,419,1044,407,348,304,49,5857,4195,1108,487,67,4357,109,71,379,309,526,846,789,752,416,160,73639,84122,3204,83904,1676,26068,1286,28898,220,13137,72,6990,208,3416,24,37,214,260,348,569,714,693,397,160,80372,93633,28744,941,38575,46017,33067,63624,42746,13172,11657,9595,3997,1515,4371,447,6580,5224,5006,4265,3984,396,741,218,97,91,6,121,1356,1150,843,412,206,-888888888,-888888888,-888888888,-888888888,-888888888,-888888888,-888888888,-888888888,-888888888,-888888888,-888888888,-888888888,-888888888,-888888888,-888888888,-888888888,-888888888,-888888888,-888888888
Morgan County; Utah,49029,9113,6084,6084,5943,141,0,3029,6084,-888888888,4413,2575,2575,2501,971,357,3256,1876,5755,4222,603,0,45,99,786,25.3,5943,2960,662,1180,621,520,5943,151,561,665,135,650,320,93,309,584,1304,372,288,511,49,5943,4302,1188,448,5,3785,27,18,51,32,225,456,481,1017,702,776,130929,158661,3185,158512,963,31517,1040,32594,120,13624,14,-999999999,13,3394,24,8,32,22,128,402,351,975,694,758,138505,167808,46133,391,57137,74386,53396,89291,59159,12783,12174,11241,2136,609,4508,163,6712,5384,5264,4982,4890,285,282,120,120,120,0,0,1328,1164,1088,97,164,-888888888,-888888888,-888888888,-888888888,-888888888,-888888888,-888888888,-888888888,-888888888,-888888888,-888888888,-888888888,-888888888,-888888888,-888888888,-888888888,-888888888,-888888888,-888888888
Piute County; Utah,49031,1430,670,665,626,39,5,760,665,-888888888,685,290,290,273,56,52,265,243,616,377,27,0,11,6,195,30.6,626,246,54,95,172,59,626,46,124,52,6,77,28,17,0,43,157,45,8,23,49,626,449,99,69,9,555,21,78,109,21,62,109,32,72,46,5,48393,60548,292,73470,327,22189,180,17479,40,10878,2,-999999999,53,371,9,11,49,17,42,99,31,62,46,5,60694,77404,23372,184,17697,26562,32386,38103,37050,1682,1542,1208,709,140,362,0,813,576,545,479,470,15,66,31,0,0,0,31,237,194,116,90,43,-888888888,-888888888,-888888888,-888888888,-888888888,-888888888,-888888888,-888888888,-888888888,-888888888,-888888888,-888888888,-888888888,-888888888,-888888888,-888888888,-888888888,-888888888,-888888888
Rich County; Utah,49033,1920,1242,1242,1242,0,0,678,1242,-888888888,917,548,548,548,183,100,561,223,1208,778,88,0,81,33,228,21.9,1242,406,158,311,255,112,1242,186,115,49,10,145,60,27,51,102,215,81,137,64,49,1242,929,246,67,0,923,24,6,62,68,95,181,156,209,59,63,79009,89694,740,85766,348,27859,210,27593,5,-999999999,10,-999999999,30,737,19,1,5,30,68,159,146,195,51,63,91875,99756,33108,186,29444,49363,37727,75852,30455,2623,2437,1835,876,186,793,65,1275,999,999,892,795,127,107,0,0,0,0,0,276,262,223,39,14,-888888888,-888888888,-888888888,-888888888,-888888888,-888888888,-888888888,-888888888,-888888888,-888888888,-888888888,-888888888,-888888888,-888888888,-888888888,-888888888,-888888888,-888888888,-888888888
Salt Lake County; Utah,49035,931242,671909,670900,645291,25609,1009,259333,670900,-888888888,462212,305832,305704,293546,88397,56605,199104,139851,634662,409578,64386,13588,12036,10353,124721,22.3,645291,286552,86048,138018,52948,81725,645291,3983,48973,63943,14685,72490,39079,11714,55982,90744,139982,51292,29011,23413,49,645291,525267,88408,30846,770,426245,12751,9091,16370,20533,36720,64453,58499,90254,52252,65322,97494,124982,364220,124087,97236,26115,79835,31840,13332,11758,8083,4743,22043,281956,4659,3002,5621,9021,17707,36798,38716,69508,42743,54181,116682,144500,45106,144289,59513,78808,48125,70604,56004,1189413,1079863,916094,255108,109550,318290,23385,730894,613889,591797,532533,512424,31778,59264,22092,15265,11343,4385,6827,117005,98163,73697,30264,18842,-888888888,-888888888,-888888888,-888888888,-888888888,-888888888,-888888888,-888888888,-888888888,-888888888,-888888888,-888888888,-888888888,-888888888,-888888888,-888888888,-888888888,-888888888,-888888888
San Juan County; Utah,49037,10977,6131,6127,5362,765,4,4846,6127,-888888888,5516,2945,2945,2607,958,501,2918,1998,5245,3764,660,20,190,84,527,24.3,5362,2206,932,857,841,526,5362,516,478,215,16,370,184,19,162,318,1895,533,232,424,49,5362,3116,1828,395,23,4555,303,336,267,274,688,823,507,865,282,210,64481,82086,3281,87632,1465,21879,923,33826,480,13094,48,3952,690,3402,135,157,195,190,613,549,419,714,223,207,72035,91633,26850,1153,32178,44571,33735,59239,42889,14316,11816,7763,5843,2500,4332,614,7684,5372,4762,3739,3211,710,1023,610,367,90,296,243,2312,1714,879,888,598,-888888888,-888888888,-888888888,-888888888,-888888888,-888888888,-888888888,-888888888,-888888888,-888888888,-888888888,-888888888,-888888888,-888888888,-888888888,-888888888,-888888888,-888888888,-888888888
Sanpete County; Utah,49039,23660,13333,13289,12610,679,44,10327,13289,-888888888,10973,5874,5874,5651,2186,996,4255,2640,12248,8829,1662,79,532,84,1062,21.4,12610,4667,2481,1954,1673,1835,12610,941,1110,1382,223,1051,336,385,466,887,3552,1008,513,756,49,12610,9039,2604,950,17,8888,282,289,551,713,1072,1984,1293,1522,679,503,70083,84824,6848,84392,3135,24290,2225,24258,449,14783,90,4584,647,6701,86,116,254,440,756,1600,1036,1352,598,463,76710,94170,26995,2187,40320,53680,31801,63351,41034,27716,25038,19608,9562,2678,8031,427,15447,11424,10905,9297,8505,1011,1608,519,410,329,81,109,4023,3489,2531,1389,534,-888888888,-888888888,-888888888,-888888888,-888888888,-888888888,-888888888,-888888888,-888888888,-888888888,-888888888,-888888888,-888888888,-888888888,-888888888,-888888888,-888888888,-888888888,-888888888
Sevier County; Utah,49041,16848,10160,10154,9710,444,6,6688,10154,-888888888,8239,4397,4397,4159,1667,964,4111,2729,9536,7380,946,14,131,118,947,17.4,9710,3069,1647,2271,1258,1465,9710,736,944,598,100,1401,805,126,220,808,2124,718,328,802,49,9710,7064,1883,757,6,7503,235,155,522,515,806,1524,1243,1360,761,382,74884,88761,5670,88066,2660,25986,2119,29306,397,11670,129,5762,751,5869,92,35,346,287,601,1098,1062,1315,674,359,84641,98973,31154,1634,43138,49175,37846,61003,40438,21703,19674,16123,6794,2029,6303,355,11740,9007,8611,7576,7038,717,1035,396,166,59,131,230,2733,2324,1629,942,409,-888888888,-888888888,-888888888,-888888888,-888888888,-888888888,-888888888,-888888888,-888888888,-888888888,-888888888,-888888888,-888888888,-888888888,-888888888,-888888888,-888888888,-888888888,-888888888
Summit County; Utah,49043,34387,23707,23707,23287,420,0,10680,23707,-888888888,16684,10529,10529,10327,2400,1636,7130,5055,23037,14447,1760,450,254,439,5687,22.2,23287,11982,3723,4397,1736,1449,23287,306,1941,1290,405,2178,1194,492,2440,3635,4476,3308,886,736,49,23287,18361,3092,1794,40,15730,517,116,237,619,911,1414,1929,2939,1871,5177,138114,210870,13085,197464,4038,30710,3166,55553,239,12244,127,5291,222,11413,236,46,100,332,364,899,1311,2156,1555,4414,159033,240313,79376,4317,89417,125063,55784,90789,71145,42887,39745,35427,7781,3142,10594,574,25749,21019,20655,18791,18404,661,1864,364,276,276,22,88,4730,4183,3875,454,547,-888888888,-888888888,-888888888,-888888888,-888888888,-888888888,-888888888,-888888888,-888888888,-888888888,-888888888,-888888888,-888888888,-888888888,-888888888,-888888888,-888888888,-888888888,-888888888
Tooele County; Utah,49045,57828,42046,41847,40347,1500,199,15782,41847,-888888888,28425,18442,18419,17529,6837,4188,16582,11757,40092,27604,4994,366,469,309,6350,30.3,40347,14302,5242,8439,4902,7462,40347,890,3927,4696,1329,4931,3697,503,2141,4188,7390,2980,1329,2346,49,40347,32193,6709,1428,17,23925,516,378,698,897,1405,3332,3801,6769,3286,2843,106587,124358,21050,123515,5038,21772,4912,33324,1070,10916,419,4722,1632,19292,198,100,316,588,842,2605,3172,6115,2841,2515,115416,130234,38604,4633,56408,85071,50726,71946,49986,78791,73960,64597,15798,4831,25839,1148,45747,38362,37230,34795,33555,2139,2435,1132,827,545,289,305,7385,6483,4705,2380,902,-888888888,-888888888,-888888888,-888888888,-888888888,-888888888,-888888888,-888888888,-888888888,-888888888,-888888888,-888888888,-888888888,-888888888,-888888888,-888888888,-888888888,-888888888,-888888888
Uintah County; Utah,49047,26989,16427,16427,15446,981,0,10562,16427,-888888888,13443,6996,6996,6769,3310,1549,7683,4359,15210,11070,1836,69,519,505,1211,20.6,15446,4212,3068,3291,2345,2530,15446,2194,1272,808,257,2003,1290,223,577,1104,2531,1554,675,958,49,15446,11621,2939,863,23,12145,721,341,744,649,1344,2446,1770,2313,935,882,73746,94276,9175,96308,3578,23021,2499,32690,692,18420,334,3964,1603,8899,255,178,300,248,778,1989,1408,2264,748,731,89227,104207,31623,3246,35603,59963,38637,69240,42078,36787,31966,24207,11411,4821,12198,1451,20229,14542,13700,11686,10870,1243,2014,842,610,315,322,232,5687,4598,2673,2287,1089,-888888888,-888888888,-888888888,-888888888,-888888888,-888888888,-888888888,-888888888,-888888888,-888888888,-888888888,-888888888,-888888888,-888888888,-888888888,-888888888,-888888888,-888888888,-888888888
Utah County; Utah,49049,508011,364589,363771,350102,13669,818,143422,363771,-888888888,251560,157456,157356,151234,70738,34443,147289,85771,343102,224141,33314,5943,9227,5130,65347,22.6,350102,161019,51396,74162,27835,35690,350102,2317,28984,31018,7586,41155,11580,8543,22775,56113,87471,27001,15255,10304,49,350102,290071,41921,17470,640,203018,6040,2867,7345,8609,16178,29266,30467,44992,26111,31143,100671,127591,181668,122861,36486,26820,33657,33375,5312,11948,3166,6335,8173,162200,3449,1566,3795,4945,11265,21237,24927,39195,23887,27934,110986,138294,37082,40818,57440,74107,37221,75991,48659,702375,649564,577364,120291,52811,239311,14297,407863,328848,318069,290271,279244,17685,27798,10779,8506,7020,1752,2273,79015,71245,60400,14620,7770,-888888888,-888888888,-888888888,-888888888,-888888888,-888888888,-888888888,-888888888,-888888888,-888888888,-888888888,-888888888,-888888888,-888888888,-888888888,-888888888,-888888888,-888888888,-888888888
Wasatch County; Utah,49051,27522,19028,18956,18574,382,72,8494,18956,-888888888,13390,8166,8166,7984,2665,1310,7582,5107,18347,12407,1911,22,258,242,3507,21.6,18574,8813,3194,3557,1705,1305,18574,433,1951,949,354,1737,640,262,1747,2828,3921,2475,690,587,49,18574,14439,2842,1165,128,12880,257,130,380,273,873,2131,1396,2522,1851,3067,117608,167205,11159,157993,2974,30674,2663,47540,274,13115,124,7003,128,10062,158,16,249,108,553,1514,1082,2050,1602,2730,129134,185529,58251,2818,72626,90422,49656,88170,56406,36383,33640,29508,6848,2743,11338,810,20152,16691,16446,14817,14467,559,1629,245,174,152,30,71,3461,3233,3014,448,228,-888888888,-888888888,-888888888,-888888888,-888888888,-888888888,-888888888,-888888888,-888888888,-888888888,-888888888,-888888888,-888888888,-888888888,-888888888,-888888888,-888888888,-888888888,-888888888
Washington County; Utah,49053,154215,88712,88663,85469,3194,49,65503,88663,-888888888,78430,39782,39775,38239,14365,6693,32067,20107,84384,60422,8877,382,1452,1476,11775,19.2,85469,32855,15243,19852,7388,10131,85469,539,8204,6277,1822,10159,4618,1000,5644,9558,21314,8999,4100,3235,49,85469,67764,11677,5597,431,69786,2442,1338,3232,5045,8346,12540,8416,14647,7052,6728,80632,107780,49182,107852,27118,27294,22143,35893,2548,13721,886,5045,3112,52030,993,675,1462,2442,5460,9165,6413,12774,6376,6270,98356,122633,39171,17756,42427,57474,37468,64228,47861,195038,173312,136724,66524,21726,51053,5916,100614,77244,74691,64356,60679,5183,10335,2553,1949,1511,541,604,23370,18686,13567,6660,4684,-888888888,-888888888,-888888888,-888888888,-888888888,-888888888,-888888888,-888888888,-888888888,-888888888,-888888888,-888888888,-888888888,-888888888,-888888888,-888888888,-888888888,-888888888,-888888888
Wayne County; Utah,49055,2148,1260,1260,1233,27,0,888,1260,-888888888,1049,545,545,523,187,54,335,214,1231,785,61,0,84,6,295,18.9,1233,479,244,248,153,109,1233,191,240,8,0,109,24,5,13,89,237,198,50,69,49,1233,743,295,187,8,1156,40,42,39,114,128,161,194,264,104,70,76607,89814,897,82840,502,26615,361,29804,44,2980,5,4100,81,885,0,5,8,109,83,134,141,248,94,63,94205,101184,37114,271,36125,50119,40368,59837,41692,2570,2463,2097,968,107,538,32,1375,1051,1029,974,937,95,55,22,19,17,2,3,324,307,245,115,17,-888888888,-888888888,-888888888,-888888888,-888888888,-888888888,-888888888,-888888888,-888888888,-888888888,-888888888,-888888888,-888888888,-888888888,-888888888,-888888888,-888888888,-888888888,-888888888
Weber County; Utah,49057,206607,144035,142435,138156,4279,1600,62572,142435,-888888888,102449,64575,64179,62252,21348,13619,47873,33655,137528,98880,12665,1679,1475,1745,21084,23.3,138156,52475,19860,29352,15062,21407,138156,1346,12293,19085,3039,14538,7578,1187,8602,13835,28067,9506,5364,13716,49,138156,105473,27230,5266,187,94125,3287,1483,3607,5062,8879,15840,14743,20973,10231,10020,90005,109068,78447,107862,22370,24180,21919,33515,4132,11811,1435,3599,5705,67581,1631,421,1387,2356,5285,11282,10568,17130,8614,8907,102071,122004,38471,26544,52804,67426,44678,64950,48828,266184,242771,206018,63540,23413,75220,4573,158082,129309,125765,112321,107942,7810,13444,3544,2641,2003,761,903,28773,24617,18183,8466,4156,-888888888,-888888888,-888888888,-888888888,-888888888,-888888888,-888888888,-888888888,-888888888,-888888888,-888888888,-888888888,-888888888,-888888888,-888888888,-888888888,-888888888,-888888888,-888888888
