county_fips,state_name,county,employment_status_population_16_years_and_over,employment_status_population_16_years_and_over_in_,employment_status_population_16_years_and_over_in_.1,employment_status_population_16_years_and_over_in_.2,employment_status_population_16_years_and_over_in_.3,employment_status_population_16_years_and_over_in_.4,employment_status_population_16_years_and_over_not,employment_status_civilian_labor_force,employment_status_civilian_labor_force_unemploymen,employment_status_females_16_years_and_over,employment_status_females_16_years_and_over_in_lab,employment_status_females_16_years_and_over_in_lab.1,employment_status_females_16_years_and_over_in_lab.2,employment_status_own_children_of_the_householder_,employment_status_own_children_of_the_householder_.1,employment_status_own_children_of_the_householder_.2,employment_status_own_children_of_the_householder_.3,commuting_to_work_workers_16_years_and_over,commuting_to_work_workers_16_years_and_over_car_tr,commuting_to_work_workers_16_years_and_over_car_tr.1,commuting_to_work_workers_16_years_and_over_public,commuting_to_work_workers_16_years_and_over_walked,commuting_to_work_workers_16_years_and_over_other_,commuting_to_work_workers_16_years_and_over_worked,commuting_to_work_workers_16_years_and_over_mean_t,occupation_civilian_employed_population_16_years_a,occupation_civilian_employed_population_16_years_a.1,occupation_civilian_employed_population_16_years_a.2,occupation_civilian_employed_population_16_years_a.3,occupation_civilian_employed_population_16_years_a.4,occupation_civilian_employed_population_16_years_a.5,industry_civilian_employed_population_16_years_and,industry_civilian_employed_population_16_years_and.1,industry_civilian_employed_population_16_years_and.2,industry_civilian_employed_population_16_years_and.3,industry_civilian_employed_population_16_years_and.4,industry_civilian_employed_population_16_years_and.5,industry_civilian_employed_population_16_years_and.6,industry_civilian_employed_population_16_years_and.7,industry_civilian_employed_population_16_years_and.8,industry_civilian_employed_population_16_years_and.9,industry_civilian_employed_population_16_years_and.10,industry_civilian_employed_population_16_years_and.11,industry_civilian_employed_population_16_years_and.12,industry_civilian_employed_population_16_years_and.13,state_fips,class_of_worker_civilian_employed_population_16_ye,class_of_worker_civilian_employed_population_16_ye.1,class_of_worker_civilian_employed_population_16_ye.2,class_of_worker_civilian_employed_population_16_ye.3,class_of_worker_civilian_employed_population_16_ye.4,income_and_benefits_in_2024_inflation_adjusted_dol,income_and_benefits_in_2024_inflation_adjusted_dol.1,income_and_benefits_in_2024_inflation_adjusted_dol.2,income_and_benefits_in_2024_inflation_adjusted_dol.3,income_and_benefits_in_2024_inflation_adjusted_dol.4,income_and_benefits_in_2024_inflation_adjusted_dol.5,income_and_benefits_in_2024_inflation_adjusted_dol.6,income_and_benefits_in_2024_inflation_adjusted_dol.7,income_and_benefits_in_2024_inflation_adjusted_dol.8,income_and_benefits_in_2024_inflation_adjusted_dol.9,income_and_benefits_in_2024_inflation_adjusted_dol.10,income_and_benefits_in_2024_inflation_adjusted_dol.11,income_and_benefits_in_2024_inflation_adjusted_dol.12,income_and_benefits_in_2024_inflation_adjusted_dol.13,income_and_benefits_in_2024_inflation_adjusted_dol.14,income_and_benefits_in_2024_inflation_adjusted_dol.15,income_and_benefits_in_2024_inflation_adjusted_dol.16,income_and_benefits_in_2024_inflation_adjusted_dol.17,income_and_benefits_in_2024_inflation_adjusted_dol.18,income_and_benefits_in_2024_inflation_adjusted_dol.19,income_and_benefits_in_2024_inflation_adjusted_dol.20,income_and_benefits_in_2024_inflation_adjusted_dol.21,income_and_benefits_in_2024_inflation_adjusted_dol.22,income_and_benefits_in_2024_inflation_adjusted_dol.23,income_and_benefits_in_2024_inflation_adjusted_dol.24,income_and_benefits_in_2024_inflation_adjusted_dol.25,income_and_benefits_in_2024_inflation_adjusted_dol.26,income_and_benefits_in_2024_inflation_adjusted_dol.27,income_and_benefits_in_2024_inflation_adjusted_dol.28,income_and_benefits_in_2024_inflation_adjusted_dol.29,income_and_benefits_in_2024_inflation_adjusted_dol.30,income_and_benefits_in_2024_inflation_adjusted_dol.31,income_and_benefits_in_2024_inflation_adjusted_dol.32,income_and_benefits_in_2024_inflation_adjusted_dol.33,income_and_benefits_in_2024_inflation_adjusted_dol.34,income_and_benefits_in_2024_inflation_adjusted_dol.35,income_and_benefits_in_2024_inflation_adjusted_dol.36,income_and_benefits_in_2024_inflation_adjusted_dol.37,income_and_benefits_in_2024_inflation_adjusted_dol.38,income_and_benefits_in_2024_inflation_adjusted_dol.39,income_and_benefits_in_2024_inflation_adjusted_dol.40,income_and_benefits_in_2024_inflation_adjusted_dol.41,income_and_benefits_in_2024_inflation_adjusted_dol.42,income_and_benefits_in_2024_inflation_adjusted_dol.43,health_insurance_coverage_civilian_noninstitutiona,health_insurance_coverage_civilian_noninstitutiona.1,health_insurance_coverage_civilian_noninstitutiona.2,health_insurance_coverage_civilian_noninstitutiona.3,health_insurance_coverage_civilian_noninstitutiona.4,health_insurance_coverage_civilian_noninstitutiona.5,health_insurance_coverage_civilian_noninstitutiona.6,health_insurance_coverage_civilian_noninstitutiona.7,health_insurance_coverage_civilian_noninstitutiona.8,health_insurance_coverage_civilian_noninstitutiona.9,health_insurance_coverage_civilian_noninstitutiona.10,health_insurance_coverage_civilian_noninstitutiona.11,health_insurance_coverage_civilian_noninstitutiona.12,health_insurance_coverage_civilian_noninstitutiona.13,health_insurance_coverage_civilian_noninstitutiona.14,health_insurance_coverage_civilian_noninstitutiona.15,health_insurance_coverage_civilian_noninstitutiona.16,health_insurance_coverage_civilian_noninstitutiona.17,health_insurance_coverage_civilian_noninstitutiona.18,health_insurance_coverage_civilian_noninstitutiona.19,health_insurance_coverage_civilian_noninstitutiona.20,health_insurance_coverage_civilian_noninstitutiona.21,health_insurance_coverage_civilian_noninstitutiona.22,health_insurance_coverage_civilian_noninstitutiona.23
56001,Wyoming,Albany,33034,22977,22749,21896,853,228,10057,22749,-888888888,15595,10453,10447,10033,1488,1049,4171,3189,21508,14043,1692,448,1866,1077,2382,15.3,21896,11906,3247,3169,1858,1716,21896,724,1132,975,170,1655,600,337,1264,1781,8878,2130,1393,857,56,21896,13579,6980,1323,14,17083,1432,705,1593,1211,2085,2668,1915,3182,1133,1159,61917,84098,14573,76536,3696,24451,3200,32025,445,13163,141,3192,694,8242,247,66,371,233,623,1227,1312,2309,1043,811,101438,116703,37723,8841,38067,52011,28941,61607,50636,37842,35063,31049,8032,2779,6885,229,25899,20774,20022,18244,17806,1046,1778,752,555,511,77,197,5125,4565,3893,979,560
56003,Wyoming,Big Horn,9317,5453,5414,5233,181,39,3864,5414,-888888888,4567,2321,2321,2251,838,353,1924,1248,5150,4039,442,0,150,60,459,18.7,5233,1805,947,719,1077,685,5233,766,672,373,96,401,279,187,81,401,1203,279,250,245,56,5233,3760,1013,453,7,4460,217,156,469,408,445,962,637,672,313,181,62101,79230,3177,79437,1784,25387,1344,22316,179,13395,46,1233,235,2848,101,9,234,147,266,569,464,601,295,162,80673,96533,32991,1612,34639,46070,35766,58080,40795,11545,10026,7323,4402,1519,3009,206,6102,4761,4632,3728,3481,378,904,129,70,51,24,59,1341,994,620,468,347
56005,Wyoming,Campbell,35977,24894,24704,23829,875,190,11083,24704,-888888888,17348,10879,10873,10544,3636,2233,8440,6677,23458,18303,2777,170,526,353,1329,21.2,23829,8135,3286,3792,4778,3838,23829,4419,1838,1147,391,2325,1575,469,735,1596,4439,2104,1338,1453,56,23829,18122,4237,1245,225,17988,947,507,727,958,1470,2825,2419,4195,2167,1773,89869,106141,14935,104509,4445,25944,3778,27796,350,8906,143,3693,604,12240,331,147,264,499,826,1908,1602,3433,1701,1529,105911,121530,40799,5748,53176,68914,50948,77024,51854,46593,40464,34029,10466,6129,13008,1674,27560,22424,21765,19045,18423,1437,2720,659,244,179,65,415,5136,3883,2980,1159,1253
56007,Wyoming,Carbon,11521,6791,6779,6443,336,12,4730,6779,-888888888,5341,2836,2836,2721,940,525,2160,1391,6300,4749,823,0,133,174,421,16.4,6443,2069,1117,917,1268,1072,6443,573,750,632,71,660,514,25,133,270,1364,505,219,727,56,6443,4256,1929,248,10,6116,221,358,432,397,634,1168,783,1012,680,431,70511,89259,4483,91637,2068,26965,1662,25042,219,13855,59,2085,284,3944,121,81,136,129,363,966,548,642,624,334,81815,101355,37791,2172,39253,60363,46230,68549,50515,13875,12177,9990,4165,1698,3478,403,7695,5976,5810,5101,4954,250,709,166,150,50,100,16,1719,1150,903,316,569
56009,Wyoming,Converse,10849,7205,7112,6815,297,93,3644,7112,-888888888,5394,3365,3347,3200,1208,856,1981,1590,6829,5141,716,165,281,83,443,21.5,6815,2433,811,1488,1042,1041,6815,1321,510,334,121,465,415,178,276,299,1772,453,332,339,56,6815,4831,1443,541,0,5772,149,272,362,437,647,841,718,1282,677,387,81558,96709,4470,93248,1985,23587,1638,32643,291,13840,56,2327,389,3599,95,26,122,192,288,542,620,766,607,341,97439,113896,39725,2173,41496,61938,43125,66942,45162,13587,11941,9514,4113,1646,3517,335,7574,6310,6046,5154,4993,355,892,264,217,217,0,47,1264,904,529,414,360
56011,Wyoming,Crook,5806,3695,3695,3674,21,0,2111,3695,-888888888,2882,1585,1585,1582,579,265,1223,793,3583,2594,400,0,160,27,402,24.7,3674,1435,494,498,798,449,3674,913,357,192,85,219,275,31,144,303,636,110,285,124,56,3674,2635,667,331,41,2907,65,58,121,181,335,648,396,707,200,196,79637,92642,2234,90949,1051,27594,720,29085,50,15202,19,4637,18,2033,1,16,47,81,122,482,267,669,198,150,100018,107212,38009,874,43846,57358,49481,65377,53287,7410,6566,5223,2248,844,1891,224,3849,3248,3227,2801,2737,173,426,21,18,18,0,3,601,410,318,132,191
56013,Wyoming,Fremont,31010,18979,18971,17567,1404,8,12031,18971,-888888888,15412,8968,8968,8305,2609,1884,6278,5175,16786,12401,1613,135,672,343,1622,17.2,17567,6251,3830,2844,2464,2178,17567,1376,1234,635,331,1922,893,238,526,1154,5071,1919,1036,1232,56,17567,10820,5214,1432,101,15037,548,567,1026,1431,1845,3008,2113,2736,1085,678,64904,81945,11249,77304,6003,23475,3983,28801,614,10180,324,7365,1217,9489,182,197,375,580,962,1846,1685,2229,905,528,82181,95804,32793,5548,41650,54123,35932,55637,43583,38954,32153,22308,14112,6801,10270,1515,20970,16494,15215,11998,11235,1127,3217,1279,535,285,250,744,4476,3186,1836,1655,1290
56015,Wyoming,Goshen,10450,5656,5599,5404,195,57,4794,5599,-888888888,4908,2461,2461,2342,868,613,1453,1089,5303,3697,501,0,257,161,687,15.5,5404,2402,766,675,787,774,5404,718,346,211,201,431,406,62,214,434,1371,306,305,399,56,5404,3660,1126,558,60,5200,294,263,522,539,606,1000,570,924,165,317,58929,80442,3503,85687,2388,23498,1410,23761,421,9628,128,3422,383,3198,99,8,135,196,374,668,482,837,165,234,79201,100382,34543,2002,28353,47824,37852,53161,45552,11886,10494,8086,4147,1392,2680,348,6270,4772,4605,4049,3935,212,556,167,75,72,3,92,1498,1112,725,547,386
56017,Wyoming,Hot Springs,3718,2071,2071,2010,61,0,1647,2071,-888888888,1851,925,925,899,243,156,744,531,1965,1430,206,0,119,16,194,13.8,2010,883,446,286,209,186,2010,233,174,42,7,79,22,37,47,136,693,267,65,208,56,2010,1224,647,139,0,2140,146,48,282,120,365,326,319,324,111,99,61250,73511,1480,71281,858,23895,581,32235,117,8047,34,2018,168,1419,37,0,77,63,284,246,253,264,98,97,76250,89023,33214,721,24896,42173,36798,52622,49259,4538,4004,2765,1976,534,1041,2,2339,1808,1759,1330,1260,102,429,49,30,9,21,19,531,447,197,277,84
56019,Wyoming,Johnson,7258,4281,4281,4147,134,0,2977,4281,-888888888,3548,2022,2022,2019,495,319,1155,864,4052,2792,144,11,286,39,780,16.7,4147,1834,578,846,574,315,4147,736,377,98,37,359,131,76,226,449,835,226,326,271,56,4147,2517,908,719,3,3932,161,120,306,306,533,875,397,554,306,374,64871,90983,2719,95177,1693,23817,1106,26165,55,10562,83,4152,59,2328,112,78,36,208,263,419,257,458,258,239,78333,99784,42215,1604,52829,76833,43772,66042,50764,8572,7775,6102,3465,797,1763,80,4479,3618,3487,2914,2683,335,573,131,98,98,0,33,861,750,396,440,111
56021,Wyoming,Laramie,80880,53840,50840,48968,1872,3000,27040,50840,-888888888,39911,24095,23588,22787,6552,4756,14979,11340,50929,40283,4459,141,681,714,4651,17.8,48968,20331,7395,9633,5744,5865,48968,1341,4240,1649,623,6984,3439,898,2423,4191,11166,4358,2026,5630,56,48968,32981,12860,2950,177,43279,1729,1201,2732,2717,4490,7255,6538,8383,4911,3323,80173,99407,32980,98527,13621,23082,13047,35901,1689,9975,853,3614,2337,26944,589,250,676,1237,2450,3912,4407,6425,4042,2956,99600,120190,42871,16335,49277,61431,47608,65886,50589,97367,88125,73494,30669,9242,23800,2386,56445,46064,44511,39889,38638,3955,4622,1553,1038,799,342,515,10381,8666,5928,3864,1715
56023,Wyoming,Lincoln,15996,10377,10377,10167,210,0,5619,10377,-888888888,7801,4559,4559,4501,1508,1186,3536,2900,9858,7223,1148,143,213,271,860,25.4,10167,3449,1900,1815,2091,912,10167,843,1157,567,157,1165,557,156,306,855,2206,806,705,687,56,10167,7498,1886,767,16,8324,339,158,481,502,618,1372,1180,1768,1063,843,89330,107360,6120,107435,2865,26190,2252,35070,154,13277,94,4040,369,5627,147,106,272,170,218,860,905,1383,936,630,107719,120836,43652,2697,51997,70573,46490,72490,46509,20410,17980,15545,5354,2430,5423,743,11116,9285,9086,7696,7499,378,1390,199,133,112,29,66,1831,1600,1292,480,231
56025,Wyoming,Natrona,63187,42008,41906,40171,1735,102,21179,41906,-888888888,31364,18997,18968,18273,5149,3507,13040,10216,39736,31358,3043,184,761,461,3929,19.0,40171,16072,6483,7415,4751,5450,40171,2843,2979,2114,1239,4356,2701,484,2259,3524,10439,3202,1988,2043,56,40171,30827,6946,2336,62,33886,1285,787,2476,2807,3785,6657,4471,5970,2732,2916,72156,97678,26464,93282,10517,25974,8464,29797,1545,12048,611,5155,2197,20569,501,324,612,944,2005,3668,2995,4678,2400,2442,94037,118676,42188,13317,46421,61756,42807,68770,49555,79050,70605,57380,24165,8445,19773,1157,46033,38026,36609,31500,30092,2611,5109,1417,689,553,203,728,8007,6575,4761,2531,1432
56027,Wyoming,Niobrara,2138,1174,1174,1145,29,0,964,1174,-888888888,1216,615,615,597,85,79,163,151,1130,924,31,0,47,0,128,14.6,1145,403,151,161,348,82,1145,269,181,0,3,22,28,20,78,51,295,54,75,69,56,1145,538,372,235,0,1188,77,86,114,98,78,271,122,201,90,51,64113,79260,833,79495,619,20270,196,45233,39,16344,0,-666666666,53,603,14,50,14,41,54,68,62,164,90,46,92409,108116,41634,585,50558,49256,43561,67525,44448,2154,2027,1606,911,127,252,4,1133,939,928,839,829,37,89,11,1,1,0,10,194,170,85,85,24
56029,Wyoming,Park,24863,15344,15335,14998,337,9,9519,15335,-888888888,12719,7211,7211,7041,1649,919,4509,3044,14639,10629,1324,17,743,193,1733,16.6,14998,5661,2795,3058,1972,1512,14998,990,1303,802,172,1768,828,109,715,1361,4293,1321,619,717,56,14998,10450,3081,1339,128,13330,402,314,1276,1112,1628,2102,1956,2287,1185,1068,73035,97041,9821,90759,5152,25946,3937,33870,265,10346,146,3513,474,8327,166,126,281,392,849,1256,1399,1927,983,948,95250,115606,42655,5003,40564,64032,36705,62057,44522,30209,26909,20283,11028,3300,6857,363,15790,12871,12642,10303,9639,936,2339,229,180,148,32,49,2919,2443,1855,750,476
56031,Wyoming,Platte,7140,3739,3736,3565,171,3,3401,3736,-888888888,3507,1732,1731,1695,333,220,1293,922,3522,2743,271,5,138,75,290,15.8,3565,1314,548,631,530,542,3565,235,516,57,32,365,473,56,345,149,600,396,221,120,56,3565,2357,643,468,97,3848,291,140,247,308,412,744,419,643,362,282,67718,85724,2544,89117,1679,26078,1142,35713,201,15830,114,1178,189,2266,31,63,40,126,273,418,251,512,333,219,92500,105176,39225,1582,39338,54480,46635,74107,48613,8512,6684,4851,3376,1828,1782,416,4444,3358,3211,2087,1949,205,1124,147,80,26,54,67,1086,885,623,320,201
56033,Wyoming,Sheridan,25923,16278,16278,15926,352,0,9645,16278,-888888888,13020,7783,7783,7705,1654,1321,5002,4303,15684,12488,1071,15,490,130,1490,15.8,15926,6288,3012,2623,2029,1974,15926,1255,1883,659,67,1178,820,248,722,1416,4224,1259,829,1366,56,15926,11042,3869,951,64,13845,862,639,648,938,1909,2188,2056,2369,1374,862,71388,91947,10153,92706,5285,23289,3788,27382,368,12539,219,2616,513,8366,220,133,212,457,574,1343,1447,1933,1243,804,94992,117646,41122,5479,39179,49676,41450,63460,46331,31697,28749,22879,10832,2948,7102,413,17647,14618,14296,12466,12143,1020,1830,322,118,75,66,204,3029,2535,1845,990,494
56035,Wyoming,Sublette,7211,4589,4589,4483,106,0,2622,4589,-888888888,3293,1960,1960,1928,525,409,1290,1104,4297,2869,539,0,107,89,693,24.6,4483,1794,805,802,607,475,4483,913,307,38,12,427,508,76,431,337,529,444,112,349,56,4483,3331,763,376,13,3693,158,19,246,331,533,442,337,844,252,531,83597,134170,2637,118401,1463,25603,1032,26119,113,-999999999,65,17448,94,2319,33,0,120,26,244,311,277,744,233,331,110762,131597,59783,1374,40292,137093,46693,84238,46677,8796,8096,6832,2797,700,1961,56,4719,3994,3888,3398,3196,319,490,106,46,39,7,60,725,634,580,87,91
56037,Wyoming,Sweetwater,32438,21649,21594,20386,1208,55,10789,21594,-888888888,15784,9554,9554,9012,2873,1839,7215,5498,20184,15490,2595,500,475,239,885,23.8,20386,6046,3197,4086,3894,3163,20386,3290,1239,1232,536,2504,1727,268,879,1012,4250,1662,706,1081,56,20386,15945,3702,639,100,17502,1049,450,1000,1609,1570,3068,2311,3233,1830,1382,75034,97925,13754,98277,4985,25207,4635,30759,804,11587,339,5156,1289,10817,517,140,360,589,541,2000,1379,2480,1539,1272,98067,120838,41511,6685,43297,55594,44373,75739,46333,41218,35959,29886,11369,5259,11096,1058,24154,19732,18828,15886,15051,1219,2942,904,403,301,165,501,4422,3664,2689,1497,758
56039,Wyoming,Teton,19769,15344,15344,15075,269,0,4425,15344,-888888888,9454,6928,6928,6895,1122,1020,2850,2622,14609,8625,1092,428,1699,387,2378,15.3,15075,7381,3084,2701,1145,764,15075,384,1893,266,141,2257,418,358,1251,1776,2243,2887,973,228,56,15075,12468,1534,1073,0,9830,254,55,391,275,336,906,1577,1805,1233,2998,124172,217643,8528,178562,2684,29768,2009,68287,55,9067,81,-999999999,124,6206,132,20,0,110,251,483,967,1447,939,1857,140833,239368,89594,3624,99193,171252,54443,75814,62734,23315,21148,18130,5242,2167,4194,354,14975,13675,13409,11743,11621,212,1666,266,262,260,2,4,1300,1214,1094,144,86
56041,Wyoming,Uinta,15752,10127,10127,9800,327,0,5625,10127,-888888888,7872,4960,4960,4774,1568,1066,3557,2695,9640,7442,1219,101,210,51,617,20.4,9800,3351,1754,1809,1607,1279,9800,849,868,499,111,1058,710,176,421,588,2634,926,325,635,56,9800,6715,2355,655,75,7716,232,201,532,679,866,810,1436,1585,817,558,82980,107191,5983,102139,2738,25682,2105,27651,311,12941,83,1937,528,5327,70,11,204,268,627,669,1006,1221,739,512,94697,126496,41512,2389,37188,59426,40324,63443,41758,20483,18293,14791,6429,2190,5808,379,11203,8969,8730,7509,7126,673,1221,239,111,78,33,128,2234,1789,1289,682,445
56043,Wyoming,Washakie,6337,3942,3942,3835,107,0,2395,3942,-888888888,3074,1798,1798,1733,425,274,1105,818,3754,2827,369,1,176,72,309,13.3,3835,1316,702,580,613,624,3835,535,318,350,35,406,310,74,54,211,859,162,314,207,56,3835,2644,722,458,11,3394,112,213,309,250,354,670,428,572,302,184,65714,83639,2536,81026,1392,23959,934,27602,72,13204,48,3042,258,1932,17,37,82,51,156,461,232,490,254,152,92361,106729,37441,1462,34455,49211,41265,58150,43675,7563,6596,5120,2555,967,1687,163,4071,3497,3433,2809,2749,108,624,64,39,29,10,25,574,463,285,184,111
56045,Wyoming,Weston,5664,3230,3209,3176,33,21,2434,3209,-888888888,2484,1375,1375,1367,394,241,757,608,3112,1991,524,243,147,55,152,30.2,3176,974,430,376,828,568,3176,799,273,156,0,292,248,29,152,158,629,145,87,208,56,3176,2177,628,371,0,2848,62,105,130,303,216,452,348,808,235,189,89509,103007,2087,94459,977,28050,1050,30701,81,8444,9,-999999999,77,1779,55,20,75,81,140,301,219,563,176,149,99464,107179,45697,1069,70863,90694,44524,79713,42778,6435,5550,4307,2051,885,1383,143,3599,2814,2801,2237,2094,227,564,13,8,8,0,5,785,612,507,141,173
