year,county_name,households_by_type_total_households,households_by_type_total_households_married_couple,households_by_type_total_households_married_couple,households_by_type_total_households_cohabiting_cou,households_by_type_total_households_cohabiting_cou,households_by_type_total_households_male_household,households_by_type_total_households_male_household,households_by_type_total_households_male_household,households_by_type_total_households_male_household,households_by_type_total_households_female_househo,households_by_type_total_households_female_househo,households_by_type_total_households_female_househo,households_by_type_total_households_female_househo,households_by_type_total_households_households_wit,households_by_type_total_households_households_wit,households_by_type_total_households_average_househ,households_by_type_total_households_average_family,relationship_population_in_households,relationship_population_in_households_householder,relationship_population_in_households_spouse,relationship_population_in_households_unmarried_pa,relationship_population_in_households_child,relationship_population_in_households_other_relati,relationship_population_in_households_other_nonrel,marital_status_males_15_years_and_over,marital_status_males_15_years_and_over_never_marri,marital_status_males_15_years_and_over_now_married,marital_status_males_15_years_and_over_separated,marital_status_males_15_years_and_over_widowed,marital_status_males_15_years_and_over_divorced,marital_status_females_15_years_and_over,marital_status_females_15_years_and_over_never_mar,marital_status_females_15_years_and_over_now_marri,marital_status_females_15_years_and_over_separated,marital_status_females_15_years_and_over_widowed,marital_status_females_15_years_and_over_divorced,fertility_number_of_women_15_to_50_years_old_who_h,fertility_number_of_women_15_to_50_years_old_who_h,fertility_number_of_women_15_to_50_years_old_who_h,fertility_number_of_women_15_to_50_years_old_who_h,fertility_number_of_women_15_to_50_years_old_who_h,fertility_number_of_women_15_to_50_years_old_who_h,fertility_number_of_women_15_to_50_years_old_who_h,grandparents_number_of_grandparents_living_with_ow,grandparents_number_of_grandparents_living_with_ow,state_fips,county_fips,grandparents_number_of_grandparents_living_with_ow,grandparents_number_of_grandparents_living_with_ow,grandparents_number_of_grandparents_living_with_ow,grandparents_number_of_grandparents_living_with_ow,grandparents_number_of_grandparents_responsible_fo,grandparents_number_of_grandparents_responsible_fo,grandparents_number_of_grandparents_responsible_fo,school_enrollment_population_3_years_and_over_enro,school_enrollment_population_3_years_and_over_enro,school_enrollment_population_3_years_and_over_enro,school_enrollment_population_3_years_and_over_enro,school_enrollment_population_3_years_and_over_enro,school_enrollment_population_3_years_and_over_enro,educational_attainment_population_25_years_and_ove,educational_attainment_population_25_years_and_ove,educational_attainment_population_25_years_and_ove,educational_attainment_population_25_years_and_ove,educational_attainment_population_25_years_and_ove,educational_attainment_population_25_years_and_ove,educational_attainment_population_25_years_and_ove,educational_attainment_population_25_years_and_ove,educational_attainment_population_25_years_and_ove,educational_attainment_population_25_years_and_ove,veteran_status_civilian_population_18_years_and_ov,veteran_status_civilian_population_18_years_and_ov,disability_status_of_the_civilian_noninstitutional,disability_status_of_the_civilian_noninstitutional,disability_status_of_the_civilian_noninstitutional,disability_status_of_the_civilian_noninstitutional,disability_status_of_the_civilian_noninstitutional,disability_status_of_the_civilian_noninstitutional,disability_status_of_the_civilian_noninstitutional,disability_status_of_the_civilian_noninstitutional,residence_1_year_ago_population_1_year_and_over,residence_1_year_ago_population_1_year_and_over_sa,residence_1_year_ago_population_1_year_and_over_di,residence_1_year_ago_population_1_year_and_over_di,residence_1_year_ago_population_1_year_and_over_di,residence_1_year_ago_population_1_year_and_over_di,residence_1_year_ago_population_1_year_and_over_di,residence_1_year_ago_population_1_year_and_over_di,residence_1_year_ago_population_1_year_and_over_di,place_of_birth_total_population,place_of_birth_total_population_native,place_of_birth_total_population_native_born_in_uni,place_of_birth_total_population_native_born_in_uni,place_of_birth_total_population_native_born_in_uni,place_of_birth_total_population_native_born_in_pue,place_of_birth_total_population_foreign_born,u.s._citizenship_status_foreign_born_population,u.s._citizenship_status_foreign_born_population_na,u.s._citizenship_status_foreign_born_population_no,year_of_entry_population_born_outside_the_united_s,year_of_entry_population_born_outside_the_united_s,year_of_entry_population_born_outside_the_united_s,year_of_entry_population_born_outside_the_united_s,year_of_entry_population_born_outside_the_united_s,year_of_entry_population_born_outside_the_united_s,year_of_entry_population_born_outside_the_united_s,world_region_of_birth_of_foreign_born_foreign_born,world_region_of_birth_of_foreign_born_foreign_born,world_region_of_birth_of_foreign_born_foreign_born,world_region_of_birth_of_foreign_born_foreign_born,world_region_of_birth_of_foreign_born_foreign_born,world_region_of_birth_of_foreign_born_foreign_born,world_region_of_birth_of_foreign_born_foreign_born,language_spoken_at_home_population_5_years_and_ove,language_spoken_at_home_population_5_years_and_ove,language_spoken_at_home_population_5_years_and_ove,language_spoken_at_home_population_5_years_and_ove,language_spoken_at_home_population_5_years_and_ove,language_spoken_at_home_population_5_years_and_ove,language_spoken_at_home_population_5_years_and_ove,language_spoken_at_home_population_5_years_and_ove,language_spoken_at_home_population_5_years_and_ove,language_spoken_at_home_population_5_years_and_ove,language_spoken_at_home_population_5_years_and_ove,language_spoken_at_home_population_5_years_and_ove,ancestry_total_population,ancestry_total_population_american,ancestry_total_population_arab,ancestry_total_population_czech,ancestry_total_population_danish,ancestry_total_population_dutch,ancestry_total_population_english,ancestry_total_population_french_except_basque,ancestry_total_population_french_canadian,ancestry_total_population_german,ancestry_total_population_greek,ancestry_total_population_hungarian,ancestry_total_population_irish,ancestry_total_population_italian,ancestry_total_population_lithuanian,ancestry_total_population_norwegian,ancestry_total_population_polish,ancestry_total_population_portuguese,ancestry_total_population_russian,ancestry_total_population_scotch_irish,ancestry_total_population_scottish,ancestry_total_population_slovak,ancestry_total_population_subsaharan_african,ancestry_total_population_swedish,ancestry_total_population_swiss,ancestry_total_population_ukrainian,ancestry_total_population_welsh,ancestry_total_population_west_indian_excluding_hi,computers_and_internet_use_total_households,computers_and_internet_use_total_households_with_a,computers_and_internet_use_total_households_with_a
2023,Bernalillo County; New Mexico,283609,106618,36956,26915,9575,63400,4513,48797,14457,86676,14089,52389,24466,74116,88938,2.34,3.07,664304,283609,106607,26939,181096,47344,18709,273535,112366,116806,3775,7482,33106,287297,97928,113370,4555,23218,48226,8491,3390,33,53,11,81,38,13180,5045,35,001,644,942,1084,2375,5045,3290,2971,159805,7182,7172,62471,34516,48464,474905,18360,27188,105929,101150,44460,95475,82343,429357,177818,531101,43238,666395,103996,139112,6504,408735,55458,118548,42034,668524,576662,91862,88474,59094,29380,9877,19503,3388,674357,605447,595455,354640,240815,9992,68910,68910,34127,34783,78902,9992,1810,8182,68910,17756,51154,68910,6116,15672,2668,456,43170,828,640469,469853,170616,46279,134658,37966,10266,1984,11708,4576,13984,1753,674357,22307,3599,1647,2474,5880,59560,11944,1977,64788,2284,1559,51350,22730,869,5663,9561,1913,4157,6278,10547,750,4217,6544,1272,1300,3713,896,283609,269499,250098
2023,Catron County; New Mexico,1645,685,115,90,0,481,0,458,338,389,45,280,236,165,1121,2.12,2.94,3483,1645,751,92,581,229,185,1711,430,708,0,180,393,1672,338,848,0,220,266,0,0,0,0,0,0,0,24,0,35,003,0,0,0,0,0,0,0,367,11,30,245,54,27,3028,20,53,1102,939,288,354,272,2955,626,3333,587,3679,1461,352,9,1688,520,1639,932,3685,3274,411,411,257,154,0,154,0,3685,3529,3469,1185,2284,60,156,156,64,92,216,60,18,42,156,59,97,156,101,13,0,0,31,11,3668,3064,604,15,540,15,63,0,0,0,1,0,3685,162,0,0,0,26,647,163,0,369,8,0,369,76,0,26,16,0,23,98,232,10,6,24,0,0,0,0,1645,1444,1067
2023,Chaves County; New Mexico,23605,9781,4089,1971,1010,4762,342,3515,1370,7091,1521,3504,1954,8076,7631,2.62,3.24,61959,23605,9685,2064,19222,5662,1721,25826,10477,10982,226,829,3312,25599,7651,10389,684,2424,4451,944,374,44,65,35,137,8,1500,609,35,005,314,21,36,238,609,406,351,16432,1252,904,7010,3840,3426,41989,3649,4353,11569,10933,3843,4671,2971,33987,7642,48268,3437,63156,12256,16115,1256,36834,6859,10207,4141,63692,54958,8734,8631,5063,3568,1942,1626,103,64446,57488,56844,38007,18837,644,6958,6958,3249,3709,7602,644,189,455,6958,868,6090,6958,145,668,157,5,5957,26,60543,40186,20357,5392,19273,5129,339,126,577,112,168,25,64446,5240,43,77,212,318,3596,509,92,3924,37,35,3232,476,0,224,370,91,239,493,611,54,110,555,14,0,139,0,23605,21053,18465
2023,Cibola County; New Mexico,8353,3439,735,656,303,1749,331,994,462,2509,362,1306,847,2620,3277,3.05,3.84,25478,8353,3616,486,8433,3769,821,10950,4665,3930,307,326,1722,10913,4215,3907,241,1089,1461,277,175,41,46,38,78,14,1165,191,35,006,5,9,36,141,191,147,106,6261,338,470,2858,1387,1208,18530,632,2073,5900,4889,1546,1963,1527,15825,3490,20749,1703,25551,5411,6273,325,14604,2945,4674,2141,26613,23374,3239,3189,1154,2035,1625,410,50,27059,26381,26297,19368,6929,84,678,678,307,371,762,84,43,41,678,137,541,678,54,142,0,6,448,28,25502,16564,8938,1526,3530,785,53,13,167,10,5188,718,27059,625,17,20,23,131,1005,227,13,1021,91,15,1370,233,0,161,25,11,10,60,425,9,1,208,194,0,19,13,8353,7401,6117
2023,Colfax County; New Mexico,5413,2083,591,392,192,1241,98,869,421,1697,247,1137,760,1217,2681,2.16,2.82,11695,5413,2089,374,3179,418,222,5486,1846,2387,112,300,841,5122,1206,2030,143,803,940,61,49,34,28,30,59,0,91,86,35,007,0,0,5,81,86,19,0,2159,176,52,937,552,442,9243,204,673,3008,2158,982,1224,994,8366,2218,10140,910,11706,3071,2186,156,6112,1305,3408,1610,12297,10455,1842,1759,895,864,377,487,83,12336,11850,11799,6386,5413,51,486,486,229,257,537,51,14,37,486,137,349,486,139,25,3,0,314,5,11843,9720,2123,328,1910,278,58,37,2,2,153,11,12336,323,118,62,38,290,1350,273,236,1714,52,0,1597,498,2,195,168,15,40,219,178,10,39,185,0,0,73,2,5413,4673,4232
2023,Curry County; New Mexico,18471,8170,3522,1081,423,4003,277,3224,864,5217,1090,2805,1380,6163,4646,2.54,3.29,46839,18471,8044,1208,15018,2870,1228,19115,7077,8910,384,499,2245,17984,5011,8306,442,1624,2601,1060,592,104,96,136,149,14,1367,846,35,009,144,100,73,529,846,470,681,13079,700,791,5641,2739,3208,29669,2310,2984,7889,7326,2843,3743,2574,24375,6317,31391,3707,43752,8120,12766,553,24956,4687,6030,2880,47173,37229,9944,9029,4574,4455,1271,3184,915,47932,43984,42728,22477,20251,1256,3948,3948,1290,2658,5204,1256,186,1070,3948,773,3175,3948,108,416,8,0,3348,68,44187,32522,11665,2652,10777,2524,241,35,582,83,65,10,47932,2150,39,31,73,539,3831,786,47,4495,169,77,3871,1027,44,273,943,76,45,199,1046,0,257,256,62,11,516,98,18471,17043,16233
2023,De Baca County; New Mexico,727,173,47,129,128,262,5,240,69,163,8,151,138,205,297,2.15,3.32,1566,727,175,67,455,108,34,768,468,194,2,50,54,442,105,160,16,134,27,70,61,540,443,0,787,0,32,32,35,011,0,0,0,32,32,15,32,217,0,0,192,4,21,1094,79,56,261,508,99,52,39,959,91,1198,46,1566,308,382,0,806,115,378,193,1564,1175,389,389,280,109,24,85,0,1580,1574,1565,1288,277,9,6,6,6,0,15,9,0,9,6,0,6,6,1,0,0,0,5,0,1418,894,524,5,504,5,19,0,0,0,1,0,1580,40,0,0,0,2,156,0,0,200,0,0,175,8,0,0,4,0,0,19,5,0,0,0,0,0,0,0,727,580,557
2023,Doña Ana County; New Mexico,83530,34444,11954,9027,3622,15336,1430,10186,3103,24723,4787,13398,5856,24513,26590,2.59,3.24,216389,83530,34710,8772,67925,15215,6237,87707,37622,38189,1258,2534,8104,91286,34762,36541,1870,6889,11224,3013,1265,35,55,6,83,41,4166,1622,35,013,192,384,74,972,1622,899,1207,65630,2743,2889,23750,13026,23222,137719,13388,10500,31456,26799,12334,24324,18918,113831,43242,168372,13007,218466,30716,52101,2953,129580,15798,36785,11965,219068,189948,29120,27727,13616,14111,5196,8915,1393,221665,188614,186227,95664,90563,2387,33051,33051,16397,16654,35438,2387,647,1740,33051,6549,26502,33051,1248,2350,625,80,28507,241,208734,113501,95233,33204,90577,31907,2041,384,1479,409,1136,504,221665,7142,678,443,411,1557,14987,2256,317,15842,561,585,10747,2958,176,1310,1603,367,516,801,2557,226,1217,1633,339,288,614,271,83530,78199,73706
2023,Eddy County; New Mexico,23245,11329,4971,1350,783,5144,399,3977,1085,5422,1122,2727,1784,8124,6575,2.59,3.17,60194,23245,11302,1361,18862,4267,1157,24649,8422,12146,655,775,2651,23214,5572,12096,407,2005,3134,882,266,43,66,55,100,31,1363,546,35,015,58,113,1,374,546,274,430,15153,744,782,7364,3674,2589,39891,2590,3670,10886,10888,3950,4972,2935,33631,7907,45152,3003,60479,9742,15912,1205,35771,4854,8796,3683,60080,51373,8707,8489,5288,3201,1278,1923,218,61114,57278,56837,36159,20678,441,3836,3836,1274,2562,4277,441,38,403,3836,1182,2654,3836,94,287,8,0,3426,21,56836,42258,14578,3681,13841,3572,198,32,181,42,358,35,61114,3406,58,106,78,282,5137,704,20,4511,35,0,3573,756,16,212,349,173,47,325,396,16,24,312,60,24,258,154,23245,21562,19821
2023,Grant County; New Mexico,11069,4517,938,915,102,2345,28,1883,913,3292,214,2403,1358,1630,5461,2.44,3.44,27005,11069,4588,860,7342,2153,993,11881,4460,4946,142,544,1789,11877,3603,4598,102,1452,2122,175,45,13,35,0,62,22,384,181,35,017,60,0,0,121,181,57,105,5370,290,240,2306,1305,1229,20633,664,1469,5561,5002,2005,3368,2564,18500,5932,22834,2527,27363,6250,5022,275,14395,2458,7946,3517,27587,24858,2729,2673,935,1738,485,1253,56,27856,26727,26621,14307,12314,106,1129,1129,562,567,1235,106,0,106,1129,139,990,1129,192,198,41,0,679,19,26678,20591,6087,827,5575,681,154,3,189,123,169,20,27856,933,0,45,389,197,2906,293,54,2760,6,4,2397,409,0,701,351,48,17,226,705,27,0,141,47,0,176,4,11069,10217,9372
2023,Guadalupe County; New Mexico,1451,619,152,51,39,513,14,385,131,268,80,130,77,386,644,2.67,3.52,3873,1451,570,70,1204,557,21,2167,938,731,23,72,403,1472,425,540,46,158,303,26,0,0,35,0,84,0,180,78,35,019,0,0,59,19,78,35,73,914,0,170,396,278,70,3241,328,218,1371,589,232,363,140,2695,503,3441,250,3925,880,938,28,2093,398,894,454,4350,3916,434,388,132,256,210,46,46,4379,4007,4007,2861,1146,0,372,372,187,185,372,0,0,0,372,76,296,372,26,0,0,0,346,0,4231,2171,2060,637,1949,637,6,0,0,0,105,0,4379,182,0,0,0,9,218,57,0,383,0,0,71,84,0,0,4,0,0,10,5,0,4,28,0,0,24,0,1451,1246,1119
2023,Harding County; New Mexico,282,129,33,11,0,79,3,71,47,63,0,54,41,38,153,2.65,3.99,748,282,158,9,237,42,20,327,105,163,0,18,41,304,96,132,13,43,20,7,0,0,45,0,0,109,2,2,35,021,2,0,0,0,2,2,0,196,4,0,80,82,30,508,13,44,186,64,47,89,65,451,154,573,104,746,153,173,3,365,42,208,108,744,683,61,61,31,30,26,4,0,748,718,718,386,332,0,30,30,6,24,30,0,0,0,30,2,28,30,2,0,0,0,28,0,728,567,161,32,160,32,1,0,0,0,0,0,748,81,0,1,14,0,46,12,1,50,0,0,24,4,0,0,0,0,0,11,19,3,0,0,0,0,0,0,282,223,186
2023,Hidalgo County; New Mexico,1501,692,207,89,57,267,14,208,87,453,95,254,153,430,617,2.67,3.29,4015,1501,662,115,1296,304,137,1684,641,676,43,74,250,1616,463,698,10,204,241,76,12,24,103,0,212,38,117,69,35,023,17,6,0,46,69,30,69,755,24,67,393,218,53,2887,160,276,1087,618,233,363,150,2451,513,3190,207,4015,708,880,24,2242,374,893,310,4021,3641,380,349,43,306,107,199,31,4097,3758,3730,2146,1584,28,339,339,160,179,367,28,0,28,339,48,291,339,22,34,0,0,283,0,3867,2538,1329,379,1264,347,31,14,34,18,0,0,4097,158,6,7,42,9,336,44,0,304,0,0,229,31,0,51,15,0,3,6,89,0,0,3,0,0,16,0,1501,1370,1189
2023,Lea County; New Mexico,24568,11819,5486,2169,1325,5077,595,3468,799,5503,1312,2944,1457,9855,6021,2.89,3.49,70879,24568,11660,2329,25250,5209,1863,28581,11624,13104,430,744,2679,26510,7888,12644,719,2048,3211,1601,675,73,94,32,164,44,1659,1005,35,025,2,100,398,505,1005,557,905,19971,878,1315,9782,4760,3236,43738,5923,4757,14264,8793,3319,3669,3013,33058,6682,51252,1908,71479,8973,21801,905,41651,4618,8027,3450,71837,63228,8609,7945,5162,2783,865,1918,664,73154,60015,59290,31731,27559,725,13139,13139,3039,10100,13864,725,348,377,13139,4278,8861,13139,69,260,83,0,12691,36,67272,37740,29532,10749,28546,10561,567,67,195,78,224,43,73154,4930,30,137,76,251,4050,477,50,4012,8,0,3365,587,0,286,88,60,15,271,388,0,480,89,108,0,223,63,24568,22845,20729
2023,Lincoln County; New Mexico,9376,4323,884,751,218,1647,140,1261,603,2655,400,1806,1099,1829,4605,2.14,2.70,20037,9376,4448,630,4100,1010,473,8394,2108,4514,52,462,1258,9051,1663,4660,226,1167,1335,186,67,35,54,0,94,34,350,184,35,027,0,62,14,108,184,121,170,3136,160,110,1409,817,640,15760,510,784,4301,3985,1645,2769,1766,14466,4535,16791,1657,20074,4568,3432,208,10473,1996,6169,2364,19958,17742,2216,2177,948,1229,348,881,39,20227,19017,18647,7969,10678,370,1210,1210,610,600,1580,370,29,341,1210,434,776,1210,82,152,9,0,967,0,19404,15323,4081,787,3623,754,46,0,82,33,330,0,20227,2484,43,29,8,80,2543,413,3,2533,23,45,2068,355,0,73,90,12,82,153,432,0,52,113,22,23,362,31,9376,8903,7788
2023,Los Alamos County; New Mexico,8211,4449,1753,431,74,1733,93,1417,286,1598,246,1108,461,2368,2323,2.35,2.99,19277,8211,4501,397,5112,759,297,8282,2298,4983,0,239,762,7711,1734,4658,21,336,962,407,132,72,98,33,164,55,400,116,35,028,101,0,8,7,116,32,108,4924,173,189,2081,1090,1391,14090,112,126,1433,2175,628,3523,6093,13852,9616,15145,1169,19220,1995,4151,92,11594,914,3475,989,19143,16512,2631,2504,895,1609,417,1192,127,19374,17224,16874,5570,11304,350,2150,2150,1270,880,2500,350,110,240,2150,891,1259,2150,575,987,63,13,414,98,18500,15427,3073,624,1371,151,701,77,899,352,102,44,19374,857,98,42,122,163,3824,432,117,3374,120,90,2119,744,58,447,638,177,280,266,720,18,65,242,170,97,229,100,8211,8077,7771
2023,Luna County; New Mexico,9082,3674,1337,618,383,1936,115,1564,697,2854,779,1576,960,2844,3684,2.74,3.66,24922,9082,3632,660,9049,1822,677,10118,3909,4491,122,297,1299,9845,2972,3701,457,1445,1270,214,143,45,40,0,78,14,384,79,35,029,0,24,5,50,79,23,67,5591,324,633,2484,1410,740,16365,2064,1879,5738,3394,880,1672,738,12422,2410,18784,1413,25039,5393,6582,579,13254,2137,5203,2677,25155,22482,2673,2475,1255,1220,356,864,198,25420,21233,21127,12371,8756,106,4187,4187,1726,2461,4293,106,0,106,4187,882,3305,4187,4,134,0,0,4049,0,23499,11125,12374,4164,12090,4065,11,0,121,67,152,32,25420,1064,88,46,116,84,1717,230,0,1439,9,7,1393,321,38,73,122,48,1,149,230,3,31,83,0,0,106,0,9082,7865,7198
2023,McKinley County; New Mexico,21088,6597,2009,2429,1238,4048,450,2297,580,8014,1928,2578,1218,8281,6811,3.33,4.02,70138,21088,6507,2509,25142,13692,1200,26285,14595,8246,605,894,1945,28880,14349,8095,661,2892,2883,702,535,41,41,47,68,8,3822,1463,35,031,146,138,326,853,1463,930,996,19269,1046,1280,9620,4464,2859,45122,3214,5413,16511,11023,3338,3323,2300,36495,5623,51420,2449,70605,11259,19598,568,41708,5936,9299,4755,70677,66817,3860,3721,1943,1778,842,936,139,71172,69603,69305,54018,15287,298,1569,1569,605,964,1867,298,33,265,1569,669,900,1569,80,708,37,7,732,5,66961,32954,34007,8952,3640,650,401,65,561,212,29405,8025,71172,383,158,6,76,261,1027,223,4,1212,3,141,1231,347,17,243,152,43,26,66,88,19,58,266,54,17,16,95,21088,16329,12190
2023,Mora County; New Mexico,1991,739,45,128,0,365,18,315,62,759,302,324,140,419,949,2.09,2.65,4167,1991,709,144,1065,245,13,1650,706,725,59,23,137,2082,750,778,13,197,344,0,0,0,0,0,0,0,39,0,35,033,0,0,0,0,0,0,0,579,14,0,338,137,90,3272,103,100,1223,766,249,310,521,3069,831,3601,292,4176,1198,575,68,2235,559,1366,571,4176,3912,264,264,28,236,106,130,0,4176,4157,4153,3242,911,4,19,19,15,4,23,4,0,4,19,0,19,19,4,0,0,0,15,0,4067,2232,1835,218,1770,218,59,0,0,0,6,0,4176,286,10,0,0,0,135,204,14,149,35,37,131,68,0,213,4,0,0,12,12,0,0,25,0,0,0,2,1991,1604,1158
2023,Otero County; New Mexico,24285,10933,3952,2034,893,5405,314,4369,1274,5913,1373,3463,1720,7402,7777,2.66,3.41,64589,24285,10939,2037,19818,6017,1493,29277,11678,12581,324,689,4005,26411,7984,12158,370,2381,3518,686,218,25,46,10,91,10,1940,734,35,035,232,86,60,356,734,307,532,15628,855,786,6434,3658,3895,45357,2235,3529,13164,12233,4401,6453,3342,39593,9795,48867,7257,61755,12480,15088,745,35176,6685,11491,5050,67422,58463,8959,7946,3438,4508,1117,3391,1013,68235,61314,60096,24408,35688,1218,6921,6921,2794,4127,8139,1218,252,966,6921,2090,4831,6921,617,792,88,41,5302,81,64080,48100,15980,6065,13577,5599,332,110,692,209,1379,147,68235,3174,234,115,60,887,6908,1162,204,7269,48,169,6024,1571,14,522,410,73,144,505,2075,52,229,371,71,75,342,65,24285,22849,21360
2023,Quay County; New Mexico,4102,1464,354,344,59,969,11,773,339,1325,286,886,572,861,1732,2.08,2.80,8529,4102,1498,300,1799,616,214,3500,984,1640,130,219,527,3583,792,1470,21,633,667,43,13,13,29,0,76,0,188,184,35,037,17,0,2,165,184,87,120,1882,32,7,1144,328,371,6388,132,654,2297,1539,462,771,533,5602,1304,6835,671,8545,2252,1780,84,4555,1202,2210,966,8595,7902,693,644,342,302,126,176,49,8616,8513,8471,5197,3274,42,103,103,8,95,145,42,42,0,103,6,97,103,8,0,0,0,95,0,8313,6625,1688,166,1677,164,2,2,0,0,9,0,8616,494,0,2,0,145,808,110,0,586,0,0,814,216,0,27,104,20,83,116,51,0,6,35,0,0,44,4,4102,3584,2884
2023,Rio Arriba County; New Mexico,14980,5649,1403,1372,515,3368,293,2424,1007,4591,993,2393,1299,4091,5887,2.65,3.38,39710,14980,5656,1368,12435,4048,1223,15981,6914,6405,140,564,1958,16669,6573,6039,143,1558,2356,303,261,46,37,11,82,9,1254,402,35,039,37,93,28,244,402,226,167,8856,419,352,4526,2144,1415,27857,1381,2411,9325,7190,2305,3019,2226,24065,5245,31076,2060,40082,5974,9079,462,22524,2834,8479,2678,39573,37621,1952,1928,446,1482,951,531,24,40165,37746,37557,30728,6829,189,2419,2419,749,1670,2608,189,81,108,2419,569,1850,2419,103,232,62,4,2018,0,38154,17626,20528,2479,17276,2174,70,5,253,72,2929,228,40165,1940,4,9,0,166,771,221,8,1486,66,14,1272,332,1,47,168,17,167,58,339,11,128,67,25,3,93,27,14980,11988,10679
2023,Roosevelt County; New Mexico,7211,3068,1279,479,334,1631,85,1275,438,2033,419,1257,533,2283,2166,2.48,3.16,17885,7211,2933,622,5842,854,423,7392,2822,3160,107,440,863,7570,2488,3253,102,812,915,288,99,36,62,0,105,30,332,148,35,041,0,0,2,146,148,99,112,5653,233,298,2290,924,1908,11201,691,890,3298,3089,842,1395,996,9620,2391,13942,1073,18596,3649,4770,484,11062,1864,2764,1301,18677,14416,4261,4007,1934,2073,908,1165,254,19002,17757,17409,10156,7253,348,1245,1245,293,952,1593,348,125,223,1245,429,816,1245,32,113,0,0,1097,3,17830,13865,3965,641,3725,615,69,14,122,12,49,0,19002,1023,0,0,4,206,1395,112,42,1639,21,3,1628,711,16,48,32,69,94,262,353,0,0,89,4,3,84,18,7211,6473,6180
2023,Sandoval County; New Mexico,55741,29929,10275,4108,1490,8157,932,5539,2290,13547,2737,6881,3949,17969,20884,2.70,3.18,150721,55741,30099,4007,44304,13423,3147,60997,21411,32202,580,1386,5418,63423,18147,31427,807,4891,8151,1755,729,39,53,3,84,41,3784,1483,35,043,274,411,172,626,1483,839,1065,36733,1799,1708,15476,8973,8777,106408,2766,5094,26369,24961,11683,20972,14563,98548,35535,117661,12167,150847,22782,33603,1377,87769,11363,29475,10042,150057,134547,15510,15094,5520,9574,5186,4388,416,151538,142898,140493,79753,60740,2405,8640,8640,4983,3657,11045,2405,409,1996,8640,1407,7233,8640,1144,1719,675,75,4687,340,144163,108591,35572,6455,20724,3943,1241,125,1576,719,12031,1668,151538,5639,756,227,682,959,14179,3490,543,17102,439,323,12998,5993,185,1064,2324,416,733,1522,3598,86,1539,1424,346,330,853,212,55741,52665,49544
2023,San Juan County; New Mexico,41053,18203,6039,3507,1520,7611,863,5069,1506,11732,2520,5326,2544,13632,14151,2.91,3.51,119595,41053,18012,3709,40020,13627,3174,47297,20716,20112,753,1260,4456,48954,17415,20160,828,4706,5845,1474,596,34,53,14,93,30,3806,1387,35,045,301,283,252,551,1387,789,779,29562,1311,1419,14099,6834,5899,80157,3221,7644,24330,21597,10022,7897,5446,69292,13343,90390,5748,120020,18800,30721,1136,69875,8907,19424,8757,120053,108395,11658,11462,6743,4719,2007,2712,196,121178,117495,117037,74843,42194,458,3683,3683,1617,2066,4141,458,221,237,3683,817,2866,3683,311,729,58,15,2504,66,114159,79587,34572,14362,10794,4243,592,180,559,194,22627,9745,121178,2913,60,166,431,680,7489,1768,107,9448,43,104,6076,1150,29,878,499,94,222,398,2086,37,51,757,88,50,664,62,41053,36984,28398
2023,San Miguel County; New Mexico,11924,4099,812,897,450,2878,319,2074,1032,4050,592,2598,1350,2716,5100,2.16,2.82,25750,11924,4054,936,6093,1828,915,11460,5217,4166,127,563,1387,11843,4271,4274,164,1318,1816,243,213,53,43,35,88,9,826,461,35,047,36,16,24,385,461,341,336,6073,290,334,1896,964,2589,19918,994,1851,5140,5109,1598,2905,2321,17073,5226,22477,1629,26633,6531,4548,244,15589,3454,6496,2833,26774,23601,3173,3004,1228,1776,1161,615,169,27036,26221,26081,18886,7195,140,815,815,378,437,955,140,68,72,815,229,586,815,113,116,62,28,496,0,25895,13456,12439,1648,11753,1596,249,26,75,1,362,25,27036,1296,13,0,0,105,824,215,6,1544,49,9,717,412,0,83,272,12,37,113,141,0,21,72,10,0,148,42,11924,10292,8956
2023,Santa Fe County; New Mexico,69348,29042,8034,4753,1208,14139,764,10656,4492,21414,3074,14062,8436,14813,30377,2.20,2.86,152492,69348,28990,4809,34682,10047,4616,65339,22129,31592,835,1935,8848,69380,19116,31273,709,5835,12447,1269,656,37,42,28,68,23,2839,1396,35,049,138,241,156,861,1396,766,964,28471,1828,1123,11957,6315,7248,118758,4695,5467,23905,23533,8708,26025,26425,108596,52450,129319,9062,153738,22820,25563,1741,86014,9745,42161,11334,154285,136858,17427,16886,7497,9389,3597,5792,541,155175,136539,134539,69783,64756,2000,18636,18636,7897,10739,20636,2000,331,1669,18636,4041,14595,18636,2701,1997,378,126,12951,483,149298,103874,45424,10965,39048,10153,3090,273,1367,345,1919,194,155175,6018,271,556,510,1712,17984,3317,548,15217,564,450,11986,4887,313,1973,2234,287,1597,1845,3398,124,269,1933,807,304,1519,104,69348,64904,61118
2023,Sierra County; New Mexico,5419,2082,267,369,158,1307,33,1056,640,1661,172,1232,816,725,2973,2.08,2.88,11261,5419,2148,298,2533,555,308,4895,1189,2480,37,398,791,5202,1244,2201,17,852,888,86,28,24,46,0,19,82,113,65,35,051,0,0,14,51,65,65,0,1525,102,103,740,448,132,9201,370,533,3244,2426,1125,892,611,8298,1503,9720,1469,11270,3253,1791,122,5397,1296,4082,1835,11453,11103,350,311,129,182,57,125,39,11511,10549,10438,5012,5426,111,962,962,171,791,1073,111,0,111,962,7,955,962,75,125,0,0,745,17,11091,8764,2327,489,2113,431,81,18,99,23,34,17,11511,937,21,12,29,70,1283,111,0,1500,25,42,875,632,100,126,119,0,19,112,367,10,0,154,44,27,237,0,5419,4624,4387
2023,Socorro County; New Mexico,5222,2050,517,466,171,1179,39,959,316,1527,211,825,442,1177,2139,2.99,3.81,15595,5222,1972,550,4485,2134,1232,6701,3563,2264,61,241,572,6661,2587,2371,48,575,1080,101,49,20,29,3,44,24,485,432,35,053,0,65,0,367,432,268,8,4321,212,256,1435,693,1725,10586,705,915,4113,1887,743,1153,1070,8966,2223,12741,1115,16070,4144,3475,448,9345,1787,3250,1909,16268,14443,1825,1791,915,876,632,244,34,16308,15369,15191,11252,3939,178,939,939,310,629,1117,178,120,58,939,202,737,939,30,296,12,9,562,30,15518,9721,5797,1430,3578,1070,626,34,123,48,1470,278,16308,2207,33,18,48,40,884,61,27,1460,10,7,628,208,10,97,29,0,56,72,166,12,0,60,0,39,110,0,5222,3883,3118
2023,Taos County; New Mexico,14459,5179,921,1103,208,2955,200,2528,1217,5222,682,3437,2093,2629,7298,2.36,3.36,34136,14459,5162,1125,7836,4877,677,14507,6036,5901,96,386,2088,15523,5317,5519,189,1727,2771,32,27,6,5,0,15,1,623,420,35,055,9,56,96,259,420,321,168,6388,538,238,2853,1545,1214,26662,511,1261,7057,5713,2239,5289,4592,24890,9881,28970,2189,34307,6317,5526,252,18660,2402,10121,3663,34500,31766,2734,2708,1174,1534,931,603,26,34516,32382,32014,18179,13835,368,2134,2134,795,1339,2502,368,22,346,2134,485,1649,2134,586,174,47,12,1261,54,33492,22136,11356,1925,9656,1609,274,60,180,41,1246,215,34516,623,6,90,44,415,3832,951,211,3966,159,116,3733,713,64,397,352,30,168,566,1276,9,6,226,51,15,306,0,14459,13305,12134
2023,Torrance County; New Mexico,5774,2765,826,576,354,1181,9,1002,386,1252,125,821,336,1516,2139,2.64,3.31,15254,5774,2877,475,4378,1154,596,6448,2172,3142,32,277,825,6344,1924,2960,107,407,946,117,53,26,36,0,87,17,305,202,35,057,23,0,0,179,202,107,179,3431,149,164,1401,925,792,10891,517,949,3595,3263,947,1021,599,9425,1620,12132,1257,15259,3823,3158,268,8725,1945,3376,1610,15242,14005,1237,1237,203,1034,591,443,0,15290,14504,14442,8877,5565,62,786,786,353,433,848,62,0,62,786,169,617,786,87,92,0,0,607,0,14568,11518,3050,465,2663,465,147,0,110,0,130,0,15290,1527,61,0,73,64,2055,166,9,1598,8,21,1439,427,0,173,77,1,33,363,406,21,0,104,21,0,255,0,5774,5211,4539
2023,Union County; New Mexico,1504,507,131,175,79,365,66,287,99,457,22,345,255,401,650,2.40,3.30,3613,1504,528,154,937,396,94,1796,697,607,13,100,379,1464,383,563,22,241,255,27,19,42,43,0,92,0,83,60,35,059,3,53,4,0,60,57,7,777,38,122,351,117,149,2816,83,229,1174,650,171,311,198,2504,509,3163,212,3613,842,876,53,1859,426,878,363,4020,3544,476,475,122,353,202,151,1,4039,3948,3898,2182,1716,50,91,91,10,81,141,50,0,50,91,0,91,91,0,0,0,0,91,0,3766,2979,787,210,740,178,12,0,0,0,35,32,4039,118,0,2,1,37,424,89,0,632,0,0,412,110,0,51,37,0,8,71,106,3,8,48,8,0,8,0,1504,1247,1252
2023,Valencia County; New Mexico,26782,12342,4281,1697,947,5045,290,3559,1266,7698,1650,3805,2149,8297,10308,2.83,3.43,75742,26782,12321,1722,25188,7016,2713,31275,12099,14186,267,1179,3544,31701,9037,14034,696,2610,5324,1508,547,56,90,0,174,40,2232,983,35,061,209,122,95,557,983,458,786,18744,1189,905,7896,4707,4047,53115,3033,4446,16644,12506,5433,6404,4649,45636,11053,59506,5716,75744,15997,17683,1004,43870,8628,14191,6365,76300,69946,6354,6262,2791,3471,2361,1110,92,77382,71445,70311,48121,22190,1134,5937,5937,2523,3414,7071,1134,300,834,5937,782,5155,5937,235,686,0,12,4973,31,73085,52765,20320,5659,18353,5200,323,56,170,98,1474,305,77382,4650,86,155,182,334,5653,653,101,5368,233,219,4086,1236,21,442,496,520,201,616,917,19,44,585,61,74,284,72,26782,24536,21496
