year,county_name,employment_status_population_16_years_and_over,employment_status_population_16_years_and_over_in_,employment_status_population_16_years_and_over_in_,employment_status_population_16_years_and_over_in_,employment_status_population_16_years_and_over_in_,employment_status_population_16_years_and_over_in_,employment_status_population_16_years_and_over_not,employment_status_civilian_labor_force,employment_status_civilian_labor_force_percent_une,employment_status_females_16_years_and_over,employment_status_females_16_years_and_over_in_lab,employment_status_females_16_years_and_over_in_lab,employment_status_females_16_years_and_over_in_lab,employment_status_own_children_under_6_years,employment_status_own_children_under_6_years_all_p,employment_status_own_children_6_to_17_years,employment_status_own_children_6_to_17_years_all_p,commuting_to_work_workers_16_years_and_over,commuting_to_work_workers_16_years_and_over_car_tr,commuting_to_work_workers_16_years_and_over_car_tr,commuting_to_work_workers_16_years_and_over_public,commuting_to_work_workers_16_years_and_over_walked,commuting_to_work_workers_16_years_and_over_other_,commuting_to_work_workers_16_years_and_over_worked,commuting_to_work_mean_travel_time_to_work_minutes,occupation_civilian_employed_population_16_years_a,occupation_civilian_employed_population_16_years_a,occupation_civilian_employed_population_16_years_a,occupation_civilian_employed_population_16_years_a,occupation_civilian_employed_population_16_years_a,occupation_civilian_employed_population_16_years_a,industry_civilian_employed_population_16_years_and,industry_civilian_employed_population_16_years_and,industry_civilian_employed_population_16_years_and,industry_civilian_employed_population_16_years_and,state_fips,county_fips,industry_civilian_employed_population_16_years_and,industry_civilian_employed_population_16_years_and,industry_civilian_employed_population_16_years_and,industry_civilian_employed_population_16_years_and,industry_civilian_employed_population_16_years_and,industry_civilian_employed_population_16_years_and,industry_civilian_employed_population_16_years_and,industry_civilian_employed_population_16_years_and,industry_civilian_employed_population_16_years_and,industry_civilian_employed_population_16_years_and,class_of_worker_civilian_employed_population_16_ye,class_of_worker_civilian_employed_population_16_ye,class_of_worker_civilian_employed_population_16_ye,class_of_worker_civilian_employed_population_16_ye,class_of_worker_civilian_employed_population_16_ye,income_and_benefits_in_2013_inflation_adjusted_dol,income_and_benefits_in_2013_inflation_adjusted_dol,income_and_benefits_in_2013_inflation_adjusted_dol,income_and_benefits_in_2013_inflation_adjusted_dol,income_and_benefits_in_2013_inflation_adjusted_dol,income_and_benefits_in_2013_inflation_adjusted_dol,income_and_benefits_in_2013_inflation_adjusted_dol,income_and_benefits_in_2013_inflation_adjusted_dol,income_and_benefits_in_2013_inflation_adjusted_dol,income_and_benefits_in_2013_inflation_adjusted_dol,income_and_benefits_in_2013_inflation_adjusted_dol,income_and_benefits_in_2013_inflation_adjusted_dol,income_and_benefits_in_2013_inflation_adjusted_dol,income_and_benefits_in_2013_inflation_adjusted_dol,income_and_benefits_in_2013_inflation_adjusted_dol,income_and_benefits_in_2013_inflation_adjusted_dol,income_and_benefits_in_2013_inflation_adjusted_dol,income_and_benefits_in_2013_inflation_adjusted_dol,income_and_benefits_in_2013_inflation_adjusted_dol,income_and_benefits_in_2013_inflation_adjusted_dol,income_and_benefits_in_2013_inflation_adjusted_dol,income_and_benefits_in_2013_inflation_adjusted_dol,income_and_benefits_in_2013_inflation_adjusted_dol,income_and_benefits_in_2013_inflation_adjusted_dol,income_and_benefits_in_2013_inflation_adjusted_dol,income_and_benefits_in_2013_inflation_adjusted_dol,income_and_benefits_in_2013_inflation_adjusted_dol,income_and_benefits_in_2013_inflation_adjusted_dol,income_and_benefits_in_2013_inflation_adjusted_dol,income_and_benefits_in_2013_inflation_adjusted_dol,income_and_benefits_in_2013_inflation_adjusted_dol,income_and_benefits_in_2013_inflation_adjusted_dol,income_and_benefits_in_2013_inflation_adjusted_dol,income_and_benefits_in_2013_inflation_adjusted_dol,income_and_benefits_in_2013_inflation_adjusted_dol,income_and_benefits_in_2013_inflation_adjusted_dol,income_and_benefits_in_2013_inflation_adjusted_dol,income_and_benefits_in_2013_inflation_adjusted_dol,income_and_benefits_in_2013_inflation_adjusted_dol,income_and_benefits_in_2013_inflation_adjusted_dol,income_and_benefits_in_2013_inflation_adjusted_dol,income_and_benefits_in_2013_inflation_adjusted_dol,income_and_benefits_in_2013_inflation_adjusted_dol,income_and_benefits_in_2013_inflation_adjusted_dol,health_insurance_coverage_civilian_noninstitutiona,health_insurance_coverage_civilian_noninstitutiona,health_insurance_coverage_civilian_noninstitutiona,health_insurance_coverage_civilian_noninstitutiona,health_insurance_coverage_civilian_noninstitutiona,health_insurance_coverage_civilian_noninstitutiona,health_insurance_coverage_civilian_noninstitutiona,health_insurance_coverage_civilian_noninstitutiona,health_insurance_coverage_civilian_noninstitutiona,health_insurance_coverage_civilian_noninstitutiona,health_insurance_coverage_civilian_noninstitutiona,health_insurance_coverage_civilian_noninstitutiona,health_insurance_coverage_civilian_noninstitutiona,health_insurance_coverage_civilian_noninstitutiona,health_insurance_coverage_civilian_noninstitutiona,health_insurance_coverage_civilian_noninstitutiona,health_insurance_coverage_civilian_noninstitutiona,health_insurance_coverage_civilian_noninstitutiona,health_insurance_coverage_civilian_noninstitutiona,health_insurance_coverage_civilian_noninstitutiona,health_insurance_coverage_civilian_noninstitutiona,health_insurance_coverage_civilian_noninstitutiona,health_insurance_coverage_civilian_noninstitutiona,health_insurance_coverage_civilian_noninstitutiona,percentage_of_families_and_people_whose_income_in_,percentage_of_families_and_people_whose_income_in_,percentage_of_families_and_people_whose_income_in_,percentage_of_families_and_people_whose_income_in_,percentage_of_families_and_people_whose_income_in_,percentage_of_families_and_people_whose_income_in_,percentage_of_families_and_people_whose_income_in_,percentage_of_families_and_people_whose_income_in_,percentage_of_families_and_people_whose_income_in_,percentage_of_families_and_people_whose_income_in_,percentage_of_families_and_people_whose_income_in_,percentage_of_families_and_people_whose_income_in_,percentage_of_families_and_people_whose_income_in_,percentage_of_families_and_people_whose_income_in_,percentage_of_families_and_people_whose_income_in_,percentage_of_families_and_people_whose_income_in_,percentage_of_families_and_people_whose_income_in_,percentage_of_families_and_people_whose_income_in_,percentage_of_families_and_people_whose_income_in_
2013,Lincoln County; Maine,28917,17512,17483,16463,1020,29,11405,17483,-888888888,14888,8656,8650,8238,1761,1072,4350,3161,16063,12682,1541,69,418,217,1136,25.2,16463,5903,2550,3764,2621,1625,16463,767,1565,1587,23,015,287,2040,604,137,847,1450,4104,1330,879,866,16463,11677,2649,2118,19,14817,714,861,1463,1818,2529,2955,2064,1528,448,437,50181,64155,10901,57604,6049,17751,3461,22728,603,9660,303,4135,1487,9670,349,320,593,999,1768,2101,1502,1270,403,365,59398,73482,28070,5147,31940,42919,27958,39572,34006,33916,29896,22721,13982,4020,6296,411,20084,15678,14799,12205,10985,1723,2594,879,576,363,314,303,4406,3701,2238,2098,705,-888888888,-888888888,-888888888,-888888888,-888888888,-888888888,-888888888,-888888888,-888888888,-888888888,-888888888,-888888888,-888888888,-888888888,-888888888,-888888888,-888888888,-888888888,-888888888
2013,Waldo County; Maine,31793,19777,19762,18064,1698,15,12016,19762,-888888888,16420,9578,9578,9007,2369,1436,5186,3782,17395,13156,1893,73,573,328,1372,26.5,18064,5881,3520,4013,2261,2389,18064,501,1417,1621,23,027,394,2343,600,275,1229,1529,4657,1626,1002,870,18064,12915,2599,2516,34,16448,1282,1282,2459,2195,2232,3165,1952,1482,241,158,42221,52724,12095,52159,5941,15113,2866,21967,927,9767,916,1856,2999,10519,440,315,1230,1308,1580,2466,1589,1246,194,151,52614,62460,22853,5929,22843,32484,24778,41357,32614,38655,33919,23569,15990,4736,7994,529,24152,18271,16707,14085,12147,2494,2622,1564,984,460,531,580,5881,4878,2230,3074,1003,-888888888,-888888888,-888888888,-888888888,-888888888,-888888888,-888888888,-888888888,-888888888,-888888888,-888888888,-888888888,-888888888,-888888888,-888888888,-888888888,-888888888,-888888888,-888888888
2013,Penobscot County; Maine,127626,79861,79576,73043,6533,285,47765,79576,-888888888,65331,39270,39245,36688,8937,6141,19068,13381,71455,57692,6611,375,2747,1356,2674,22.0,73043,24835,14755,18502,7150,7801,73043,1538,4532,4625,23,019,1817,10414,3524,1115,3117,5129,24656,6393,3056,3127,73043,56581,11873,4487,102,62608,4968,4304,8643,8105,8964,12020,6791,5906,1652,1255,43734,57355,46375,59779,21159,15840,10798,18219,4561,9223,3761,2761,12139,39131,1749,1216,4308,4046,5947,8504,5523,5314,1467,1057,56155,69408,23895,23477,26085,34824,25277,42573,34012,151835,135795,96562,59542,16040,29660,1681,100056,75136,69135,59210,52370,9016,9925,6001,3967,2025,2126,2034,24920,22546,10974,13609,2374,-888888888,-888888888,-888888888,-888888888,-888888888,-888888888,-888888888,-888888888,-888888888,-888888888,-888888888,-888888888,-888888888,-888888888,-888888888,-888888888,-888888888,-888888888,-888888888
2013,Piscataquis County; Maine,14514,7930,7914,7203,711,16,6584,7914,-888888888,7366,3711,3706,3442,875,466,2196,1414,6971,5585,601,18,289,52,426,24.9,7203,2104,1439,1370,982,1308,7203,302,532,1173,23,021,99,876,416,66,198,350,2057,499,359,276,7203,5380,956,848,19,7769,662,647,1252,1128,1235,1527,765,351,88,114,36646,48293,5225,47311,3359,16036,1690,15822,646,8290,364,3140,1740,5113,308,236,533,758,939,1193,623,333,80,110,45917,57776,21818,2656,19879,27484,23992,37481,27595,17188,14718,9182,8221,2470,3261,394,10347,7196,6550,5185,4307,1003,1365,646,374,155,238,272,3151,2727,1082,1860,424,-888888888,-888888888,-888888888,-888888888,-888888888,-888888888,-888888888,-888888888,-888888888,-888888888,-888888888,-888888888,-888888888,-888888888,-888888888,-888888888,-888888888,-888888888,-888888888
2013,Androscoggin County; Maine,86432,57269,57117,51767,5350,152,29163,57117,-888888888,44607,27870,27844,25713,7535,5482,15296,11921,50445,38896,6972,176,2090,784,1527,23.2,51767,15968,9075,14387,5238,7099,51767,672,3450,5820,23,001,1331,8218,2226,1226,3593,3989,14014,3504,1985,1739,51767,43224,5727,2766,50,44006,3178,3319,5782,4787,6762,8642,5511,4077,1143,805,44921,58382,33549,60369,13493,16054,8699,15993,2720,8781,2791,3224,9189,27529,1048,1248,2710,2489,4011,6480,4423,3430,1027,663,57444,69612,24442,16477,26344,35862,27457,43844,33813,106540,96447,69082,41819,10093,24020,880,67422,53660,48689,42465,37968,6410,6224,4971,3173,1295,2000,1798,13762,12582,6189,7774,1180,-888888888,-888888888,-888888888,-888888888,-888888888,-888888888,-888888888,-888888888,-888888888,-888888888,-888888888,-888888888,-888888888,-888888888,-888888888,-888888888,-888888888,-888888888,-888888888
2013,Aroostook County; Maine,59102,34163,34133,31593,2540,30,24939,34133,-888888888,30337,16377,16377,15396,4082,2785,9034,6607,30841,24559,3339,42,1023,497,1381,17.0,31593,9249,6157,7698,3838,4651,31593,1668,1661,2872,23,003,618,4837,1644,524,1103,1943,9502,2013,1341,1867,31593,23140,5830,2515,108,30597,2863,2695,4695,4025,4807,5659,3000,2058,394,401,37855,49053,20822,52258,12082,15314,5783,19285,2577,8798,1925,2510,6946,19203,895,629,2345,2213,3340,4704,2557,1844,358,318,50779,60334,21566,11394,19505,27535,24454,39732,31101,70257,62586,40592,33241,7671,13849,711,43153,31513,29180,24587,20862,5014,4593,2333,1574,647,994,759,11640,10038,4233,6922,1602,-888888888,-888888888,-888888888,-888888888,-888888888,-888888888,-888888888,-888888888,-888888888,-888888888,-888888888,-888888888,-888888888,-888888888,-888888888,-888888888,-888888888,-888888888,-888888888
2013,Washington County; Maine,27096,14836,14811,13155,1656,25,12260,14811,-888888888,13818,6999,6996,6284,1826,1173,4051,2732,12708,9623,1438,54,658,133,802,19.1,13155,3778,2694,2743,2280,1660,13155,1527,785,964,23,029,258,1729,501,112,448,576,3689,996,699,871,13155,8474,2722,1951,8,14209,1366,1303,2174,1936,2374,2629,1301,818,180,128,37236,47124,9924,46264,5633,15370,3001,18812,1149,8720,1036,3325,3438,8911,433,421,1063,1406,1690,1885,1125,653,136,99,45117,55371,20807,5298,20281,30879,21918,38161,29040,32065,27686,16648,16404,4379,6364,485,19372,13473,11989,9563,7558,2532,2426,1484,949,352,642,535,5899,4979,2109,3378,920,-888888888,-888888888,-888888888,-888888888,-888888888,-888888888,-888888888,-888888888,-888888888,-888888888,-888888888,-888888888,-888888888,-888888888,-888888888,-888888888,-888888888,-888888888,-888888888
2013,Cumberland County; Maine,232012,159754,159155,149273,9882,599,72258,159155,-888888888,120886,78714,78700,74392,16983,12235,39102,30696,146955,114306,12467,1779,7459,2635,8309,22.3,149273,64520,25336,35584,11866,11967,149273,1658,8435,10523,23,005,3762,19203,4706,3453,13476,17595,41541,14003,6323,4595,149273,119321,18127,11711,114,117359,7243,6388,10451,11096,16015,21368,15720,16921,6153,6004,57461,77975,93195,78601,33401,17094,20447,22313,4777,9615,5072,3923,14748,72171,2191,1908,3931,5451,8841,13541,11935,13940,5102,5331,75432,95853,32880,45188,34918,46925,31934,51265,41867,279520,254673,206545,83893,24847,57832,2354,181029,149072,140030,123843,115724,10778,16187,9042,6097,3655,2847,2945,31957,28685,17962,13233,3272,-888888888,-888888888,-888888888,-888888888,-888888888,-888888888,-888888888,-888888888,-888888888,-888888888,-888888888,-888888888,-888888888,-888888888,-888888888,-888888888,-888888888,-888888888,-888888888
2013,Knox County; Maine,33080,20607,20553,19495,1058,54,12473,20553,-888888888,16845,10018,10018,9633,2226,1392,4933,3631,18859,14114,2098,64,865,466,1252,18.7,19495,6184,3673,4809,2854,1975,19495,1170,1795,1714,23,013,477,2526,558,285,1261,1474,4304,2140,1030,761,19495,14255,2345,2844,51,16941,1045,808,2021,2040,2607,3700,2076,1619,570,455,49755,63225,12742,56948,6420,16681,3775,22573,694,9237,667,2466,2307,10717,367,242,749,1094,1746,2676,1700,1315,470,358,60581,74543,27865,6224,28313,40569,25559,42549,32038,38825,33772,24314,15929,5053,7518,479,23465,18254,17300,13881,12221,2022,3419,954,586,213,383,368,5211,4427,2292,2461,784,-888888888,-888888888,-888888888,-888888888,-888888888,-888888888,-888888888,-888888888,-888888888,-888888888,-888888888,-888888888,-888888888,-888888888,-888888888,-888888888,-888888888,-888888888,-888888888
2013,Sagadahoc County; Maine,28790,19082,19002,17782,1220,80,9708,19002,-888888888,15045,9224,9224,8667,2113,1472,4909,3829,17440,14122,1713,47,521,195,842,23.4,17782,6729,3079,4365,1859,1750,17782,316,1205,2391,23,023,315,2684,666,280,986,1748,4219,1405,749,818,17782,13619,2425,1732,6,15022,721,707,1589,1636,1994,3352,2192,2106,440,285,56733,66427,11506,63598,4926,17632,3680,22604,706,10735,476,3313,1933,9713,255,366,573,831,1142,2325,1741,1826,399,255,69561,77642,28829,5309,32348,43590,30492,49847,36994,34945,32134,25226,12549,2811,7217,306,21851,17509,16389,14793,13378,2062,1596,1120,768,471,371,352,4342,3816,2337,1910,526,-888888888,-888888888,-888888888,-888888888,-888888888,-888888888,-888888888,-888888888,-888888888,-888888888,-888888888,-888888888,-888888888,-888888888,-888888888,-888888888,-888888888,-888888888,-888888888
2013,York County; Maine,162073,109847,109379,101532,7847,468,52226,109379,-888888888,84072,53453,53430,50311,11932,8609,27686,21442,99620,79361,9734,729,2666,1337,5793,27.2,101532,34988,18400,25099,10170,12875,101532,1126,7145,12735,23,031,2517,13881,4111,1787,7033,8988,24795,9059,4189,4166,101532,78893,14217,8214,208,81293,3756,4150,7915,8678,11003,16806,12104,10714,3591,2576,57348,70238,63584,70179,26316,16525,15800,23436,3782,10459,3390,3370,10330,53010,1355,1108,3112,4692,6610,11844,9726,9177,3069,2317,70642,82731,29125,28283,31471,43399,30436,49663,37338,196558,178598,142705,63825,17960,41324,1887,124078,101922,94715,83380,76955,8781,11335,7207,4882,2723,2332,2325,22156,19826,12482,9412,2330,-888888888,-888888888,-888888888,-888888888,-888888888,-888888888,-888888888,-888888888,-888888888,-888888888,-888888888,-888888888,-888888888,-888888888,-888888888,-888888888,-888888888,-888888888,-888888888
2013,Kennebec County; Maine,100131,63451,63256,57918,5338,195,36680,63256,-888888888,51757,31159,31131,28634,6927,4903,16488,12522,56892,45727,5620,91,2017,847,2590,23.1,57918,20288,10317,14390,6283,6640,57918,854,4446,4655,23,011,1637,7818,2319,1080,2504,4678,15581,4288,2898,5160,57918,41909,11138,4795,76,51719,3811,3264,6176,6514,7497,9912,6643,5540,1310,1052,46808,60108,38424,61796,17455,15494,10570,21033,3111,8840,2622,2588,9995,32535,1244,942,2841,3643,4569,7279,5358,4658,1151,850,59915,71720,25770,19184,26944,36329,28775,43904,35057,120413,108897,80948,46464,11516,24858,1086,76645,59164,54343,47722,43077,6837,6621,4821,3006,1530,1702,1815,17481,15496,7821,9152,1985,-888888888,-888888888,-888888888,-888888888,-888888888,-888888888,-888888888,-888888888,-888888888,-888888888,-888888888,-888888888,-888888888,-888888888,-888888888,-888888888,-888888888,-888888888,-888888888
2013,Franklin County; Maine,25511,15885,15882,14516,1366,3,9626,15882,-888888888,13198,7777,7777,7089,1588,1054,3914,2937,14107,10438,1445,64,1084,129,947,23.5,14516,4384,3121,3179,1842,1990,14516,473,1271,1535,23,007,311,1743,391,295,670,819,4202,1669,634,503,14516,10766,2321,1410,19,12098,809,822,1740,1749,2045,2186,1413,916,210,208,41626,53461,9192,51726,4556,16401,2468,20001,615,9104,348,3523,2275,7937,261,305,855,1133,1382,1700,1156,806,178,161,50251,61684,22083,4161,24192,34480,23280,42529,31613,30474,26943,18828,12743,3531,5857,286,19407,14694,13445,11269,9749,1992,2176,1249,782,244,538,467,4713,4128,2100,2389,585,-888888888,-888888888,-888888888,-888888888,-888888888,-888888888,-888888888,-888888888,-888888888,-888888888,-888888888,-888888888,-888888888,-888888888,-888888888,-888888888,-888888888,-888888888,-888888888
2013,Somerset County; Maine,42480,24786,24711,22432,2279,75,17694,24711,-888888888,21709,11723,11683,10846,2932,1767,7268,5227,21932,17382,2430,19,525,266,1310,25.0,22432,6022,4101,5075,3286,3948,22432,967,2369,3014,23,025,534,3058,877,344,738,1307,6334,1219,831,840,22432,17016,2967,2430,19,21692,1879,1711,3367,2928,3255,4000,2350,1608,326,268,38642,50542,15261,53075,8106,15909,3989,17635,1715,8494,1165,2879,5006,14213,907,513,1871,1749,2057,3141,2045,1380,305,245,50051,59540,21513,7479,22087,30361,25946,40959,31839,51374,45091,28156,24357,6283,10853,590,31917,23097,20958,17267,14777,3313,3691,2139,1226,540,735,913,8820,7731,2749,5847,1089,-888888888,-888888888,-888888888,-888888888,-888888888,-888888888,-888888888,-888888888,-888888888,-888888888,-888888888,-888888888,-888888888,-888888888,-888888888,-888888888,-888888888,-888888888,-888888888
2013,Hancock County; Maine,46058,29826,29773,27336,2437,53,16232,29773,-888888888,23792,14481,14465,13326,2846,1903,6550,5187,26463,18835,3369,180,1582,662,1835,22.8,27336,9699,5230,5455,4527,2425,27336,1522,2547,1604,23,009,436,3286,935,548,1163,2926,7336,2767,1453,813,27336,19441,3504,4369,22,24355,1727,1541,3180,2699,3521,4895,2888,2683,635,586,47460,61474,18532,58036,8347,16382,4443,26336,1049,9372,831,2965,3248,15198,655,424,1457,1398,2267,3419,2328,2226,541,483,60022,72571,27797,9157,27119,40863,25584,43478,32768,54075,46114,34764,20124,7961,9791,962,34245,27170,24988,20061,18163,2507,4927,2182,1296,633,762,886,7075,5895,3428,2968,1180,-888888888,-888888888,-888888888,-888888888,-888888888,-888888888,-888888888,-888888888,-888888888,-888888888,-888888888,-888888888,-888888888,-888888888,-888888888,-888888888,-888888888,-888888888,-888888888
2013,Oxford County; Maine,47234,28480,28458,25527,2931,22,18754,28458,-888888888,23982,13719,13719,12513,3232,2055,7804,5828,25007,20095,2442,48,780,198,1444,26.8,25527,6871,5066,5536,3814,4240,25527,671,2430,3332,23,017,525,3409,1060,235,1221,1727,6475,2345,1184,913,25527,19658,3412,2416,41,22890,1799,1783,3257,3031,3833,4243,2505,1915,255,269,40674,51008,16387,51850,8561,15813,4044,17906,1700,10084,1263,2534,4727,14635,617,532,1603,1835,2746,3232,2076,1539,225,230,49920,59719,21441,8255,23837,32463,24969,40217,31866,57149,50390,34679,24274,6759,11921,474,35516,26478,23834,19904,17516,3101,3930,2644,1616,735,914,1028,9038,7725,3473,5122,1313,-888888888,-888888888,-888888888,-888888888,-888888888,-888888888,-888888888,-888888888,-888888888,-888888888,-888888888,-888888888,-888888888,-888888888,-888888888,-888888888,-888888888,-888888888,-888888888
